Cloudflare Tunnel error | m3u.002397.xyz | Cloudflare





 





                Please enable cookies.
            



Error
1033

Ray ID: a1a64c835986e76c •
2026-07-13 06:40:54 UTC

                        Cloudflare Tunnel error
                    




                            What happened?
                        
You've requested a page on a website (m3u.002397.xyz) that is on the Cloudflare network. The host (m3u.002397.xyz) is configured as a Cloudflare Tunnel,and Cloudflare is currently unable to resolve it.
Cloudflare Tunnel error | m3u.002397.xyz | Cloudflare





 





                Please enable cookies.
            



Error
1033

Ray ID: a1a64c835b7c7067 •
2026-07-13 06:40:54 UTC

                        Cloudflare Tunnel error
                    




                            What happened?
                        
You've requested a page on a website (m3u.002397.xyz) that is on the Cloudflare network. The host (m3u.002397.xyz) is configured as a Cloudflare Tunnel,and Cloudflare is currently unable to resolve it.
Cloudflare Tunnel error | m3u.002397.xyz | Cloudflare





 





                Please enable cookies.
            



Error
1033

Ray ID: a1a64c835fdcdfcf •
2026-07-13 06:40:54 UTC

                        Cloudflare Tunnel error
                    




                            What happened?
                        
You've requested a page on a website (m3u.002397.xyz) that is on the Cloudflare network. The host (m3u.002397.xyz) is configured as a Cloudflare Tunnel,and Cloudflare is currently unable to resolve it.
Cloudflare Tunnel error | m3u.002397.xyz | Cloudflare





 





                Please enable cookies.
            



Error
1033

Ray ID: a1a64c838ea8e600 •
2026-07-13 06:40:54 UTC

                        Cloudflare Tunnel error
                    




                            What happened?
                        
You've requested a page on a website (m3u.002397.xyz) that is on the Cloudflare network. The host (m3u.002397.xyz) is configured as a Cloudflare Tunnel,and Cloudflare is currently unable to resolve it.
延边卫视,http://[2409:8087:8:21::18]:6610/otttv.bj.chinamobile.com/PLTV/88888888/224/3221227045/1.m3u8?GuardEncType=2&accountinfo=%7E%7EV2.0%7Eq0D3NdTUN7FuRzr8eJsbQA%7EtP4-l0lmSfjwLWEfK_el1vH_mv-s1zo4AQJwdedaVwG9xkuFTDg8J26cwOrNJzn20BErrHdLhuZ9EzLUCD3PMW-OMx4MGteHV2vLeW6BqoY%2CEND
康巴卫视,http://[2409:8087:8:21::18]:6610/otttv.bj.chinamobile.com/PLTV/88888888/224/3221227027/1.m3u8?GuardEncType=2&accountinfo=%7E%7EV2.0%7EkHMvBpWz4rccMxNvSRekpQ%7EtP4-l0lmSfjwLWEfK_el1vH_mv-s1zo4AQJwdedaVwG9xkuFTDg8J26cwOrNJzn20BErrHdLhuZ9EzLUCD3PMW-OMx4MGteHV2vLeW6BqoY%2CEND
浙江新闻,https://ali-m-l.cztv.com/channels/lantian/channel007/1080p.m3u8
浙江国际,https://ali-m-l.cztv.com/channels/lantian/channel010/1080p.m3u8
浙江少儿,https://ali-m-l.cztv.com/channels/lantian/channel008/1080p.m3u8
浙江教科,https://ali-m-l.cztv.com/channels/lantian/channel004/1080p.m3u8
之江纪录,https://ali-m-l.cztv.com/channels/lantian/channel012/1080p.m3u8
浙江民生,https://ali-m-l.cztv.com/channels/lantian/channel006/1080p.m3u8
浙江经济,https://ali-m-l.cztv.com/channels/lantian/channel003/1080p.m3u8
浙江钱江,https://ali-m-l.cztv.com/channels/lantian/channel002/1080p.m3u8
内蒙新闻,https://livestream-bt.nmtv.cn/nmtv/2316general.m3u8?txSecret=b4373417a82ed64e52b0982a66da8df2&txTime=771E8800
内蒙经济,https://livestream-bt.nmtv.cn/nmtv/2317general.m3u8?txSecret=112b2c4c872de52b0f37aff6ead63ef0&txTime=771E8800
内蒙少儿,https://livestream-bt.nmtv.cn/nmtv/2318general.m3u8?txSecret=a2c948908728a0733cecbe1fadea23dc&txTime=771E8800
内蒙文体,https://livestream-bt.nmtv.cn/nmtv/2319general.m3u8?txSecret=c7b5c515d2bb6df442492d54955329a3&txTime=771E8800
内蒙农牧,https://livestream-bt.nmtv.cn/nmtv/2320general.m3u8?txSecret=4d368a175afa19737a9f5be10af24fe2&txTime=771E8800
蒙语卫视,https://livestream-bt.nmtv.cn/nmtv/2315general.m3u8?txSecret=4971666599ef9411629213c9a300bf66&txTime=771EF880
蒙语文化,https://livestream-bt.nmtv.cn/nmtv/2321general.m3u8?txSecret=d9d0fd7a252ef56b515c46a2e21830f4&txTime=771E8800
呼市新闻综合,https://livestream-bt.nmtv.cn/nmtv/2331general.m3u8?txSecret=4d7342ca5cd74480526ab6d292247aff&txTime=771E8800
包头新闻综合,https://livestream-bt.nmtv.cn/nmtv/2358general.m3u8?txSecret=98390a77c143a68f0fd64bfe6e181dcb&txTime=771E8800
鄂尔多斯新闻,https://livestream-bt.nmtv.cn/nmtv/2349general.m3u8?txSecret=e44477052aba305cadeea45aaf1c674a&txTime=771E8800
巴彦淖尔新闻,https://livestream-bt.nmtv.cn/nmtv/2348general.m3u8?txSecret=6a4ddce077e41b976fe33619fbef2b30&txTime=771E8800
赤峰新闻综合,https://livestream-bt.nmtv.cn/nmtv/2351general.m3u8?txSecret=8857087aeec2cec44d178a18550fdb8a&txTime=771E8800
乌兰察布新闻,https://livestream-bt.nmtv.cn/nmtv/2354general.m3u8?txSecret=cf5f71d0000862b18f5813607b3dfd5b&txTime=771E8800
CGTN英语,https://0472.org/hls/cgtn.m3u8
CGTN记录,https://0472.org/hls/cgtnd.m3u8
CGTN俄语,https://0472.org/hls/cgtne.m3u8
CGTN法语,https://0472.org/hls/cgtnf.m3u8
CGTN西语,https://0472.org/hls/cgtnx.m3u8
CGTN阿语,https://0472.org/hls/cgtna.m3u8
2026-07-13 12:27:24,https://vd2.bdstatic.com/mda-sctj0f6r4u1bpebc/1080p/cae_h264/1774706523506678171/mda-sctj0f6r4u1bpebc.mp4
www.izbds.com,https://vd2.bdstatic.com/mda-sctj0f6r4u1bpebc/1080p/cae_h264/1774706523506678171/mda-sctj0f6r4u1bpebc.mp4
Page not found · GitHub Pages




404
File not found

        The site configured at this address does not
        contain the requested file.
      

        If this is your site,make sure that the filename case matches the URL
[BD]sony sports ten 1,https://t.freetv.fun/live/sony-sports-ten-1-1.ts
[BD]flix,https://t.freetv.fun/live/flix.m3u8
[BD]meltem tv,https://t.freetv.fun/live/meltem-tv-2-1.m3u8
[HD]浙江民生,https://t.freetv.fun/live/zhe-jiang-min-sheng-1.m3u8
[BD]rt doc,https://t.freetv.fun/live/rt-doc-1.m3u8
[HD]tv 100,https://t.freetv.fun/live/tv-100.m3u8
[BD]cartoon head tv 4,rtmp://vkvsd278.okcdn.ru/playback/13474169039795?stkn=teYFrlCUVUJIuLZBKQ1ImcQWv_fDnIhMXd5HG4rWpAxwu6JoihJenTZ1DOmwOyyp9gA3ALXtyP7K&uid=0&sp=uid,sp&sig=vlibqm4nyu&fromCache=1
[SD]31 канал,https://t.freetv.fun/live/31-kanal.m3u8
[BD]ми україна,https://t.freetv.fun/live/mi-ukraina.m3u8
[HD]ntn 24 horas,https://t.freetv.fun/live/ntn-24-horas.m3u8
[BD]hell's kitchen italy,https://t.freetv.fun/live/hell-s-kitchen-italy.m3u8
[HD]in the kitchen,https://t.freetv.fun/live/in-the-kitchen.m3u8
[BD]hell's kitchen (1080p),https://t.freetv.fun/live/hell-s-kitchen-1080p.m3u8
[BD]news 24 albania,https://t.freetv.fun/live/news-24-albania.m3u8
[SD]24 news,https://t.freetv.fun/live/24-news.m3u8
[BD]russia-24,https://t.freetv.fun/live/russia-24.m3u8
[BD]24 канал,https://t.freetv.fun/live/24-kanal-2.m3u8
[BD]24 канал,https://t.freetv.fun/live/24-kanal-4.m3u8
[SD]2x2,https://t.freetv.fun/live/2x2.m3u8
[SD]2x2,https://t.freetv.fun/live/2x2-1.m3u8
[SD]2x2,https://t.freetv.fun/live/2x2-2.m3u8
[SD]2x2,https://t.freetv.fun/live/2x2-3.m3u8
[SD]2x2,https://t.freetv.fun/live/2x2-4.m3u8
[SD]365 дней тв,https://t.freetv.fun/live/365-dnei-tv.m3u8
[SD]365 дней,https://t.freetv.fun/live/365-dnei-1.m3u8
[SD]058 365 дней тв,https://t.freetv.fun/live/058-365-dnei-tv.m3u8
[BD]latina noticias 24/7,https://t.freetv.fun/live/latina-noticias-24-7.m3u8
[BD]5 Star Max *tv,https://t.freetv.fun/live/5-star-max-tv.ts
[SD]8 канал,https://t.freetv.fun/live/8-kanal.m3u8
[SD]5 канал,https://t.freetv.fun/live/5-kanal.m3u8
[HD]новый канал,https://t.freetv.fun/live/novyi-kanal-1.m3u8
[BD]8 канал україна,https://t.freetv.fun/live/8-kanal-ukraina.m3u8
[BD]новий канал,https://t.freetv.fun/live/novii-kanal-1.m3u8
[SD]пятый канал,https://t.freetv.fun/live/piatyi-kanal-1.m3u8
[SD]8 канал,https://t.freetv.fun/live/8-kanal-1.m3u8
[SD]пятый канал,https://t.freetv.fun/live/piatyi-kanal-2.m3u8
[SD]седьмой канал,https://t.freetv.fun/live/sedmoi-kanal.m3u8
[BD]8TV *tv,https://t.freetv.fun/live/8tv-tv.ts
[VGA]fifa plus,https://t.freetv.fun/live/fifa-plus.m3u8
[BD]kung fu plus,https://t.freetv.fun/live/kung-fu-plus.m3u8
[BD]viju plus megahit,https://t.freetv.fun/live/viju-plus-megahit.m3u8
[SD]auto plus,https://t.freetv.fun/live/auto-plus.m3u8
[HD]mgm plus drive-in,https://t.freetv.fun/live/mgm-plus-drive-in.m3u8
[HD]fifa plus,https://t.freetv.fun/live/fifa-plus-2.m3u8
[HD]fifa plus,https://t.freetv.fun/live/fifa-plus-3.m3u8
[VGA]awe plus,https://t.freetv.fun/live/awe-plus.m3u8
[SD]shopping live,https://t.freetv.fun/live/shopping-live.m3u8
[HD]lotte home shopping,https://t.freetv.fun/live/lotte-home-shopping.m3u8
[HD]a e,https://t.freetv.fun/live/a-e.m3u8
[HD]a e,https://t.freetv.fun/live/a-e-1.m3u8
[HD]a e,https://t.freetv.fun/live/a-e-2.m3u8
[BD]ziggo sport,https://t.freetv.fun/live/ziggo-sport.m3u8
[HD]080 fast sport,https://t.freetv.fun/live/080-fast-sport.m3u8
[VGA]tvs classic sports (360p),https://t.freetv.fun/live/tvs-classic-sports-360p.m3u8
[VGA]aastha bhajan,https://t.freetv.fun/live/aastha-bhajan.m3u8
[HD]news 24,https://t.freetv.fun/live/news-24.m3u8
[HD]abc news live 5,https://t.freetv.fun/live/abc-news-live-5.m3u8
[HD]abc news live 6,https://t.freetv.fun/live/abc-news-live-6.m3u8
[HD]abc news live 2,https://t.freetv.fun/live/abc-news-live-2.m3u8
[HD]abc news live 3,https://t.freetv.fun/live/abc-news-live-3.m3u8
[HD]abc news live 8,https://t.freetv.fun/live/abc-news-live-8.m3u8
[HD]abc news live 9,https://t.freetv.fun/live/abc-news-live-9.m3u8
[HD]abc news live 10,https://t.freetv.fun/live/abc-news-live-10.m3u8
[HD]abc news live 4,https://t.freetv.fun/live/abc-news-live-4.m3u8
[HD]abc news live 1,https://t.freetv.fun/live/abc-news-live-1.m3u8
[HD]abc news live 7,https://t.freetv.fun/live/abc-news-live-7.m3u8
[BD]amc plus,https://t.freetv.fun/live/amc-plus.m3u8
[VGA]abp news,https://t.freetv.fun/live/abp-news.m3u8
[BD]abp news,https://t.freetv.fun/live/abp-news-1.m3u8
[SD]voa tv africa (1080p),https://t.freetv.fun/live/voa-tv-africa-1080p.m3u8
[BD]action24,https://t.freetv.fun/live/action24.m3u8
[BD]sportsman channel,https://t.freetv.fun/live/sportsman-channel.m3u8
[SD]sportsman channel,https://t.freetv.fun/live/sportsman-channel-1.m3u8
[HD]al horreya tv,https://t.freetv.fun/live/al-horreya-tv-1.m3u8
[BD]alb uktv,https://t.freetv.fun/live/alb-uktv.m3u8
[BD]alkass four,https://t.freetv.fun/live/alkass-four-1.m3u8
[BD]alkass three,https://t.freetv.fun/live/alkass-three-1.m3u8
[BD]伊拉克sharqiya news,https://t.freetv.fun/live/yi-la-ke-sharqiya-news.m3u8
[BD]amc,https://t.freetv.fun/live/amc-1.m3u8
[BD]amc,https://t.freetv.fun/live/amc-2.m3u8
[HD]AMC *tv,https://t.freetv.fun/live/amc-tv.ts
[BD]amc thrillers,https://t.freetv.fun/live/amc-thrillers.m3u8
[BD]amc電影,https://t.freetv.fun/live/amcdian-ying-1.php
[BD]amc電影,https://t.freetv.fun/live/amcdian-ying-2.m3u8
[BD]amc电影 *$,https://t.freetv.fun/live/amcdian-ying.m3u8
[HD]amedia hit,https://t.freetv.fun/live/amedia-hit.m3u8
[BD]amedia hit,https://t.freetv.fun/live/amedia-hit-2.m3u8
[SD]amedia hit,https://t.freetv.fun/live/amedia-hit-3.m3u8
[HD]amu tv,https://t.freetv.fun/live/amu-tv.m3u8
[VGA]atomic tv (360p),https://t.freetv.fun/live/atomic-tv-360p.m3u8
[VGA]pmi tv (720p) [not 24/7],https://t.freetv.fun/live/pmi-tv-720p-not-24-7.m3u8
[VGA]anc,https://t.freetv.fun/live/anc.m3u8
[BD]antv,https://t.freetv.fun/live/antv-1.m3u8
[SD]art,https://t.freetv.fun/live/art-1.m3u8
[BD]rtv 1,rtmp://212.200.230.50:1935/RTV/rtv1
[HD]arte 1,https://t.freetv.fun/live/arte-1-1.m3u8
[HD]arte,https://t.freetv.fun/live/arte.m3u8
[BD]arte,https://t.freetv.fun/live/arte-2.m3u8
[HD]artv,https://t.freetv.fun/live/artv.m3u8
[VGA]arabtv,https://t.freetv.fun/live/arabtv.m3u8
[BD]artv,https://t.freetv.fun/live/artv-1.m3u8
[BD]astro aod,https://t.freetv.fun/live/astro-aod.m3u8
[BD]aod,https://t.freetv.fun/live/aod.php
[BD]Astro AOD 311 *tv,https://t.freetv.fun/live/astro-aod-311-tv.ts
[HD]Astro Awani,https://t.freetv.fun/live/astro-awani.m3u8
[HD]Astro Awani *tv,https://t.freetv.fun/live/astro-awani-tv.ts
[BD]Astro Arena 2 *tv,https://t.freetv.fun/live/astro-arena-2-tv.ts
[HD]Astro Aura *tv,https://t.freetv.fun/live/astro-aura-tv.ts
[HD]Astro Ceria *tv,https://t.freetv.fun/live/astro-ceria-tv.ts
[HD]Astro Citra *tv,https://t.freetv.fun/live/astro-citra-tv.ts
[BD]Astro Oasis *tv,https://t.freetv.fun/live/astro-oasis-tv.ts
[BD]prima,https://t.freetv.fun/live/prima.m3u8
[HD]Astro Prima *tv,https://t.freetv.fun/live/astro-prima-tv.ts
[HD]Astro Ria *tv,https://t.freetv.fun/live/astro-ria-tv.ts
[HD]Astro Rania *tv,https://t.freetv.fun/live/astro-rania-tv.ts
[BD]babytv netherlands,https://t.freetv.fun/live/babytv-netherlands.m3u8
[VGA]atv,https://t.freetv.fun/live/atv-7.m3u8
[BD].black,https://t.freetv.fun/live/black.m3u8
[BD]axn,https://t.freetv.fun/live/axn.m3u8
[HD]axn,https://t.freetv.fun/live/axn-1.m3u8
[BD]axn,https://t.freetv.fun/live/axn-2.m3u8
[BD]AXN HD *tv,https://t.freetv.fun/live/axn-hd-tv.ts
[HD]axn movies,https://t.freetv.fun/live/axn-movies.m3u8
[SD]axn black romania,https://t.freetv.fun/live/axn-black-romania.m3u8
[BD]axn cee romania,https://t.freetv.fun/live/axn-cee-romania.m3u8
[SD]axn white,https://t.freetv.fun/live/axn-white.m3u8
[VGA]axn white portugal,https://t.freetv.fun/live/axn-white-portugal.m3u8
[BD]accuweather,https://t.freetv.fun/live/accuweather.m3u8
[BD]accuweather network,https://t.freetv.fun/live/accuweather-network.m3u8
[BD]btv action,https://t.freetv.fun/live/btv-action.m3u8
[HD]rev'n action,https://t.freetv.fun/live/rev-n-action.m3u8
[HD]Action Max *tv,https://t.freetv.fun/live/action-max-tv.ts
[BD]max sport 1,https://t.freetv.fun/live/max-sport-1.m3u8
[HD]agro tv,https://t.freetv.fun/live/agro-tv.m3u8
[BD]agro tv,https://t.freetv.fun/live/agro-tv-2.m3u8
[VGA]agro tv,https://t.freetv.fun/live/agro-tv-3.m3u8
[HD]guaro tv,https://t.freetv.fun/live/guaro-tv.m3u8
[BD]al arabiya العربية,https://t.freetv.fun/live/al-arabiya-l-rby.m3u8
[BD]al iraqiya al 3ama,https://t.freetv.fun/live/al-iraqiya-al-3ama.m3u8
[HD]al janoub tv,https://t.freetv.fun/live/al-janoub-tv.m3u8
[BD]al jazeera,https://t.freetv.fun/live/al-jazeera.m3u8
[BD]al jazeera english,https://t.freetv.fun/live/al-jazeera-english-1.m3u8
[BD]al jazeera english,https://t.freetv.fun/live/al-jazeera-english-2.m3u8
[BD]al jazeera qa,https://t.freetv.fun/live/al-jazeera-qa.m3u8
[BD]al jazeera english,https://t.freetv.fun/live/al-jazeera-english-3.m3u8
[BD]al jazeera mubasher,https://t.freetv.fun/live/al-jazeera-mubasher.m3u8
[BD]al jazeera mubasher,https://t.freetv.fun/live/al-jazeera-mubasher-2.m3u8
[BD]al maghribia,https://t.freetv.fun/live/al-maghribia.m3u8
[BD]al masriyah,https://t.freetv.fun/live/al-masriyah.m3u8
[HD]al-naeem tv,https://t.freetv.fun/live/al-naeem-tv.m3u8
[BD]salem news channel,https://t.freetv.fun/live/salem-news-channel-2.m3u8
[BD]al rayyan qadeem,https://t.freetv.fun/live/al-rayyan-qadeem.m3u8
[VGA]al rayyan,https://t.freetv.fun/live/al-rayyan.m3u8
[BD]al sharqiya,https://t.freetv.fun/live/al-sharqiya.m3u8
[BD]al sharqiya tv,https://t.freetv.fun/live/al-sharqiya-tv.m3u8
[VGA]al sharqiya,https://t.freetv.fun/live/al-sharqiya-2.m3u8
[HD]hallo music,https://t.freetv.fun/live/hallo-music.m3u8
[BD]alkass one,https://t.freetv.fun/live/alkass-one.m3u8
[BD]alkass two,https://t.freetv.fun/live/alkass-two-1.m3u8
[BD]altitude sports,https://t.freetv.fun/live/altitude-sports.m3u8
[HD]armenia premium 6,https://t.freetv.fun/live/armenia-premium-6.m3u8
[SD]amedia premium,https://t.freetv.fun/live/amedia-premium-2.m3u8
[HD]amedia premium,https://t.freetv.fun/live/amedia-premium-4.m3u8
[HD]armenia premium 6,https://t.freetv.fun/live/armenia-premium-6-1.m3u8
[HD]destination america,https://t.freetv.fun/live/destination-america.m3u8
[BD]america tv ᴴᴰ,https://t.freetv.fun/live/america-tv-hd.m3u8
[BD]guangdong tv america,https://t.freetv.fun/live/guangdong-tv-america.m3u8
[BD]american crimes,https://t.freetv.fun/live/american-crimes.m3u8
[BD]great american family,https://t.freetv.fun/live/great-american-family.m3u8
[HD]great american faith living,https://t.freetv.fun/live/great-american-faith-living.m3u8
[HD]great american living,https://t.freetv.fun/live/great-american-living.m3u8
[BD]amozhgary tv,https://t.freetv.fun/live/amozhgary-tv.m3u8
[BD]andorra tv,https://t.freetv.fun/live/andorra-tv.m3u8
[BD]animal planet,https://t.freetv.fun/live/animal-planet.m3u8
[BD]animal planet,https://t.freetv.fun/live/animal-planet-1.m3u8
[BD]animal planet,https://t.freetv.fun/live/animal-planet-2.m3u8
[HD]animal planet,https://t.freetv.fun/live/animal-planet-3.m3u8
[VGA]Animal Planet,https://t.freetv.fun/live/animal-planet-1-1.m3u8
[SD]113 animal planet,https://t.freetv.fun/live/113-animal-planet.m3u8
[HD]cctv-8电视剧,https://t.freetv.fun/live/cctv-8dian-shi-ju.m3u8
[SD]cctv-5体育,https://t.freetv.fun/live/cctv-5ti-yu.m3u8
[SD]cctv-1综合,https://t.freetv.fun/live/cctv-1zong-he-1.m3u8
[BD]cctv-9纪录,https://t.freetv.fun/live/cctv-9ji-lu.m3u8
[SD]cctv-12社会与法,https://t.freetv.fun/live/cctv-12she-hui-yu-fa.m3u8
[VGA]Animax *tv,https://t.freetv.fun/live/animax-tv.ts
[HD]antena 7,https://t.freetv.fun/live/antena-7.m3u8
[BD]ant1 cyprus,https://t.freetv.fun/live/ant1-cyprus.m3u8
[BD]antena sur,https://t.freetv.fun/live/antena-sur.m3u8
[BD]antena sur,https://t.freetv.fun/live/antena-sur-1.m3u8
[BD]latina,https://t.freetv.fun/live/latina-2.m3u8
[BD]haunt tv,https://t.freetv.fun/live/haunt-tv.m3u8
[BD]123 ararat,https://t.freetv.fun/live/123-ararat.m3u8
[BD]arena sport 2,https://t.freetv.fun/live/arena-sport-2-3.m3u8
[BD]arena sport 1,https://t.freetv.fun/live/arena-sport-1-3.m3u8
[BD]arirang radio,https://t.freetv.fun/live/arirang-radio.m3u8
[HD]arirang,https://t.freetv.fun/live/arirang.m3u8
[SD]arirang tv,https://t.freetv.fun/live/arirang-tv.m3u8
[SD]arirang,https://t.freetv.fun/live/arirang-1.m3u8
[BD]arirang radio,https://t.freetv.fun/live/arirang-radio-1.m3u8
[BD]arirang,https://t.freetv.fun/live/arirang-2.m3u8
[HD]arirang tv,https://t.freetv.fun/live/arirang-tv-1.m3u8
[HD]arirang world,https://t.freetv.fun/live/arirang-world-1.m3u8
[BD]arirang,https://t.freetv.fun/live/arirang-3.m3u8
[BD]arirang,https://t.freetv.fun/live/arirang-4.m3u8
[BD]arirang tv un (1080p),https://t.freetv.fun/live/arirang-tv-un-1080p.m3u8
[BD]arirang tv,https://t.freetv.fun/live/arirang-tv-3.m3u8
[BD]usa armenia am,https://t.freetv.fun/live/usa-armenia-am.m3u8
[BD]008 armenia premium,https://t.freetv.fun/live/008-armenia-premium.m3u8
[BD]003 armenia tv,https://t.freetv.fun/live/003-armenia-tv.m3u8
[SD]013 armenia jantv,https://t.freetv.fun/live/013-armenia-jantv.m3u8
[SD]116 armenia tuntunik,https://t.freetv.fun/live/116-armenia-tuntunik.m3u8
[SD]012 armenia comedy,https://t.freetv.fun/live/012-armenia-comedy.m3u8
[BD]010 armenia cineman,https://t.freetv.fun/live/010-armenia-cineman.m3u8
[BD]091 song tv armenia,https://t.freetv.fun/live/091-song-tv-armenia.m3u8
[SD]009 armenia haykino,https://t.freetv.fun/live/009-armenia-haykino.m3u8
[HD]oasis tv,https://t.freetv.fun/live/oasis-tv-1.m3u8
[HD]Astro AEC *tv,https://t.freetv.fun/live/astro-aec-tv.ts
[HD]Astro Arena Bola *tv,https://t.freetv.fun/live/astro-arena-bola-tv.ts
[HD]Astro Arena Bola 2 *tv,https://t.freetv.fun/live/astro-arena-bola-2-tv.ts
[HD]Astro Boo *tv,https://t.freetv.fun/live/astro-boo-tv.ts
[HD]Astro Badminton *tv,https://t.freetv.fun/live/astro-badminton-tv.ts
[HD]Astro Badminton 2 *tv,https://t.freetv.fun/live/astro-badminton-2-tv.ts
[BD]Astro Footbal *tv,https://t.freetv.fun/live/astro-footbal-tv.ts
[HD]Astro Grandstand *tv,https://t.freetv.fun/live/astro-grandstand-tv.ts
[BD]Astro Premier League *tv,https://t.freetv.fun/live/astro-premier-league-tv.ts
[BD]Astro Premier League 2 *tv,https://t.freetv.fun/live/astro-premier-league-2-tv.ts
[HD]Astro QJ *tv,https://t.freetv.fun/live/astro-qj-tv.ts
[BD]astro showcase *tv,https://t.freetv.fun/live/astro-showcase-tv.ts
[BD]Astro Sports Plus *tv,https://t.freetv.fun/live/astro-sports-plus-tv.ts
[BD]astro欢喜,https://t.freetv.fun/live/astrohuan-xi.m3u8
[HD]automotion,https://t.freetv.fun/live/automotion.m3u8
[BD]automotion,https://t.freetv.fun/live/automotion-1.m3u8
[HD]people are awesome,https://t.freetv.fun/live/people-are-awesome.m3u8
[HD]people are awesome,https://t.freetv.fun/live/people-are-awesome-1.m3u8
[BD]people are awesome,https://t.freetv.fun/live/people-are-awesome-3.m3u8
[VGA]azteca 7,https://t.freetv.fun/live/azteca-7.m3u8
[BD]b4u movies,https://t.freetv.fun/live/b4u-movies.m3u8
[SD]b4u music,https://t.freetv.fun/live/b4u-music.m3u8
[BD]bbc alba uk,https://t.freetv.fun/live/bbc-alba-uk.m3u8
[SD]bbc america east,https://t.freetv.fun/live/bbc-america-east.m3u8
[BD]bbc america,https://t.freetv.fun/live/bbc-america-1.m3u8
[BD]bbc arabic,https://t.freetv.fun/live/bbc-arabic.m3u8
[BD]bbc earth,https://t.freetv.fun/live/bbc-earth.m3u8
[BD]bbc earth,https://t.freetv.fun/live/bbc-earth-1.m3u8
[BD]bbc earth,https://t.freetv.fun/live/bbc-earth-2.m3u8
[SD]bbc earth,https://t.freetv.fun/live/bbc-earth-3.m3u8
[BD]bbc four uk,https://t.freetv.fun/live/bbc-four-uk.m3u8
[HD]bbc news,https://t.freetv.fun/live/bbc-news.m3u8
[BD]bbc one uk,https://t.freetv.fun/live/bbc-one-uk.m3u8
[SD]bbc world,https://t.freetv.fun/live/bbc-world.m3u8
[BD]bbs,https://t.freetv.fun/live/bbs.m3u8
[BD]bbs tv,https://t.freetv.fun/live/bbs-tv.m3u8
[BD]bein sport extra ñ,https://t.freetv.fun/live/bein-sport-extra-n.m3u8
[BD]bet,https://t.freetv.fun/live/bet.m3u8
[SD]bfm business,https://t.freetv.fun/live/bfm-business.m3u8
[BD]bfm business,https://t.freetv.fun/live/bfm-business-1.m3u8
[SD]atameken business,https://t.freetv.fun/live/atameken-business.m3u8
[HD]business rockstars,https://t.freetv.fun/live/business-rockstars.m3u8
[SD]bfm tv,https://t.freetv.fun/live/bfm-tv.m3u8
[BD]new brasil,https://t.freetv.fun/live/new-brasil.m3u8
[HD]biz tv,https://t.freetv.fun/live/biz-tv-1.m3u8
[BD]bnt 1,https://t.freetv.fun/live/bnt-1.m3u8
[SD]bnt 2,https://t.freetv.fun/live/bnt-2.m3u8
[SD]bolt,https://t.freetv.fun/live/bolt.m3u8
[BD]bolt,https://t.freetv.fun/live/bolt-1.m3u8
[BD]bolt,https://t.freetv.fun/live/bolt-2.m3u8
[HD]brtv,https://t.freetv.fun/live/brtv-1.m3u8
[BD]btv,https://t.freetv.fun/live/btv-1.m3u8
[BD]buzzr,https://t.freetv.fun/live/buzzr.m3u8
[BD]babyfirst,https://t.freetv.fun/live/babyfirst.m3u8
[BD]babyfirst tv,https://t.freetv.fun/live/babyfirst-tv.m3u8
[HD]baby shark tv,https://t.freetv.fun/live/baby-shark-tv.m3u8
[BD]baby shark tv,https://t.freetv.fun/live/baby-shark-tv-1.m3u8
[SD]balapan,https://t.freetv.fun/live/balapan.m3u8
[BD]band mg,https://t.freetv.fun/live/band-mg.m3u8
[BD]band,https://t.freetv.fun/live/band.m3u8
[BD]bandamax usa,https://t.freetv.fun/live/bandamax-usa.m3u8
[BD]bein sports 2 fr,https://t.freetv.fun/live/bein-sports-2-fr.m3u8
[BD]bein sports 3 fr,https://t.freetv.fun/live/bein-sports-3-fr.m3u8
[BD]bein sports xtra,https://t.freetv.fun/live/bein-sports-xtra.m3u8
[BD]bein sports xtra,https://t.freetv.fun/live/bein-sports-xtra-1.m3u8
[HD]bein sports haber,https://t.freetv.fun/live/bein-sports-haber.m3u8
[VGA]t sports 7,https://t.freetv.fun/live/t-sports-7.m3u8
[BD]sport1,https://t.freetv.fun/live/sport1.m3u8
[HD]buendia tv,https://t.freetv.fun/live/buendia-tv.m3u8
[BD]bergamo tv,https://t.freetv.fun/live/bergamo-tv.m3u8
[BD]bergamo tv,https://t.freetv.fun/live/bergamo-tv-1.m3u8
[HD]bethel tv,https://t.freetv.fun/live/bethel-tv.m3u8
[HD]bethel tv,https://t.freetv.fun/live/bethel-tv-1.m3u8
[VGA]euro tv,https://t.freetv.fun/live/euro-tv.m3u8
[HD]euro tv,https://t.freetv.fun/live/euro-tv-1.m3u8
[BD]bibel tv musik,https://t.freetv.fun/live/bibel-tv-musik-1.m3u8
[BD]billiard tv,https://t.freetv.fun/live/billiard-tv.m3u8
[SD].black,https://t.freetv.fun/live/black-2.m3u8
[SD].black,https://t.freetv.fun/live/black-3.m3u8
[HD]bloomberg,https://t.freetv.fun/live/bloomberg.m3u8
[BD]bloomberg tv plus,https://t.freetv.fun/live/bloomberg-tv-plus.m3u8
[BD]bloomberg tv plus,https://t.freetv.fun/live/bloomberg-tv-plus-1.m3u8
[BD]bloomberg originals,https://t.freetv.fun/live/bloomberg-originals.m3u8
[HD]bloomberg ht,https://t.freetv.fun/live/bloomberg-ht-2.m3u8
[BD]bloomberg originals,https://t.freetv.fun/live/bloomberg-originals-1.m3u8
[BD]bnn bloomberg ca,https://t.freetv.fun/live/bnn-bloomberg-ca.m3u8
[BD]bloomberg tv,https://t.freetv.fun/live/bloomberg-tv-1.m3u8
[BD]bloomberg tv plus,https://t.freetv.fun/live/bloomberg-tv-plus-2.m3u8
[HD]bloomberg tv,https://t.freetv.fun/live/bloomberg-tv-3.m3u8
[SD]bloomberg tv bulgaria,https://t.freetv.fun/live/bloomberg-tv-bulgaria.m3u8
[SD]bloomberg european tv,https://t.freetv.fun/live/bloomberg-european-tv.m3u8
[SD]bloomberg european tv,https://t.freetv.fun/live/bloomberg-european-tv-1.m3u8
[SD]bolajon,https://t.freetv.fun/live/bolajon.m3u8
[SD]bolajon,https://t.freetv.fun/live/bolajon-1.m3u8
[BD]bollywood,https://t.freetv.fun/live/bollywood-2.m3u8
[BD]boomerang,https://t.freetv.fun/live/boomerang.m3u8
[BD]bravo vault,https://t.freetv.fun/live/bravo-vault.m3u8
[HD]bravo,https://t.freetv.fun/live/bravo.m3u8
[BD]bravo,https://t.freetv.fun/live/bravo-1.m3u8
[HD]bravo,https://t.freetv.fun/live/bravo-3.m3u8
[BD]bravo west,https://t.freetv.fun/live/bravo-west.m3u8
[BD]bravo,https://t.freetv.fun/live/bravo-4.m3u8
[BD]bravo west,https://t.freetv.fun/live/bravo-west-1.m3u8
[BD]bravo,https://t.freetv.fun/live/bravo-5.m3u8
[HD]super tv brescia,https://t.freetv.fun/live/super-tv-brescia.m3u8
[SD]bridge hits,https://t.freetv.fun/live/bridge-hits.m3u8
[BD]bridge deluxe,https://t.freetv.fun/live/bridge-deluxe.m3u8
[SD]bridge tv,https://t.freetv.fun/live/bridge-tv.m3u8
[SD]bridge tv,https://t.freetv.fun/live/bridge-tv-1.m3u8
[SD]bridge tv русский хит,https://t.freetv.fun/live/bridge-tv-russkii-khit.m3u8
[SD]bridge tv,https://t.freetv.fun/live/bridge-tv-2.m3u8
[BD]bridge deluxe,https://t.freetv.fun/live/bridge-deluxe-1.m3u8
[SD]bridge,https://t.freetv.fun/live/bridge-1.m3u8
[SD]bridge rock,https://t.freetv.fun/live/bridge-rock-1.m3u8
[SD]107 bridge tv,https://t.freetv.fun/live/107-bridge-tv.m3u8
[SD]bridge hits,https://t.freetv.fun/live/bridge-hits-1.m3u8
[SD]bridge,https://t.freetv.fun/live/bridge-2.m3u8
[SD]bridge classic,https://t.freetv.fun/live/bridge-classic.m3u8
[SD]bridge classic (576p),https://t.freetv.fun/live/bridge-classic-576p.m3u8
[SD]bridge classic,https://t.freetv.fun/live/bridge-classic-2.m3u8
[SD]bridge classic,https://t.freetv.fun/live/bridge-classic-3.m3u8
[SD]euronews bulgaria,https://t.freetv.fun/live/euronews-bulgaria.m3u8
[SD]bulgaria on air,https://t.freetv.fun/live/bulgaria-on-air.m3u8
[HD]cay tv,https://t.freetv.fun/live/cay-tv.m3u8
[BD]香港c plus,https://t.freetv.fun/live/xiang-gang-c-plus.m3u8
[BD]fifa plus his,https://t.freetv.fun/live/fifa-plus-his.m3u8
[HD]иллюзион plus,https://t.freetv.fun/live/illiuzion-plus-1.m3u8
[SD]иллюзион plus,https://t.freetv.fun/live/illiuzion-plus-2.m3u8
[SD]иллюзион plus,https://t.freetv.fun/live/illiuzion-plus-4.m3u8
[SD]иллюзион plus,https://t.freetv.fun/live/illiuzion-plus-5.m3u8
[BD]skytennis plus,https://t.freetv.fun/live/skytennis-plus.php
[BD]c-span,https://t.freetv.fun/live/c-span.m3u8
[BD]c-span 2,https://t.freetv.fun/live/c-span-2.m3u8
[HD]canal 11,https://t.freetv.fun/live/canal-11.m3u8
[HD]canal 11,https://t.freetv.fun/live/canal-11-1.m3u8
[VGA]super canal,https://t.freetv.fun/live/super-canal.m3u8
[BD]catholic tv,https://t.freetv.fun/live/catholic-tv-1.m3u8
[BD]catholic tv,https://t.freetv.fun/live/catholic-tv-1.m3u8
[HD]cbc,https://t.freetv.fun/live/cbc-2.m3u8
[BD]ucayalina de television,https://t.freetv.fun/live/ucayalina-de-television.m3u8
[HD]beverly hills television 10,https://t.freetv.fun/live/beverly-hills-television-10.m3u8
[BD]qatar television 2,https://t.freetv.fun/live/qatar-television-2.m3u8
[HD]globus television,https://t.freetv.fun/live/globus-television.m3u8
[BD]qatar television,https://t.freetv.fun/live/qatar-television.m3u8
[HD]via television,https://t.freetv.fun/live/via-television.m3u8
[BD]monroe county television mctv (monroe county fl) (1080p),https://t.freetv.fun/live/monroe-county-television-mctv-monroe-county-fl-1080p.m3u8
[BD]monte carlo digital television (1080p),https://t.freetv.fun/live/monte-carlo-digital-television-1080p.m3u8
[VGA]beverly hills television 10 (720p),https://t.freetv.fun/live/beverly-hills-television-10-720p.m3u8
[BD]qatar television 2,https://t.freetv.fun/live/qatar-television-2-1.m3u8
[VGA]venezolana de television,https://t.freetv.fun/live/venezolana-de-television.m3u8
[BD]conexion positiva television,https://t.freetv.fun/live/conexion-positiva-television.m3u8
[BD]interactivo television,https://t.freetv.fun/live/interactivo-television.m3u8
[HD]aiquilena radio y television,https://t.freetv.fun/live/aiquilena-radio-y-television.m3u8
[BD]qatar television the holy quran,https://t.freetv.fun/live/qatar-television-the-holy-quran.m3u8
[BD]ucayalina de television,https://t.freetv.fun/live/ucayalina-de-television-1.m3u8
[VGA]retromusica television,https://t.freetv.fun/live/retromusica-television.m3u8
[BD]tc television,https://t.freetv.fun/live/tc-television.m3u8
[BD]qatar television,https://t.freetv.fun/live/qatar-television-1.m3u8
[BD]cinelatino,https://t.freetv.fun/live/cinelatino.m3u8
[BD]cbs,https://t.freetv.fun/live/cbs.m3u8
[HD]mlb network,https://t.freetv.fun/live/mlb-network.m3u8
[HD]sec network,https://t.freetv.fun/live/sec-network.m3u8
[BD]yes network,https://t.freetv.fun/live/yes-network.m3u8
[HD]cbs sports network usa,https://t.freetv.fun/live/cbs-sports-network-usa.m3u8
[HD]mlb network,https://t.freetv.fun/live/mlb-network-1.m3u8
[HD]sec network,https://t.freetv.fun/live/sec-network-1.m3u8
[BD]yes network,https://t.freetv.fun/live/yes-network-1.m3u8
[HD]acc network,https://t.freetv.fun/live/acc-network.m3u8
[BD]cbs 2 new york,https://t.freetv.fun/live/cbs-2-new-york.m3u8
[HD]cbs sports network,https://t.freetv.fun/live/cbs-sports-network.ts
[BD]cctv-8k超高清,https://t.freetv.fun/live/cctv-8kchao-gao-qing.m3u8
[HD]cctv-8k超高清,https://t.freetv.fun/live/cctv-8kchao-gao-qing-1.m3u8
[HD]cctv-8k超高清,https://t.freetv.fun/live/cctv-8kchao-gao-qing-2.m3u8
[HD]cctv-8k超高清,https://t.freetv.fun/live/cctv-8kchao-gao-qing-3.m3u8
[BD]documentary plus,https://t.freetv.fun/live/documentary-plus-1.m3u8
[BD]cctv-11戏曲,https://t.freetv.fun/live/cctv-11xi-qu.m3u8
[BD]cctv-11戏曲,https://t.freetv.fun/live/cctv-11xi-qu-1.m3u8
[BD]cctv-11戏曲,https://t.freetv.fun/live/cctv-11xi-qu-3.m3u8
[SD]cctv-11戏曲,https://t.freetv.fun/live/cctv-11xi-qu-5.m3u8
[SD]cctv-11戏曲,https://t.freetv.fun/live/cctv-11xi-qu-6.m3u8
[SD]cctv-11戏曲,https://t.freetv.fun/live/cctv-11xi-qu-7.m3u8
[BD]cctv-11戏曲,https://t.freetv.fun/live/cctv-11xi-qu-8.m3u8
[BD]cctv-11戏曲,https://t.freetv.fun/live/cctv-11xi-qu-9.m3u8
[HD]cctv1综合,https://t.freetv.fun/live/cctv1zong-he.m3u8
[HD]cctv1综合,https://t.freetv.fun/live/cctv1zong-he-1.m3u8
[HD]cctv-4k超高清,https://t.freetv.fun/live/cctv-4kchao-gao-qing-1.m3u8
[BD]cctv-4k超高清,https://t.freetv.fun/live/cctv-4kchao-gao-qing-2.m3u8
[BD]cctv-4k超高清,https://t.freetv.fun/live/cctv-4kchao-gao-qing-3.m3u8
[BD]cctv-4k超高清,https://t.freetv.fun/live/cctv-4kchao-gao-qing-5.m3u8
[BD]cctv-4k超高清,https://t.freetv.fun/live/cctv-4kchao-gao-qing-7.m3u8
[BD]cctv-4k超高清,https://t.freetv.fun/live/cctv-4kchao-gao-qing-8.m3u8
[SD]cctv1-综合,https://t.freetv.fun/live/cctv1-zong-he-3.m3u8
[BD]cctv-10科教,https://t.freetv.fun/live/cctv-10ke-jiao-1.m3u8
[HD]cctv10科教,https://t.freetv.fun/live/cctv10ke-jiao.m3u8
[HD]cctv10科教,https://t.freetv.fun/live/cctv10ke-jiao-1.m3u8
[BD]cctv-10科教,https://t.freetv.fun/live/cctv-10ke-jiao-2.m3u8
[SD]cctv-10科教,https://t.freetv.fun/live/cctv-10ke-jiao-3.m3u8
[SD]cctv-10科教,https://t.freetv.fun/live/cctv-10ke-jiao-4.m3u8
[BD]cctv-10科教,https://t.freetv.fun/live/cctv-10ke-jiao-6.m3u8
[BD]cctv-10科教,https://t.freetv.fun/live/cctv-10ke-jiao-7.m3u8
[BD]cctv-10科教,https://t.freetv.fun/live/cctv-10ke-jiao-8.m3u8
[BD]cctv-10科教,https://t.freetv.fun/live/cctv-10ke-jiao-9.m3u8
[SD]cctv-10科教,https://t.freetv.fun/live/cctv-10ke-jiao-10.m3u8
[SD]cctv-10科教,https://t.freetv.fun/live/cctv-10ke-jiao-11.m3u8
[HD]cctv11戏曲,https://t.freetv.fun/live/cctv11xi-qu.m3u8
[BD]cctv11-戏曲,https://t.freetv.fun/live/cctv11-xi-qu.m3u8
[HD]cctv11戏曲,https://t.freetv.fun/live/cctv11xi-qu-1.m3u8
[VGA]cctv11-戏曲,https://t.freetv.fun/live/cctv11-xi-qu-1.m3u8
[VGA]cctv11-戏曲,https://t.freetv.fun/live/cctv11-xi-qu-3.m3u8
[HD]cctv13新闻,https://t.freetv.fun/live/cctv13xin-wen.m3u8
[HD]cctv13新闻,https://t.freetv.fun/live/cctv13xin-wen-1.m3u8
[SD]cctv-13新闻,https://t.freetv.fun/live/cctv-13xin-wen-3.m3u8
[SD]cctv-13新闻,https://t.freetv.fun/live/cctv-13xin-wen-4.m3u8
[BD]cctv-13新闻,https://t.freetv.fun/live/cctv-13xin-wen-5.m3u8
[BD]cctv-13新闻,https://t.freetv.fun/live/cctv-13xin-wen-7.m3u8
[BD]cctv-13新闻,https://t.freetv.fun/live/cctv-13xin-wen-8.m3u8
[SD]cctv-13新闻,https://t.freetv.fun/live/cctv-13xin-wen-10.m3u8
[BD]cctv-13新闻,https://t.freetv.fun/live/cctv-13xin-wen-11.m3u8
[SD]cctv-13新闻,https://t.freetv.fun/live/cctv-13xin-wen-12.m3u8
[HD]cctv-14少儿,https://t.freetv.fun/live/cctv-14shao-er.m3u8
[HD]cctv14少儿,https://t.freetv.fun/live/cctv14shao-er.m3u8
[HD]cctv14少儿,https://t.freetv.fun/live/cctv14shao-er-1.m3u8
[BD]cctv14-少儿,https://t.freetv.fun/live/cctv14-shao-er-1.m3u8
[BD]cctv-14少儿,https://t.freetv.fun/live/cctv-14shao-er-1.m3u8
[SD]cctv-14少儿,https://t.freetv.fun/live/cctv-14shao-er-2.m3u8
[SD]cctv-14少儿,https://t.freetv.fun/live/cctv-14shao-er-3.m3u8
[BD]cctv-14少儿,https://t.freetv.fun/live/cctv-14shao-er-4.m3u8
[SD]cctv-14少儿,https://t.freetv.fun/live/cctv-14shao-er-5.m3u8
[SD]cctv-14少儿,https://t.freetv.fun/live/cctv-14shao-er-6.m3u8
[SD]cctv-14少儿,https://t.freetv.fun/live/cctv-14shao-er-7.m3u8
[HD]cctv-14少儿,https://t.freetv.fun/live/cctv-14shao-er-8.m3u8
[SD]cctv-14少儿,https://t.freetv.fun/live/cctv-14shao-er-9.m3u8
[HD]cctv-14少儿,https://t.freetv.fun/live/cctv-14shao-er-10.m3u8
[BD]cctv-14少儿,https://t.freetv.fun/live/cctv-14shao-er-11.m3u8
[VGA]cctv14-少儿,https://t.freetv.fun/live/cctv14-shao-er-4.m3u8
[HD]cctv15音乐,https://t.freetv.fun/live/cctv15yin-le.m3u8
[HD]cctv15音乐,https://t.freetv.fun/live/cctv15yin-le-1.m3u8
[SD]cctv15-音乐,https://t.freetv.fun/live/cctv15-yin-le-1.m3u8
[HD]cctv-15音乐,https://t.freetv.fun/live/cctv-15yin-le.m3u8
[SD]cctv-15音乐,https://t.freetv.fun/live/cctv-15yin-le-1.m3u8
[BD]cctv-15音乐,https://t.freetv.fun/live/cctv-15yin-le-3.m3u8
[SD]cctv-15音乐,https://t.freetv.fun/live/cctv-15yin-le-4.m3u8
[BD]cctv-15音乐,https://t.freetv.fun/live/cctv-15yin-le-5.m3u8
[SD]cctv-15音乐,https://t.freetv.fun/live/cctv-15yin-le-6.m3u8
[SD]cctv-15音乐,https://t.freetv.fun/live/cctv-15yin-le-7.m3u8
[HD]cctv-15音乐,https://t.freetv.fun/live/cctv-15yin-le-10.m3u8
[BD]cctv-15音乐,https://t.freetv.fun/live/cctv-15yin-le-11.m3u8
[BD]cctv22,https://t.freetv.fun/live/cctv22.m3u8
[HD]cctv2财经,https://t.freetv.fun/live/cctv2cai-jing.m3u8
[BD]cctv2-财经,https://t.freetv.fun/live/cctv2-cai-jing.m3u8
[HD]cctv2财经,https://t.freetv.fun/live/cctv2cai-jing-1.m3u8
[VGA]cctv2-财经,https://t.freetv.fun/live/cctv2-cai-jing-1.m3u8
[VGA]cctv2-财经,https://t.freetv.fun/live/cctv2-cai-jing-4.m3u8
[HD]cctv3综艺,https://t.freetv.fun/live/cctv3zong-yi.m3u8
[HD]cctv3综艺,https://t.freetv.fun/live/cctv3zong-yi-1.m3u8
[BD]cctv4k,https://t.freetv.fun/live/cctv4k.m3u8
[HD]cctv4欧洲,https://t.freetv.fun/live/cctv4ou-zhou-1.m3u8
[HD]cctv4美洲,https://t.freetv.fun/live/cctv4mei-zhou-2.m3u8
[HD]cctv4k,https://t.freetv.fun/live/cctv4k-3.m3u8
[BD]cctv-4k高清,https://t.freetv.fun/live/cctv-4kgao-qing.m3u8
[BD]cctv-4k高清,https://t.freetv.fun/live/cctv-4kgao-qing-1.m3u8
[BD]cctv-4k高清,https://t.freetv.fun/live/cctv-4kgao-qing-2.m3u8
[BD]cctv-4k高清,https://t.freetv.fun/live/cctv-4kgao-qing-3.m3u8
[BD]cctv-4k高清,https://t.freetv.fun/live/cctv-4kgao-qing-4.m3u8
[BD]cctv-4k高清,https://t.freetv.fun/live/cctv-4kgao-qing-5.m3u8
[SD]cctv-4中文国际,https://t.freetv.fun/live/cctv-4zhong-wen-guo-ji.m3u8
[BD]cctv-4中文国际,https://t.freetv.fun/live/cctv-4zhong-wen-guo-ji-1.m3u8
[BD]cctv-4中文国际,https://t.freetv.fun/live/cctv-4zhong-wen-guo-ji-2.m3u8
[SD]cctv-4中文国际,https://t.freetv.fun/live/cctv-4zhong-wen-guo-ji-3.m3u8
[HD]cctv-4中文国际,https://t.freetv.fun/live/cctv-4zhong-wen-guo-ji-4.m3u8
[SD]cctv-4中文国际,https://t.freetv.fun/live/cctv-4zhong-wen-guo-ji-5.m3u8
[SD]cctv-4中文国际,https://t.freetv.fun/live/cctv-4zhong-wen-guo-ji-6.m3u8
[SD]cctv-4中文国际,https://t.freetv.fun/live/cctv-4zhong-wen-guo-ji-7.m3u8
[BD]cctv-4中文国际,https://t.freetv.fun/live/cctv-4zhong-wen-guo-ji-9.m3u8
[BD]cctv-4中文国际,https://t.freetv.fun/live/cctv-4zhong-wen-guo-ji-10.m3u8
[BD]cctv-4中文国际,https://t.freetv.fun/live/cctv-4zhong-wen-guo-ji-11.m3u8
[HD]cctv4中文国际,https://t.freetv.fun/live/cctv4zhong-wen-guo-ji.m3u8
[HD]cctv4中文国际,https://t.freetv.fun/live/cctv4zhong-wen-guo-ji-1.m3u8
[BD]cctv-4 中文国际,https://t.freetv.fun/live/cctv-4-zhong-wen-guo-ji.m3u8
[BD]cctv-4 中文国际,https://t.freetv.fun/live/cctv-4-zhong-wen-guo-ji-1.m3u8
[BD]cctv-4 中文国际,https://t.freetv.fun/live/cctv-4-zhong-wen-guo-ji-2.m3u8
[BD]cctv-4 中文国际,https://t.freetv.fun/live/cctv-4-zhong-wen-guo-ji-3.m3u8
[BD]cctv-4 中文国际,https://t.freetv.fun/live/cctv-4-zhong-wen-guo-ji-4.m3u8
[BD]cctv-4 中文国际,https://t.freetv.fun/live/cctv-4-zhong-wen-guo-ji-6.m3u8
[BD]cctv52,https://t.freetv.fun/live/cctv52.m3u8
[HD]cctv5体育,https://t.freetv.fun/live/cctv5ti-yu.m3u8
[HD]cctv5体育,https://t.freetv.fun/live/cctv5ti-yu-1.m3u8
[BD]cctv-5 plus体育赛事,https://t.freetv.fun/live/cctv-5-plusti-yu-sai-shi.m3u8
[HD]cctv5 plus体育赛事,https://t.freetv.fun/live/cctv5-plusti-yu-sai-shi.m3u8
[BD]cctv-5 plus体育赛事,https://t.freetv.fun/live/cctv-5-plusti-yu-sai-shi-1.m3u8
[HD]cctv5 plus体育赛事,https://t.freetv.fun/live/cctv5-plusti-yu-sai-shi-1.m3u8
[BD]cctv-5 plus体育赛事,https://t.freetv.fun/live/cctv-5-plusti-yu-sai-shi-2.m3u8
[BD]cctv-5 plus体育赛事,https://t.freetv.fun/live/cctv-5-plusti-yu-sai-shi-3.m3u8
[HD]cctv6电影,https://t.freetv.fun/live/cctv6dian-ying.m3u8
[HD]cctv6电影,https://t.freetv.fun/live/cctv6dian-ying-1.m3u8
[BD]cctv6-电影,https://t.freetv.fun/live/cctv6-dian-ying-1.m3u8
[VGA]cctv6-电影,https://t.freetv.fun/live/cctv6-dian-ying-2.m3u8
[HD]cctv-4k超高清,https://t.freetv.fun/live/cctv-4kchao-gao-qing.m3u8
[HD]cctv9纪录,https://t.freetv.fun/live/cctv9ji-lu.m3u8
[HD]cctv9纪录,https://t.freetv.fun/live/cctv9ji-lu-1.m3u8
[BD]cctv第一剧场,https://t.freetv.fun/live/cctvdi-yi-ju-chang-2.m3u8
[BD]cctv-第一剧场,https://t.freetv.fun/live/cctv-di-yi-ju-chang.m3u8
[BD]cctv-第一剧场,https://t.freetv.fun/live/cctv-di-yi-ju-chang-1.m3u8
[BD]cctv-第一剧场,https://t.freetv.fun/live/cctv-di-yi-ju-chang-2.m3u8
[VGA]cctv-第一剧场,https://t.freetv.fun/live/cctv-di-yi-ju-chang-3.m3u8
[BD]cctv-第一剧场,https://t.freetv.fun/live/cctv-di-yi-ju-chang-4.m3u8
[BD]cctv-第一剧场,https://t.freetv.fun/live/cctv-di-yi-ju-chang-5.m3u8
[HD]cctv-第一剧场,https://t.freetv.fun/live/cctv-di-yi-ju-chang-6.m3u8
[BD]cctv第一剧场-,https://t.freetv.fun/live/cctvdi-yi-ju-chang.m3u8
[BD]cctv-风云足球,https://t.freetv.fun/live/cctv-feng-yun-zu-qiu.m3u8
[BD]cctv-风云足球,https://t.freetv.fun/live/cctv-feng-yun-zu-qiu-1.m3u8
[BD]cctv-风云足球,https://t.freetv.fun/live/cctv-feng-yun-zu-qiu-2.m3u8
[BD]cctv-风云足球,https://t.freetv.fun/live/cctv-feng-yun-zu-qiu-3.m3u8
[BD]cctv-风云足球,https://t.freetv.fun/live/cctv-feng-yun-zu-qiu-4.m3u8
[HD]cctv-风云足球,https://t.freetv.fun/live/cctv-feng-yun-zu-qiu-5.m3u8
[BD]cctv风云足球-,https://t.freetv.fun/live/cctvfeng-yun-zu-qiu.m3u8
[BD]cctv-风云音乐,https://t.freetv.fun/live/cctv-feng-yun-yin-le.m3u8
[BD]cctv-风云音乐,https://t.freetv.fun/live/cctv-feng-yun-yin-le-1.m3u8
[BD]cctv-风云音乐,https://t.freetv.fun/live/cctv-feng-yun-yin-le-2.m3u8
[BD]cctv-风云音乐,https://t.freetv.fun/live/cctv-feng-yun-yin-le-3.m3u8
[BD]cctv-风云音乐,https://t.freetv.fun/live/cctv-feng-yun-yin-le-4.m3u8
[HD]cctv-风云音乐,https://t.freetv.fun/live/cctv-feng-yun-yin-le-5.m3u8
[BD]cctv风云音乐-,https://t.freetv.fun/live/cctvfeng-yun-yin-le.m3u8
[HD]espn deportes,https://t.freetv.fun/live/espn-deportes.m3u8
[BD]cctv-4k超高清,https://t.freetv.fun/live/cctv-4kchao-gao-qing-9.m3u8
[HD]cctv-4k超高清,https://t.freetv.fun/live/cctv-4kchao-gao-qing-10.m3u8
[HD]cgtn,https://t.freetv.fun/live/cgtn-1.m3u8
[BD]cgtn documentary,https://t.freetv.fun/live/cgtn-documentary.m3u8
[BD]cgtn documentary,https://t.freetv.fun/live/cgtn-documentary-1.m3u8
[BD]cgtn documentary,https://t.freetv.fun/live/cgtn-documentary-2.m3u8
[BD]sony sports ten 1,https://t.freetv.fun/live/sony-sports-ten-1-1.ts
[BD]documentary plus,https://t.freetv.fun/live/documentary-plus.m3u8
[BD]flix,https://t.freetv.fun/live/flix.m3u8
[BD]meltem tv,https://t.freetv.fun/live/meltem-tv-2-1.m3u8
[SD]cgtn documentary (1080p),https://t.freetv.fun/live/cgtn-documentary-1080p.m3u8
[HD]浙江民生,https://t.freetv.fun/live/zhe-jiang-min-sheng-1.m3u8
[BD]cgtn-español,https://t.freetv.fun/live/cgtn-espanol.m3u8
[BD]rt doc,https://t.freetv.fun/live/rt-doc-1.m3u8
[BD]cgtn français,https://t.freetv.fun/live/cgtn-francais.m3u8
[HD]tv 100,https://t.freetv.fun/live/tv-100.m3u8
[VGA]cgtn français,https://t.freetv.fun/live/cgtn-francais-2.m3u8
[BD]cartoon head tv 4,rtmp://vkvsd278.okcdn.ru/playback/13474169039795?stkn=teYFrlCUVUJIuLZBKQ1ImcQWv_fDnIhMXd5HG4rWpAxwu6JoihJenTZ1DOmwOyyp9gA3ALXtyP7K&uid=0&sp=uid,sp&sig=vlibqm4nyu&fromCache=1
[BD]cgtn русский,https://t.freetv.fun/live/cgtn-russkii-1.m3u8
[SD]31 канал,https://t.freetv.fun/live/31-kanal.m3u8
[BD]cgtn法语,https://t.freetv.fun/live/cgtnfa-yu.m3u8
[BD]ми україна,https://t.freetv.fun/live/mi-ukraina.m3u8
[HD]cgtn纪录,https://t.freetv.fun/live/cgtnji-lu.m3u8
[BD]hell's kitchen italy,https://t.freetv.fun/live/hell-s-kitchen-italy.m3u8
[BD]cgtn,https://t.freetv.fun/live/cgtn-1.m3u8
[HD]in the kitchen,https://t.freetv.fun/live/in-the-kitchen.m3u8
[HD]cgtn纪录,https://t.freetv.fun/live/cgtnji-lu-1.m3u8
[BD]hell's kitchen (1080p),https://t.freetv.fun/live/hell-s-kitchen-1080p.m3u8
[BD]cgtn西语,https://t.freetv.fun/live/cgtnxi-yu.m3u8
[BD]news 24 albania,https://t.freetv.fun/live/news-24-albania.m3u8
[BD]cgtn阿语,https://t.freetv.fun/live/cgtna-yu.m3u8
[SD]24 news,https://t.freetv.fun/live/24-news.m3u8
[BD]cgtn法语,https://t.freetv.fun/live/cgtnfa-yu-1.m3u8
[BD]russia-24,https://t.freetv.fun/live/russia-24.m3u8
[BD]cgtn俄语,https://t.freetv.fun/live/cgtne-yu.m3u8
[BD]24 канал,https://t.freetv.fun/live/24-kanal-2.m3u8
[VGA]cgtn法语,https://t.freetv.fun/live/cgtnfa-yu-2.m3u8
[BD]24 канал,https://t.freetv.fun/live/24-kanal-4.m3u8
[BD]cgtn西语,https://t.freetv.fun/live/cgtnxi-yu-1.m3u8
[SD]2x2,https://t.freetv.fun/live/2x2.m3u8
[BD]cgtn阿语,https://t.freetv.fun/live/cgtna-yu-1.m3u8
[SD]2x2,https://t.freetv.fun/live/2x2-1.m3u8
[HD]cgtn,https://t.freetv.fun/live/cgtn-3.m3u8
[SD]2x2,https://t.freetv.fun/live/2x2-2.m3u8
[SD]cgtn,https://t.freetv.fun/live/cgtn-4.m3u8
[SD]2x2,https://t.freetv.fun/live/2x2-3.m3u8
[BD]cgtn,https://t.freetv.fun/live/cgtn-6.m3u8
[SD]2x2,https://t.freetv.fun/live/2x2-4.m3u8
[SD]cgtn,https://t.freetv.fun/live/cgtn-7.m3u8
[SD]365 дней тв,https://t.freetv.fun/live/365-dnei-tv.m3u8
[BD]cgtn,https://t.freetv.fun/live/cgtn-8.m3u8
[SD]365 дней,https://t.freetv.fun/live/365-dnei-1.m3u8
[BD]cgtn俄语,https://t.freetv.fun/live/cgtne-yu-3.m3u8
[SD]058 365 дней тв,https://t.freetv.fun/live/058-365-dnei-tv.m3u8
[BD]cgtn法语,https://t.freetv.fun/live/cgtnfa-yu-3.m3u8
[BD]latina noticias 24/7,https://t.freetv.fun/live/latina-noticias-24-7.m3u8
[BD]cgtn法语,https://t.freetv.fun/live/cgtnfa-yu-4.m3u8
[BD]5 Star Max *tv,https://t.freetv.fun/live/5-star-max-tv.ts
[VGA]cgtn,https://t.freetv.fun/live/cgtn-10.m3u8
[SD]8 канал,https://t.freetv.fun/live/8-kanal.m3u8
[VGA]cgtn俄语,https://t.freetv.fun/live/cgtne-yu-4.m3u8
[SD]5 канал,https://t.freetv.fun/live/5-kanal.m3u8
[SD]cgtn新闻,https://t.freetv.fun/live/cgtnxin-wen.m3u8
[HD]новый канал,https://t.freetv.fun/live/novyi-kanal-1.m3u8
[SD]cgtn新闻,https://t.freetv.fun/live/cgtnxin-wen-1.m3u8
[BD]8 канал україна,https://t.freetv.fun/live/8-kanal-ukraina.m3u8
[SD]cgtn新闻,https://t.freetv.fun/live/cgtnxin-wen-2.m3u8
[BD]новий канал,https://t.freetv.fun/live/novii-kanal-1.m3u8
[BD]cgtn法语,https://t.freetv.fun/live/cgtnfa-yu-6.m3u8
[SD]пятый канал,https://t.freetv.fun/live/piatyi-kanal-1.m3u8
[BD]cgtn新闻,https://t.freetv.fun/live/cgtnxin-wen-3.m3u8
[SD]8 канал,https://t.freetv.fun/live/8-kanal-1.m3u8
[SD]cgtn新闻,https://t.freetv.fun/live/cgtnxin-wen-5.m3u8
[SD]пятый канал,https://t.freetv.fun/live/piatyi-kanal-2.m3u8
[HD]cgtn,https://t.freetv.fun/live/cgtn-15.m3u8
[SD]седьмой канал,https://t.freetv.fun/live/sedmoi-kanal.m3u8
[BD]cgtn财经,https://t.freetv.fun/live/cgtncai-jing.m3u8
[BD]8TV *tv,https://t.freetv.fun/live/8tv-tv.ts
[BD]cgtn r,https://t.freetv.fun/live/cgtn-r.m3u8
[VGA]fifa plus,https://t.freetv.fun/live/fifa-plus.m3u8
[BD]test channel 3,https://t.freetv.fun/live/test-channel-3.m3u8
[BD]kung fu plus,https://t.freetv.fun/live/kung-fu-plus.m3u8
[BD]tennis channel,https://t.freetv.fun/live/tennis-channel.m3u8
[BD]viju plus megahit,https://t.freetv.fun/live/viju-plus-megahit.m3u8
[HD]light channel,https://t.freetv.fun/live/light-channel.m3u8
[SD]auto plus,https://t.freetv.fun/live/auto-plus.m3u8
[HD]light channel,https://t.freetv.fun/live/light-channel-1.m3u8
[HD]mgm plus drive-in,https://t.freetv.fun/live/mgm-plus-drive-in.m3u8
[BD]magna channel,https://t.freetv.fun/live/magna-channel.m3u8
[VGA]awe plus,https://t.freetv.fun/live/awe-plus.m3u8
[BD]channel y,https://t.freetv.fun/live/channel-y.m3u8
[SD]shopping live,https://t.freetv.fun/live/shopping-live.m3u8
[BD]pursuit channel,https://t.freetv.fun/live/pursuit-channel.m3u8
[HD]lotte home shopping,https://t.freetv.fun/live/lotte-home-shopping.m3u8
[HD]channel 11,https://t.freetv.fun/live/channel-11.m3u8
[HD]a e,https://t.freetv.fun/live/a-e.m3u8
[HD]xplore channel,https://t.freetv.fun/live/xplore-channel.m3u8
[HD]a e,https://t.freetv.fun/live/a-e-2.m3u8
[HD]kurd channel,https://t.freetv.fun/live/kurd-channel.m3u8
[BD]ziggo sport,https://t.freetv.fun/live/ziggo-sport.m3u8
[HD]chile channel (720p),https://t.freetv.fun/live/chile-channel-720p.m3u8
[HD]080 fast sport,https://t.freetv.fun/live/080-fast-sport.m3u8
[BD]nascar channel,https://t.freetv.fun/live/nascar-channel.m3u8
[VGA]tvs classic sports (360p),https://t.freetv.fun/live/tvs-classic-sports-360p.m3u8
[BD]motogp channel,https://t.freetv.fun/live/motogp-channel.m3u8
[VGA]aastha bhajan,https://t.freetv.fun/live/aastha-bhajan.m3u8
[BD]the lego channel,https://t.freetv.fun/live/the-lego-channel-1.m3u8
[HD]news 24,https://t.freetv.fun/live/news-24.m3u8
[VGA]channel 18 gac,https://t.freetv.fun/live/channel-18-gac.m3u8
[HD]abc news live 5,https://t.freetv.fun/live/abc-news-live-5.m3u8
[BD]cci channel,https://t.freetv.fun/live/cci-channel.m3u8
[HD]abc news live 6,https://t.freetv.fun/live/abc-news-live-6.m3u8
[HD]bek channel,https://t.freetv.fun/live/bek-channel.m3u8
[HD]abc news live 2,https://t.freetv.fun/live/abc-news-live-2.m3u8
[BD]china channel,https://t.freetv.fun/live/china-channel.m3u8
[HD]abc news live 3,https://t.freetv.fun/live/abc-news-live-3.m3u8
[BD]r channel,https://t.freetv.fun/live/r-channel.m3u8
[HD]abc news live 8,https://t.freetv.fun/live/abc-news-live-8.m3u8
[BD]dmoda channel,https://t.freetv.fun/live/dmoda-channel.m3u8
[HD]abc news live 9,https://t.freetv.fun/live/abc-news-live-9.m3u8
[BD]soccer channel,https://t.freetv.fun/live/soccer-channel.m3u8
[HD]abc news live 10,https://t.freetv.fun/live/abc-news-live-10.m3u8
[BD]chc动作电影,https://t.freetv.fun/live/chcdong-zuo-dian-ying.m3u8
[HD]abc news live 4,https://t.freetv.fun/live/abc-news-live-4.m3u8
[BD]chc动作电影,https://t.freetv.fun/live/chcdong-zuo-dian-ying-2.m3u8
[HD]abc news live 1,https://t.freetv.fun/live/abc-news-live-1.m3u8
[BD]chc动作电影,https://t.freetv.fun/live/chcdong-zuo-dian-ying-3.m3u8
[HD]abc news live 7,https://t.freetv.fun/live/abc-news-live-7.m3u8
[BD]chc动作电影,https://t.freetv.fun/live/chcdong-zuo-dian-ying-6.m3u8
[BD]amc plus,https://t.freetv.fun/live/amc-plus.m3u8
[BD]chc动作电影,https://t.freetv.fun/live/chcdong-zuo-dian-ying-7.m3u8
[VGA]abp news,https://t.freetv.fun/live/abp-news.m3u8
[HD]chc动作电影,https://t.freetv.fun/live/chcdong-zuo-dian-ying-1.m3u8
[BD]abp news,https://t.freetv.fun/live/abp-news-1.m3u8
[BD]chc动作电影,https://t.freetv.fun/live/chcdong-zuo-dian-ying-5.m3u8
[SD]voa tv africa (1080p),https://t.freetv.fun/live/voa-tv-africa-1080p.m3u8
[HD]CHC动作电影 *$,https://t.freetv.fun/live/chcdong-zuo-dian-ying-4.m3u8
[BD]action24,https://t.freetv.fun/live/action24.m3u8
[BD]chc家庭影院,https://t.freetv.fun/live/chcjia-ting-ying-yuan-1.m3u8
[BD]sportsman channel,https://t.freetv.fun/live/sportsman-channel.m3u8
[BD]chc家庭影院,https://t.freetv.fun/live/chcjia-ting-ying-yuan-2.m3u8
[SD]sportsman channel,https://t.freetv.fun/live/sportsman-channel-1.m3u8
[BD]chc家庭影院,https://t.freetv.fun/live/chcjia-ting-ying-yuan-4.m3u8
[HD]al horreya tv,https://t.freetv.fun/live/al-horreya-tv-1.m3u8
[BD]chc家庭影院,https://t.freetv.fun/live/chcjia-ting-ying-yuan-5.m3u8
[BD]alb uktv,https://t.freetv.fun/live/alb-uktv.m3u8
[BD]chc家庭影院,https://t.freetv.fun/live/chcjia-ting-ying-yuan.m3u8
[BD]alkass four,https://t.freetv.fun/live/alkass-four-1.m3u8
[BD]chc家庭影院,https://t.freetv.fun/live/chcjia-ting-ying-yuan-3.m3u8
[BD]alkass three,https://t.freetv.fun/live/alkass-three-1.m3u8
[BD]chc家庭影院,https://t.freetv.fun/live/chcjia-ting-ying-yuan-6.m3u8
[BD]伊拉克sharqiya news,https://t.freetv.fun/live/yi-la-ke-sharqiya-news.m3u8
[HD]CHC家庭影院 *$,https://t.freetv.fun/live/chcjia-ting-ying-yuan-7.m3u8
[BD]amc,https://t.freetv.fun/live/amc-1.m3u8
[HD]chc影迷电影,https://t.freetv.fun/live/chcying-mi-dian-ying.m3u8
[BD]amc,https://t.freetv.fun/live/amc-2.m3u8
[BD]chc影迷电影,https://t.freetv.fun/live/chcying-mi-dian-ying-6.m3u8
[HD]AMC *tv,https://t.freetv.fun/live/amc-tv.ts
[HD]chc影迷电影,https://t.freetv.fun/live/chcying-mi-dian-ying-1.m3u8
[BD]amc电影 *$,https://t.freetv.fun/live/amcdian-ying.m3u8
[BD]chc影迷电影,https://t.freetv.fun/live/chcying-mi-dian-ying-3.m3u8
[HD]amedia hit,https://t.freetv.fun/live/amedia-hit.m3u8
[BD]chc影迷电影,https://t.freetv.fun/live/chcying-mi-dian-ying-4.m3u8
[BD]amedia hit,https://t.freetv.fun/live/amedia-hit-2.m3u8
[BD]chc影迷电影,https://t.freetv.fun/live/chcying-mi-dian-ying-5.m3u8
[SD]amedia hit,https://t.freetv.fun/live/amedia-hit-3.m3u8
[BD]chc影迷电影,https://t.freetv.fun/live/chcying-mi-dian-ying-7.m3u8
[HD]amu tv,https://t.freetv.fun/live/amu-tv.m3u8
[BD]chc影迷电影,https://t.freetv.fun/live/chcying-mi-dian-ying-8.m3u8
[VGA]atomic tv (360p),https://t.freetv.fun/live/atomic-tv-360p.m3u8
[BD]cinecanal south,https://t.freetv.fun/live/cinecanal-south.m3u8
[VGA]pmi tv (720p) [not 24/7],https://t.freetv.fun/live/pmi-tv-720p-not-24-7.m3u8
[BD]cinecanal pacific,https://t.freetv.fun/live/cinecanal-pacific.m3u8
[VGA]anc,https://t.freetv.fun/live/anc.m3u8
[BD]stingray classica,https://t.freetv.fun/live/stingray-classica.m3u8
[BD]antv,https://t.freetv.fun/live/antv-1.m3u8
[SD]stingray classica (1080p),https://t.freetv.fun/live/stingray-classica-1080p.m3u8
[SD]art,https://t.freetv.fun/live/art-1.m3u8
[BD]msg plus,https://t.freetv.fun/live/msg-plus.m3u8
[BD]rtv 1,rtmp://212.200.230.50:1935/RTV/rtv1
[HD]mgm plus,https://t.freetv.fun/live/mgm-plus.m3u8
[HD]arte 1,https://t.freetv.fun/live/arte-1-1.m3u8
[HD]mgm plus,https://t.freetv.fun/live/mgm-plus-1.m3u8
[HD]arte,https://t.freetv.fun/live/arte.m3u8
[HD]4music,https://t.freetv.fun/live/4music.m3u8
[BD]arte,https://t.freetv.fun/live/arte-2.m3u8
[HD]cnn brasil,https://t.freetv.fun/live/cnn-brasil.m3u8
[HD]artv,https://t.freetv.fun/live/artv.m3u8
[BD]cnn brasil,https://t.freetv.fun/live/cnn-brasil-2.m3u8
[VGA]arabtv,https://t.freetv.fun/live/arabtv.m3u8
[BD]cna,https://t.freetv.fun/live/cna.m3u8
[BD]artv,https://t.freetv.fun/live/artv-1.m3u8
[BD]cna *$,https://t.freetv.fun/live/cna-1.m3u8
[BD]astro aod,https://t.freetv.fun/live/astro-aod.m3u8
[BD]cnbc arabia,https://t.freetv.fun/live/cnbc-arabia.m3u8
[BD]aod,https://t.freetv.fun/live/aod.php
[VGA]cnbc arabiya,https://t.freetv.fun/live/cnbc-arabiya.m3u8
[BD]Astro AOD 311 *tv,https://t.freetv.fun/live/astro-aod-311-tv.ts
[HD]cnbc world,https://t.freetv.fun/live/cnbc-world-1.m3u8
[HD]Astro Awani,https://t.freetv.fun/live/astro-awani.m3u8
[BD]cnbc,https://t.freetv.fun/live/cnbc.m3u8
[HD]Astro Awani *tv,https://t.freetv.fun/live/astro-awani-tv.ts
[BD]cnbc,https://t.freetv.fun/live/cnbc-1.m3u8
[BD]Astro Arena 2 *tv,https://t.freetv.fun/live/astro-arena-2-tv.ts
[BD]cnbc,https://t.freetv.fun/live/cnbc-2.m3u8
[HD]Astro Aura *tv,https://t.freetv.fun/live/astro-aura-tv.ts
[HD]cnbc,https://t.freetv.fun/live/cnbc-3.m3u8
[HD]Astro Ceria *tv,https://t.freetv.fun/live/astro-ceria-tv.ts
[BD]cnbc,https://t.freetv.fun/live/cnbc-4.m3u8
[HD]Astro Citra *tv,https://t.freetv.fun/live/astro-citra-tv.ts
[HD]cnn,https://t.freetv.fun/live/cnn.m3u8
[BD]Astro Oasis *tv,https://t.freetv.fun/live/astro-oasis-tv.ts
[BD]cnn,https://t.freetv.fun/live/cnn-1.m3u8
[BD]prima,https://t.freetv.fun/live/prima.m3u8
[SD]cnn,https://t.freetv.fun/live/cnn-3.m3u8
[HD]Astro Prima *tv,https://t.freetv.fun/live/astro-prima-tv.ts
[BD]cnn,https://t.freetv.fun/live/cnn-6.m3u8
[HD]Astro Ria *tv,https://t.freetv.fun/live/astro-ria-tv.ts
[BD]hln,https://t.freetv.fun/live/hln.m3u8
[HD]Astro Rania *tv,https://t.freetv.fun/live/astro-rania-tv.ts
[HD]cnn indonesia,https://t.freetv.fun/live/cnn-indonesia.m3u8
[BD]babytv netherlands,https://t.freetv.fun/live/babytv-netherlands.m3u8
[HD]cnbc indonesia,https://t.freetv.fun/live/cnbc-indonesia-2.m3u8
[VGA]atv,https://t.freetv.fun/live/atv-7.m3u8
[HD]cnbc indonesia,https://t.freetv.fun/live/cnbc-indonesia-3.m3u8
[BD].black,https://t.freetv.fun/live/black.m3u8
[HD]cnn indonesia,https://t.freetv.fun/live/cnn-indonesia-3.m3u8
[BD]axn,https://t.freetv.fun/live/axn.m3u8
[BD]cnn en español,https://t.freetv.fun/live/cnn-en-espanol.m3u8
[HD]axn,https://t.freetv.fun/live/axn-1.m3u8
[BD]beyblade en español,https://t.freetv.fun/live/beyblade-en-espanol.m3u8
[BD]axn,https://t.freetv.fun/live/axn-2.m3u8
[BD]cn卡通,https://t.freetv.fun/live/cnqia-tong.m3u8
[BD]AXN HD *tv,https://t.freetv.fun/live/axn-hd-tv.ts
[BD]crtv,https://t.freetv.fun/live/crtv.m3u8
[HD]axn movies,https://t.freetv.fun/live/axn-movies.m3u8
[SD]117 ctc love,https://t.freetv.fun/live/117-ctc-love.m3u8
[SD]axn black romania,https://t.freetv.fun/live/axn-black-romania.m3u8
[SD]actv,https://t.freetv.fun/live/actv.m3u8
[BD]axn cee romania,https://t.freetv.fun/live/axn-cee-romania.m3u8
[BD]ctv ca,https://t.freetv.fun/live/ctv-ca.m3u8
[SD]axn white,https://t.freetv.fun/live/axn-white.m3u8
[HD]ctv drama channel,https://t.freetv.fun/live/ctv-drama-channel.m3u8
[VGA]axn white portugal,https://t.freetv.fun/live/axn-white-portugal.m3u8
[BD]ctv drama channel ca,https://t.freetv.fun/live/ctv-drama-channel-ca.m3u8
[BD]accuweather,https://t.freetv.fun/live/accuweather.m3u8
[BD]cbn news channel,https://t.freetv.fun/live/cbn-news-channel.m3u8
[BD]accuweather network,https://t.freetv.fun/live/accuweather-network.m3u8
[BD]ctv news channel ca,https://t.freetv.fun/live/ctv-news-channel-ca.m3u8
[BD]btv action,https://t.freetv.fun/live/btv-action.m3u8
[HD]cw,https://t.freetv.fun/live/cw.m3u8
[HD]Action Max *tv,https://t.freetv.fun/live/action-max-tv.ts
[HD]cablenoticias,https://t.freetv.fun/live/cablenoticias.m3u8
[BD]max sport 1,https://t.freetv.fun/live/max-sport-1.m3u8
[BD]california music channel,https://t.freetv.fun/live/california-music-channel.m3u8
[HD]agro tv,https://t.freetv.fun/live/agro-tv.m3u8
[HD]canal 10,https://t.freetv.fun/live/canal-10.m3u8
[BD]agro tv,https://t.freetv.fun/live/agro-tv-2.m3u8
[HD]canal 12,https://t.freetv.fun/live/canal-12.m3u8
[VGA]agro tv,https://t.freetv.fun/live/agro-tv-3.m3u8
[HD]canal 2,https://t.freetv.fun/live/canal-2.m3u8
[HD]guaro tv,https://t.freetv.fun/live/guaro-tv.m3u8
[BD]canal 26,https://t.freetv.fun/live/canal-26.m3u8
[BD]al arabiya العربية,https://t.freetv.fun/live/al-arabiya-l-rby.m3u8
[VGA]canal 26,https://t.freetv.fun/live/canal-26-1.m3u8
[BD]al iraqiya al 3ama,https://t.freetv.fun/live/al-iraqiya-al-3ama.m3u8
[BD]canal 4,https://t.freetv.fun/live/canal-4.m3u8
[HD]al janoub tv,https://t.freetv.fun/live/al-janoub-tv.m3u8
[HD]canal 4,https://t.freetv.fun/live/canal-4-1.m3u8
[BD]al jazeera,https://t.freetv.fun/live/al-jazeera.m3u8
[BD]canal 5,https://t.freetv.fun/live/canal-5.m3u8
[BD]al jazeera english,https://t.freetv.fun/live/al-jazeera-english-1.m3u8
[BD]canal 6,https://t.freetv.fun/live/canal-6.m3u8
[BD]al jazeera qa,https://t.freetv.fun/live/al-jazeera-qa.m3u8
[HD]canal 6,https://t.freetv.fun/live/canal-6-1.m3u8
[BD]al jazeera english,https://t.freetv.fun/live/al-jazeera-english-3.m3u8
[HD]canal 8,https://t.freetv.fun/live/canal-8.m3u8
[BD]al jazeera mubasher,https://t.freetv.fun/live/al-jazeera-mubasher.m3u8
[HD]canal futura,https://t.freetv.fun/live/canal-futura.m3u8
[BD]al jazeera mubasher,https://t.freetv.fun/live/al-jazeera-mubasher-2.m3u8
[HD]canal motor,https://t.freetv.fun/live/canal-motor.m3u8
[BD]al maghribia,https://t.freetv.fun/live/al-maghribia.m3u8
[BD]canal san roque,https://t.freetv.fun/live/canal-san-roque.m3u8
[BD]al masriyah,https://t.freetv.fun/live/al-masriyah.m3u8
[HD]canal 56,https://t.freetv.fun/live/canal-56-1.m3u8
[HD]al-naeem tv,https://t.freetv.fun/live/al-naeem-tv.m3u8
[BD]canal catorce,https://t.freetv.fun/live/canal-catorce.m3u8
[BD]salem news channel,https://t.freetv.fun/live/salem-news-channel-2.m3u8
[HD]canal gov,https://t.freetv.fun/live/canal-gov.m3u8
[BD]al rayyan qadeem,https://t.freetv.fun/live/al-rayyan-qadeem.m3u8
[HD]canal motor,https://t.freetv.fun/live/canal-motor-1.m3u8
[VGA]al rayyan,https://t.freetv.fun/live/al-rayyan.m3u8
[HD]canal ipe,https://t.freetv.fun/live/canal-ipe.m3u8
[BD]al sharqiya,https://t.freetv.fun/live/al-sharqiya.m3u8
[BD]canal i,https://t.freetv.fun/live/canal-i.m3u8
[BD]al sharqiya tv,https://t.freetv.fun/live/al-sharqiya-tv.m3u8
[BD]canal j,https://t.freetv.fun/live/canal-j.m3u8
[VGA]al sharqiya,https://t.freetv.fun/live/al-sharqiya-2.m3u8
[BD]canal rcn,https://t.freetv.fun/live/canal-rcn.m3u8
[HD]hallo music,https://t.freetv.fun/live/hallo-music.m3u8
[HD]canal rural,https://t.freetv.fun/live/canal-rural.m3u8
[BD]alkass one,https://t.freetv.fun/live/alkass-one.m3u8
[BD]canal rural,https://t.freetv.fun/live/canal-rural-2.m3u8
[BD]alkass two,https://t.freetv.fun/live/alkass-two-1.m3u8
[BD]telesur,https://t.freetv.fun/live/telesur.m3u8
[BD]altitude sports,https://t.freetv.fun/live/altitude-sports.m3u8
[VGA]telesur ᴴᴰ,https://t.freetv.fun/live/telesur-hd.m3u8
[HD]armenia premium 6,https://t.freetv.fun/live/armenia-premium-6.m3u8
[HD]canal a1 ᴴᴰ,https://t.freetv.fun/live/canal-a1-hd.m3u8
[SD]amedia premium,https://t.freetv.fun/live/amedia-premium-2.m3u8
[BD]canal goat,https://t.freetv.fun/live/canal-goat.m3u8
[HD]amedia premium,https://t.freetv.fun/live/amedia-premium-4.m3u8
[HD]am canal,https://t.freetv.fun/live/am-canal.m3u8
[HD]armenia premium 6,https://t.freetv.fun/live/armenia-premium-6-1.m3u8
[BD]canal do boi,https://t.freetv.fun/live/canal-do-boi.m3u8
[HD]destination america,https://t.freetv.fun/live/destination-america.m3u8
[BD]canal congreso,https://t.freetv.fun/live/canal-congreso.m3u8
[BD]guangdong tv america,https://t.freetv.fun/live/guangdong-tv-america.m3u8
[VGA]tvo canal 23,https://t.freetv.fun/live/tvo-canal-23.m3u8
[BD]american crimes,https://t.freetv.fun/live/american-crimes.m3u8
[HD]agro canal,https://t.freetv.fun/live/agro-canal.m3u8
[BD]great american family,https://t.freetv.fun/live/great-american-family.m3u8
[BD]canal plus sport 5,https://t.freetv.fun/live/canal-plus-sport-5.m3u8
[HD]great american faith living,https://t.freetv.fun/live/great-american-faith-living.m3u8
[BD]canal plus sport 2,https://t.freetv.fun/live/canal-plus-sport-2-1.m3u8
[HD]great american living,https://t.freetv.fun/live/great-american-living.m3u8
[HD]canal plus cinemas,https://t.freetv.fun/live/canal-plus-cinemas.m3u8
[BD]amozhgary tv,https://t.freetv.fun/live/amozhgary-tv.m3u8
[BD]canal plus film pl,https://t.freetv.fun/live/canal-plus-film-pl.m3u8
[BD]andorra tv,https://t.freetv.fun/live/andorra-tv.m3u8
[BD]canal plus fr,https://t.freetv.fun/live/canal-plus-fr.m3u8
[BD]animal planet,https://t.freetv.fun/live/animal-planet.m3u8
[BD]canal plus sport 360 fr,https://t.freetv.fun/live/canal-plus-sport-360-fr.m3u8
[BD]animal planet,https://t.freetv.fun/live/animal-planet-1.m3u8
[BD]canal plus sport 2 pl,https://t.freetv.fun/live/canal-plus-sport-2-pl.m3u8
[BD]animal planet,https://t.freetv.fun/live/animal-planet-2.m3u8
[BD]canal plus sport fr,https://t.freetv.fun/live/canal-plus-sport-fr.m3u8
[HD]animal planet,https://t.freetv.fun/live/animal-planet-3.m3u8
[BD]canal plus sport 3,https://t.freetv.fun/live/canal-plus-sport-3.m3u8
[VGA]Animal Planet,https://t.freetv.fun/live/animal-planet-1-1.m3u8
[BD]canal plus sport 4,https://t.freetv.fun/live/canal-plus-sport-4.m3u8
[SD]113 animal planet,https://t.freetv.fun/live/113-animal-planet.m3u8
[BD]canal plus sport 2,https://t.freetv.fun/live/canal-plus-sport-2.m3u8
[HD]cctv-8电视剧,https://t.freetv.fun/live/cctv-8dian-shi-ju.m3u8
[BD]canal plus sport,https://t.freetv.fun/live/canal-plus-sport.m3u8
[SD]cctv-5体育,https://t.freetv.fun/live/cctv-5ti-yu.m3u8
[BD]canal plus sport,https://t.freetv.fun/live/canal-plus-sport-1.m3u8
[SD]cctv-1综合,https://t.freetv.fun/live/cctv-1zong-he-1.m3u8
[BD]canale 5 au3,https://t.freetv.fun/live/canale-5-au3.m3u8
[BD]cctv-9纪录,https://t.freetv.fun/live/cctv-9ji-lu.m3u8
[BD]canale 5 au2,https://t.freetv.fun/live/canale-5-au2.m3u8
[SD]cctv-12社会与法,https://t.freetv.fun/live/cctv-12she-hui-yu-fa.m3u8
[BD]canale 5 au1,https://t.freetv.fun/live/canale-5-au1.m3u8
[VGA]Animax *tv,https://t.freetv.fun/live/animax-tv.ts
[BD]canale 5 au,https://t.freetv.fun/live/canale-5-au.m3u8
[HD]antena 7,https://t.freetv.fun/live/antena-7.m3u8
[BD]canale 5,https://t.freetv.fun/live/canale-5.m3u8
[BD]ant1 cyprus,https://t.freetv.fun/live/ant1-cyprus.m3u8
[HD]canale 7,https://t.freetv.fun/live/canale-7.m3u8
[BD]antena sur,https://t.freetv.fun/live/antena-sur.m3u8
[HD]canale 7,https://t.freetv.fun/live/canale-7-1.m3u8
[BD]antena sur,https://t.freetv.fun/live/antena-sur-1.m3u8
[HD]50 canale,https://t.freetv.fun/live/50-canale.m3u8
[BD]latina,https://t.freetv.fun/live/latina-2.m3u8
[BD]campus tv,https://t.freetv.fun/live/campus-tv.m3u8
[BD]haunt tv,https://t.freetv.fun/live/haunt-tv.m3u8
[VGA]campus tv,https://t.freetv.fun/live/campus-tv-1.m3u8
[BD]123 ararat,https://t.freetv.fun/live/123-ararat.m3u8
[BD]caracol tv,https://t.freetv.fun/live/caracol-tv.m3u8
[BD]arena sport 2,https://t.freetv.fun/live/arena-sport-2-3.m3u8
[BD]caracol 2,https://t.freetv.fun/live/caracol-2.m3u8
[BD]arena sport 1,https://t.freetv.fun/live/arena-sport-1-3.m3u8
[BD]cartoon network,https://t.freetv.fun/live/cartoon-network-1.m3u8
[BD]arirang radio,https://t.freetv.fun/live/arirang-radio.m3u8
[HD]cartoon network,https://t.freetv.fun/live/cartoon-network-2.m3u8
[HD]arirang,https://t.freetv.fun/live/arirang.m3u8
[HD]cartoon network,https://t.freetv.fun/live/cartoon-network-3.m3u8
[SD]arirang tv,https://t.freetv.fun/live/arirang-tv.m3u8
[VGA]cartoonito,https://t.freetv.fun/live/cartoonito.m3u8
[SD]arirang,https://t.freetv.fun/live/arirang-1.m3u8
[BD]central tv,https://t.freetv.fun/live/central-tv.m3u8
[BD]arirang radio,https://t.freetv.fun/live/arirang-radio-1.m3u8
[VGA]cetelmón tv,https://t.freetv.fun/live/cetelmon-tv.m3u8
[BD]arirang,https://t.freetv.fun/live/arirang-2.m3u8
[HD]reshet 13,https://t.freetv.fun/live/reshet-13-1.m3u8
[HD]arirang tv,https://t.freetv.fun/live/arirang-tv-1.m3u8
[BD]channel 4 uk,https://t.freetv.fun/live/channel-4-uk.m3u8
[HD]arirang world,https://t.freetv.fun/live/arirang-world-1.m3u8
[BD]channel 5,https://t.freetv.fun/live/channel-5.m3u8
[BD]arirang,https://t.freetv.fun/live/arirang-3.m3u8
[BD]channel 5,https://t.freetv.fun/live/channel-5-1.m3u8
[BD]arirang,https://t.freetv.fun/live/arirang-4.m3u8
[BD]channel 8,https://t.freetv.fun/live/channel-8.m3u8
[BD]arirang tv un (1080p),https://t.freetv.fun/live/arirang-tv-un-1080p.m3u8
[SD]channel 8,https://t.freetv.fun/live/channel-8-1.m3u8
[BD]arirang tv,https://t.freetv.fun/live/arirang-tv-3.m3u8
[BD]channel 8,https://t.freetv.fun/live/channel-8-3.m3u8
[BD]usa armenia am,https://t.freetv.fun/live/usa-armenia-am.m3u8
[SD]channel one plus 8,https://t.freetv.fun/live/channel-one-plus-8.m3u8
[BD]008 armenia premium,https://t.freetv.fun/live/008-armenia-premium.m3u8
[BD]channel 9,https://t.freetv.fun/live/channel-9.m3u8
[BD]003 armenia tv,https://t.freetv.fun/live/003-armenia-tv.m3u8
[BD]channel 9,https://t.freetv.fun/live/channel-9-1.m3u8
[SD]013 armenia jantv,https://t.freetv.fun/live/013-armenia-jantv.m3u8
[BD]one channel,https://t.freetv.fun/live/one-channel.m3u8
[SD]116 armenia tuntunik,https://t.freetv.fun/live/116-armenia-tuntunik.m3u8
[BD]chef tv,https://t.freetv.fun/live/chef-tv.m3u8
[SD]012 armenia comedy,https://t.freetv.fun/live/012-armenia-comedy.m3u8
[BD]christian youth channel,https://t.freetv.fun/live/christian-youth-channel.m3u8
[BD]010 armenia cineman,https://t.freetv.fun/live/010-armenia-cineman.m3u8
[VGA]christian youth channel (cyc) (1080p),https://t.freetv.fun/live/christian-youth-channel-cyc-1080p.m3u8
[BD]091 song tv armenia,https://t.freetv.fun/live/091-song-tv-armenia.m3u8
[BD]cielo,https://t.freetv.fun/live/cielo.m3u8
[SD]009 armenia haykino,https://t.freetv.fun/live/009-armenia-haykino.m3u8
[BD]cine plus frisson,https://t.freetv.fun/live/cine-plus-frisson.m3u8
[HD]oasis tv,https://t.freetv.fun/live/oasis-tv-1.m3u8
[BD]cine plus hit,https://t.freetv.fun/live/cine-plus-hit.m3u8
[HD]Astro AEC *tv,https://t.freetv.fun/live/astro-aec-tv.ts
[BD]cine plus,https://t.freetv.fun/live/cine-plus.m3u8
[HD]Astro Arena Bola *tv,https://t.freetv.fun/live/astro-arena-bola-tv.ts
[SD]cine plus classic,https://t.freetv.fun/live/cine-plus-classic.m3u8
[HD]Astro Arena Bola 2 *tv,https://t.freetv.fun/live/astro-arena-bola-2-tv.ts
[BD]ciné plus classic fr,https://t.freetv.fun/live/cine-plus-classic-fr.m3u8
[HD]Astro Boo *tv,https://t.freetv.fun/live/astro-boo-tv.ts
[BD]ciné plus emotion fr,https://t.freetv.fun/live/cine-plus-emotion-fr.m3u8
[HD]Astro Badminton *tv,https://t.freetv.fun/live/astro-badminton-tv.ts
[BD]classic cinema,https://t.freetv.fun/live/classic-cinema.m3u8
[HD]Astro Badminton 2 *tv,https://t.freetv.fun/live/astro-badminton-2-tv.ts
[BD]alpha cinema,https://t.freetv.fun/live/alpha-cinema.m3u8
[BD]Astro Footbal *tv,https://t.freetv.fun/live/astro-footbal-tv.ts
[SD]70s cinema,https://t.freetv.fun/live/70s-cinema.m3u8
[HD]Astro Grandstand *tv,https://t.freetv.fun/live/astro-grandstand-tv.ts
[SD]black cinema,https://t.freetv.fun/live/black-cinema.m3u8
[BD]Astro Premier League *tv,https://t.freetv.fun/live/astro-premier-league-tv.ts
[VGA]classic cinema (240p) [not 24/7],https://t.freetv.fun/live/classic-cinema-240p-not-24-7.m3u8
[BD]Astro Premier League 2 *tv,https://t.freetv.fun/live/astro-premier-league-2-tv.ts
[BD]btv cinema,https://t.freetv.fun/live/btv-cinema.m3u8
[HD]Astro QJ *tv,https://t.freetv.fun/live/astro-qj-tv.ts
[VGA]classic cinema,https://t.freetv.fun/live/classic-cinema-1.m3u8
[BD]astro showcase *tv,https://t.freetv.fun/live/astro-showcase-tv.ts
[BD]silk way cinema kz,https://t.freetv.fun/live/silk-way-cinema-kz.m3u8
[BD]Astro Sports Plus *tv,https://t.freetv.fun/live/astro-sports-plus-tv.ts
[BD]joj cinema,https://t.freetv.fun/live/joj-cinema.php
[BD]astro欢喜,https://t.freetv.fun/live/astrohuan-xi.m3u8
[HD]biz cinema,https://t.freetv.fun/live/biz-cinema.m3u8
[HD]automotion,https://t.freetv.fun/live/automotion.m3u8
[BD]alpha cinema,https://t.freetv.fun/live/alpha-cinema-1.m3u8
[VGA]azteca 7,https://t.freetv.fun/live/azteca-7.m3u8
[BD]cinemaworld,https://t.freetv.fun/live/cinemaworld-1.php
[SD]b4u music,https://t.freetv.fun/live/b4u-music.m3u8
[BD]cinemaworld,https://t.freetv.fun/live/cinemaworld-2.m3u8
[BD]bbc alba uk,https://t.freetv.fun/live/bbc-alba-uk.m3u8
[HD]CinemaWorld *$,https://t.freetv.fun/live/cinemaworld.m3u8
[SD]bbc america east,https://t.freetv.fun/live/bbc-america-east.m3u8
[BD]cinemax,https://t.freetv.fun/live/cinemax.m3u8
[BD]bbc america,https://t.freetv.fun/live/bbc-america-1.m3u8
[BD]cinemax,https://t.freetv.fun/live/cinemax-1.m3u8
[BD]bbc arabic,https://t.freetv.fun/live/bbc-arabic.m3u8
[HD]cinemax,https://t.freetv.fun/live/cinemax-3.ts
[BD]bbc earth,https://t.freetv.fun/live/bbc-earth.m3u8
[BD]cinemax,https://t.freetv.fun/live/cinemax-5.m3u8
[BD]bbc earth,https://t.freetv.fun/live/bbc-earth-1.m3u8
[SD]cinemax经典,https://t.freetv.fun/live/cinemaxjing-dian.m3u8
[BD]bbc earth,https://t.freetv.fun/live/bbc-earth-2.m3u8
[BD]cinemax精选,https://t.freetv.fun/live/cinemaxjing-xuan.m3u8
[SD]bbc earth,https://t.freetv.fun/live/bbc-earth-3.m3u8
[SD]city tv,https://t.freetv.fun/live/city-tv.m3u8
[BD]bbc four uk,https://t.freetv.fun/live/bbc-four-uk.m3u8
[VGA]tvs classic movies (288p),https://t.freetv.fun/live/tvs-classic-movies-288p.m3u8
[HD]bbc news,https://t.freetv.fun/live/bbc-news.m3u8
[BD]comedy central,https://t.freetv.fun/live/comedy-central.m3u8
[BD]bbc one uk,https://t.freetv.fun/live/bbc-one-uk.m3u8
[BD]comedy central,https://t.freetv.fun/live/comedy-central-1.m3u8
[SD]bbc world,https://t.freetv.fun/live/bbc-world.m3u8
[BD]comedy central,https://t.freetv.fun/live/comedy-central-2.m3u8
[BD]bbs,https://t.freetv.fun/live/bbs.m3u8
[SD]comedy central,https://t.freetv.fun/live/comedy-central-3.m3u8
[BD]bbs tv,https://t.freetv.fun/live/bbs-tv.m3u8
[BD]cosmo,https://t.freetv.fun/live/cosmo.m3u8
[BD]bein sport extra ñ,https://t.freetv.fun/live/bein-sport-extra-n.m3u8
[BD]ortb tv,https://t.freetv.fun/live/ortb-tv.m3u8
[BD]bet,https://t.freetv.fun/live/bet.m3u8
[HD]crime plus investigation,https://t.freetv.fun/live/crime-plus-investigation.m3u8
[SD]bfm business,https://t.freetv.fun/live/bfm-business.m3u8
[SD]crime plus investigation cee,https://t.freetv.fun/live/crime-plus-investigation-cee.m3u8
[BD]bfm business,https://t.freetv.fun/live/bfm-business-1.m3u8
[HD]cozi tv,https://t.freetv.fun/live/cozi-tv.m3u8
[SD]atameken business,https://t.freetv.fun/live/atameken-business.m3u8
[BD]cozi tv,https://t.freetv.fun/live/cozi-tv-1.m3u8
[HD]business rockstars,https://t.freetv.fun/live/business-rockstars.m3u8
[BD]dazn ringside,https://t.freetv.fun/live/dazn-ringside.m3u8
[SD]bfm tv,https://t.freetv.fun/live/bfm-tv.m3u8
[HD]dazn1,rtmp://f13h.mine.nu/sat/tv731
[BD]new brasil,https://t.freetv.fun/live/new-brasil.m3u8
[HD]dazn 1 pt,https://t.freetv.fun/live/dazn-1-pt.m3u8
[HD]biz tv,https://t.freetv.fun/live/biz-tv-1.m3u8
[SD]dazn 5 pt,https://t.freetv.fun/live/dazn-5-pt.m3u8
[BD]bnt 1,https://t.freetv.fun/live/bnt-1.m3u8
[VGA]dazn 3 pt,https://t.freetv.fun/live/dazn-3-pt.m3u8
[SD]bnt 2,https://t.freetv.fun/live/bnt-2.m3u8
[BD]dazn 5,https://t.freetv.fun/live/dazn-5.m3u8
[BD]bolt,https://t.freetv.fun/live/bolt-1.m3u8
[BD]dd national,https://t.freetv.fun/live/dd-national.m3u8
[BD]bolt,https://t.freetv.fun/live/bolt-2.m3u8
[BD]dd national,https://t.freetv.fun/live/dd-national-1.m3u8
[HD]brtv,https://t.freetv.fun/live/brtv-1.m3u8
[BD]deejay tv,https://t.freetv.fun/live/deejay-tv.m3u8
[BD]btv,https://t.freetv.fun/live/btv-1.m3u8
[BD]deejay tv,https://t.freetv.fun/live/deejay-tv-1.m3u8
[BD]buzzr,https://t.freetv.fun/live/buzzr.m3u8
[BD]deutsche welle,https://t.freetv.fun/live/deutsche-welle.m3u8
[BD]babyfirst,https://t.freetv.fun/live/babyfirst.m3u8
[HD]dieu tv,https://t.freetv.fun/live/dieu-tv.m3u8
[BD]babyfirst tv,https://t.freetv.fun/live/babyfirst-tv.m3u8
[BD]digi sport 3,https://t.freetv.fun/live/digi-sport-3.m3u8
[SD]balapan,https://t.freetv.fun/live/balapan.m3u8
[BD]digi sport 4,https://t.freetv.fun/live/digi-sport-4.m3u8
[BD]band mg,https://t.freetv.fun/live/band-mg.m3u8
[VGA]Discovery Channel,https://t.freetv.fun/live/discovery-channel-1-1.m3u8
[BD]band,https://t.freetv.fun/live/band.m3u8
[HD]discovery world,https://t.freetv.fun/live/discovery-world.m3u8
[BD]bandamax usa,https://t.freetv.fun/live/bandamax-usa.m3u8
[BD]discovery turbo italy,https://t.freetv.fun/live/discovery-turbo-italy.m3u8
[BD]bein sports 2 fr,https://t.freetv.fun/live/bein-sports-2-fr.m3u8
[BD]vision latina network,https://t.freetv.fun/live/vision-latina-network.m3u8
[BD]bein sports 3 fr,https://t.freetv.fun/live/bein-sports-3-fr.m3u8
[HD]ning tv,https://t.freetv.fun/live/ning-tv.m3u8
[BD]bein sports xtra,https://t.freetv.fun/live/bein-sports-xtra.m3u8
[BD]dmax,https://t.freetv.fun/live/dmax-1.m3u8
[BD]bein sports xtra,https://t.freetv.fun/live/bein-sports-xtra-1.m3u8
[BD]sport2,https://t.freetv.fun/live/sport2.m3u8
[HD]bein sports haber,https://t.freetv.fun/live/bein-sports-haber.m3u8
[HD]dunya news,https://t.freetv.fun/live/dunya-news.m3u8
[VGA]t sports 7,https://t.freetv.fun/live/t-sports-7.m3u8
[BD]dw english,https://t.freetv.fun/live/dw-english.m3u8
[BD]sport1,https://t.freetv.fun/live/sport1.m3u8
[BD]telesur english,https://t.freetv.fun/live/telesur-english.m3u8
[HD]buendia tv,https://t.freetv.fun/live/buendia-tv.m3u8
[HD]africanews english,https://t.freetv.fun/live/africanews-english.m3u8
[BD]bergamo tv,https://t.freetv.fun/live/bergamo-tv.m3u8
[HD]3abn english,https://t.freetv.fun/live/3abn-english.m3u8
[BD]bergamo tv,https://t.freetv.fun/live/bergamo-tv-1.m3u8
[BD]dw english,https://t.freetv.fun/live/dw-english-2.m3u8
[HD]bethel tv,https://t.freetv.fun/live/bethel-tv.m3u8
[VGA]telesur english,https://t.freetv.fun/live/telesur-english-2.m3u8
[HD]bethel tv,https://t.freetv.fun/live/bethel-tv-1.m3u8
[BD]english class,https://t.freetv.fun/live/english-class.m3u8
[VGA]euro tv,https://t.freetv.fun/live/euro-tv.m3u8
[HD]西班牙dw español ⓢ,https://t.freetv.fun/live/xi-ban-ya-dw-espanol-s.m3u8
[HD]euro tv,https://t.freetv.fun/live/euro-tv-1.m3u8
[BD]amc latin america,https://t.freetv.fun/live/amc-latin-america.m3u8
[BD]bibel tv musik,https://t.freetv.fun/live/bibel-tv-musik-1.m3u8
[HD]mtv latin america,https://t.freetv.fun/live/mtv-latin-america.m3u8
[BD]billiard tv,https://t.freetv.fun/live/billiard-tv.m3u8
[BD]axn latin america,https://t.freetv.fun/live/axn-latin-america.m3u8
[SD].black,https://t.freetv.fun/live/black-2.m3u8
[BD]axn latin america,https://t.freetv.fun/live/axn-latin-america-1.m3u8
[SD].black,https://t.freetv.fun/live/black-3.m3u8
[BD]amc latin america,https://t.freetv.fun/live/amc-latin-america-1.m3u8
[HD]bloomberg,https://t.freetv.fun/live/bloomberg.m3u8
[SD]bbc news europe,https://t.freetv.fun/live/bbc-news-europe.m3u8
[HD]bloomberg ht,https://t.freetv.fun/live/bloomberg-ht-2.m3u8
[SD]da vinci,https://t.freetv.fun/live/da-vinci.m3u8
[BD]bnn bloomberg ca,https://t.freetv.fun/live/bnn-bloomberg-ca.m3u8
[SD]da vinci,https://t.freetv.fun/live/da-vinci-2.m3u8
[BD]bloomberg tv,https://t.freetv.fun/live/bloomberg-tv-1.m3u8
[HD]daai tv,https://t.freetv.fun/live/daai-tv.m3u8
[HD]bloomberg tv,https://t.freetv.fun/live/bloomberg-tv-3.m3u8
[BD]das erste,https://t.freetv.fun/live/das-erste.m3u8
[SD]bloomberg tv bulgaria,https://t.freetv.fun/live/bloomberg-tv-bulgaria.m3u8
[BD]das erste,https://t.freetv.fun/live/das-erste-3.m3u8
[SD]bloomberg european tv,https://t.freetv.fun/live/bloomberg-european-tv.m3u8
[VGA]delta tv,https://t.freetv.fun/live/delta-tv-3.m3u8
[SD]bloomberg european tv,https://t.freetv.fun/live/bloomberg-european-tv-1.m3u8
[SD]diema,https://t.freetv.fun/live/diema-1.m3u8
[SD]bolajon,https://t.freetv.fun/live/bolajon.m3u8
[BD]discovery channel,https://t.freetv.fun/live/discovery-channel.m3u8
[SD]bolajon,https://t.freetv.fun/live/bolajon-1.m3u8
[BD]discovery channel,https://t.freetv.fun/live/discovery-channel-1.m3u8
[BD]bollywood,https://t.freetv.fun/live/bollywood-2.m3u8
[BD]discovery family channel,https://t.freetv.fun/live/discovery-family-channel-1.m3u8
[BD]boomerang,https://t.freetv.fun/live/boomerang.m3u8
[SD]118 discovery channel,https://t.freetv.fun/live/118-discovery-channel.m3u8
[BD]bravo vault,https://t.freetv.fun/live/bravo-vault.m3u8
[HD]discovery kids,https://t.freetv.fun/live/discovery-kids.m3u8
[BD]bravo,https://t.freetv.fun/live/bravo-1.m3u8
[HD]discovery kids,https://t.freetv.fun/live/discovery-kids-1.m3u8
[HD]bravo,https://t.freetv.fun/live/bravo-3.m3u8
[HD]discovery life,https://t.freetv.fun/live/discovery-life-1.m3u8
[BD]bravo west,https://t.freetv.fun/live/bravo-west.m3u8
[VGA]discovery science,https://t.freetv.fun/live/discovery-science.m3u8
[BD]bravo,https://t.freetv.fun/live/bravo-4.m3u8
[BD]science,https://t.freetv.fun/live/science.m3u8
[BD]bravo west,https://t.freetv.fun/live/bravo-west-1.m3u8
[HD]discovery turbo,https://t.freetv.fun/live/discovery-turbo.m3u8
[BD]bravo,https://t.freetv.fun/live/bravo-5.m3u8
[VGA]discovery turbo,https://t.freetv.fun/live/discovery-turbo-1.m3u8
[HD]super tv brescia,https://t.freetv.fun/live/super-tv-brescia.m3u8
[BD]turbo,https://t.freetv.fun/live/turbo.m3u8
[SD]bridge hits,https://t.freetv.fun/live/bridge-hits.m3u8
[BD]discovery,https://t.freetv.fun/live/discovery.m3u8
[BD]bridge deluxe,https://t.freetv.fun/live/bridge-deluxe.m3u8
[HD]discovery id,https://t.freetv.fun/live/discovery-id.m3u8
[SD]bridge tv,https://t.freetv.fun/live/bridge-tv.m3u8
[HD]discovery h h,https://t.freetv.fun/live/discovery-h-h.m3u8
[SD]bridge tv,https://t.freetv.fun/live/bridge-tv-1.m3u8
[HD]Disney Channel *tv,https://t.freetv.fun/live/disney-channel-tv.ts
[SD]bridge tv русский хит,https://t.freetv.fun/live/bridge-tv-russkii-khit.m3u8
[HD]disney channel east,https://t.freetv.fun/live/disney-channel-east.m3u8
[SD]bridge tv,https://t.freetv.fun/live/bridge-tv-2.m3u8
[BD]disney channel,https://t.freetv.fun/live/disney-channel.m3u8
[BD]bridge deluxe,https://t.freetv.fun/live/bridge-deluxe-1.m3u8
[SD]disney channel,https://t.freetv.fun/live/disney-channel-2.m3u8
[SD]bridge,https://t.freetv.fun/live/bridge-1.m3u8
[BD]disney channel,https://t.freetv.fun/live/disney-channel-3.m3u8
[SD]bridge rock,https://t.freetv.fun/live/bridge-rock-1.m3u8
[BD]disney channel latin america,https://t.freetv.fun/live/disney-channel-latin-america.m3u8
[SD]107 bridge tv,https://t.freetv.fun/live/107-bridge-tv.m3u8
[BD]disney channel,https://t.freetv.fun/live/disney-channel-4.m3u8
[SD]bridge hits,https://t.freetv.fun/live/bridge-hits-1.m3u8
[BD]disney channel,https://t.freetv.fun/live/disney-channel-5.m3u8
[SD]bridge,https://t.freetv.fun/live/bridge-2.m3u8
[BD]disney channel,https://t.freetv.fun/live/disney-channel-6.m3u8
[SD]bridge classic,https://t.freetv.fun/live/bridge-classic.m3u8
[HD]disney channel,https://t.freetv.fun/live/disney-channel-7.m3u8
[SD]bridge classic (576p),https://t.freetv.fun/live/bridge-classic-576p.m3u8
[SD]disney channel,https://t.freetv.fun/live/disney-channel-8.m3u8
[SD]bridge classic,https://t.freetv.fun/live/bridge-classic-2.m3u8
[SD]disney channel emea,https://t.freetv.fun/live/disney-channel-emea.m3u8
[SD]bridge classic,https://t.freetv.fun/live/bridge-classic-3.m3u8
[HD]disney channel,https://t.freetv.fun/live/disney-channel-10.m3u8
[SD]euronews bulgaria,https://t.freetv.fun/live/euronews-bulgaria.m3u8
[HD]disney chanell,https://t.freetv.fun/live/disney-chanell-1.m3u8
[SD]bulgaria on air,https://t.freetv.fun/live/bulgaria-on-air.m3u8
[VGA]disney jr.,https://t.freetv.fun/live/disney-jr.m3u8
[HD]cay tv,https://t.freetv.fun/live/cay-tv.m3u8
[SD]disney jr.,https://t.freetv.fun/live/disney-jr-1.m3u8
[BD]香港c plus,https://t.freetv.fun/live/xiang-gang-c-plus.m3u8
[HD]DIsney Junior,https://t.freetv.fun/live/disney-junior-vt.m3u8
[HD]иллюзион plus,https://t.freetv.fun/live/illiuzion-plus-1.m3u8
[HD]Disney Junior *tv,https://t.freetv.fun/live/disney-junior-tv.ts
[SD]иллюзион plus,https://t.freetv.fun/live/illiuzion-plus-2.m3u8
[HD]disney junior,https://t.freetv.fun/live/disney-junior-1.m3u8
[SD]иллюзион plus,https://t.freetv.fun/live/illiuzion-plus-4.m3u8
[HD]disney junior,https://t.freetv.fun/live/disney-junior-2.m3u8
[SD]иллюзион plus,https://t.freetv.fun/live/illiuzion-plus-5.m3u8
[SD]disney junior,https://t.freetv.fun/live/disney-junior-3.m3u8
[BD]skytennis plus,https://t.freetv.fun/live/skytennis-plus.php
[HD]disney junior west,https://t.freetv.fun/live/disney-junior-west.m3u8
[BD]c-span,https://t.freetv.fun/live/c-span.m3u8
[HD]Disney XD,https://t.freetv.fun/live/disney-xd-vt.m3u8
[BD]c-span 2,https://t.freetv.fun/live/c-span-2.m3u8
[HD]Disney XD *tv,https://t.freetv.fun/live/disney-xd-tv.ts
[HD]canal 11,https://t.freetv.fun/live/canal-11.m3u8
[HD]disney xd,https://t.freetv.fun/live/disney-xd-1.m3u8
[HD]canal 11,https://t.freetv.fun/live/canal-11-1.m3u8
[SD].sci-fi,https://t.freetv.fun/live/sci-fi.m3u8
[VGA]super canal,https://t.freetv.fun/live/super-canal.m3u8
[BD]docubox,https://t.freetv.fun/live/docubox.m3u8
[BD]catholic tv,https://t.freetv.fun/live/catholic-tv-1.m3u8
[HD]docubox,https://t.freetv.fun/live/docubox-1.m3u8
[BD]catholic tv,https://t.freetv.fun/live/catholic-tv-1.m3u8
[SD]docubox,https://t.freetv.fun/live/docubox-3.m3u8
[HD]cbc,https://t.freetv.fun/live/cbc-2.m3u8
[BD]doma,https://t.freetv.fun/live/doma.m3u8
[BD]ucayalina de television,https://t.freetv.fun/live/ucayalina-de-television.m3u8
[SD]doma,https://t.freetv.fun/live/doma-1.php
[HD]beverly hills television 10,https://t.freetv.fun/live/beverly-hills-television-10.m3u8
[BD]oromar tv,https://t.freetv.fun/live/oromar-tv.m3u8
[BD]qatar television 2,https://t.freetv.fun/live/qatar-television-2.m3u8
[BD]doyel tv,https://t.freetv.fun/live/doyel-tv.m3u8
[HD]globus television,https://t.freetv.fun/live/globus-television.m3u8
[BD]dorcel tv,https://t.freetv.fun/live/dorcel-tv.m3u8
[BD]qatar television,https://t.freetv.fun/live/qatar-television.m3u8
[BD]dove channel,https://t.freetv.fun/live/dove-channel.m3u8
[HD]via television,https://t.freetv.fun/live/via-television.m3u8
[BD]dove channel,https://t.freetv.fun/live/dove-channel-1.m3u8
[BD]monroe county television mctv (monroe county fl) (1080p),https://t.freetv.fun/live/monroe-county-television-mctv-monroe-county-fl-1080p.m3u8
[BD]DreamWorks *$,https://t.freetv.fun/live/dreamworks-2.m3u8
[BD]monte carlo digital television (1080p),https://t.freetv.fun/live/monte-carlo-digital-television-1080p.m3u8
[BD]dreamworks,https://t.freetv.fun/live/dreamworks.php
[VGA]beverly hills television 10 (720p),https://t.freetv.fun/live/beverly-hills-television-10-720p.m3u8
[BD]dreamworks,https://t.freetv.fun/live/dreamworks-1.m3u8
[BD]qatar television 2,https://t.freetv.fun/live/qatar-television-2-1.m3u8
[HD]dreamworks夢工廠動畫,https://t.freetv.fun/live/dreamworksmeng-gong-chang-dong-hua.m3u8
[VGA]venezolana de television,https://t.freetv.fun/live/venezolana-de-television.m3u8
[SD]ducktv,https://t.freetv.fun/live/ducktv-1.m3u8
[BD]conexion positiva television,https://t.freetv.fun/live/conexion-positiva-television.m3u8
[SD]ducktv,https://t.freetv.fun/live/ducktv-2.m3u8
[BD]interactivo television,https://t.freetv.fun/live/interactivo-television.m3u8
[HD]ducktv,https://t.freetv.fun/live/ducktv-3.m3u8
[HD]aiquilena radio y television,https://t.freetv.fun/live/aiquilena-radio-y-television.m3u8
[BD]ducktv,https://t.freetv.fun/live/ducktv-4.m3u8
[BD]qatar television the holy quran,https://t.freetv.fun/live/qatar-television-the-holy-quran.m3u8
[BD]e!,https://t.freetv.fun/live/e.m3u8
[BD]ucayalina de television,https://t.freetv.fun/live/ucayalina-de-television-1.m3u8
[VGA]ebs 2,https://t.freetv.fun/live/ebs-2-1.m3u8
[VGA]retromusica television,https://t.freetv.fun/live/retromusica-television.m3u8
[VGA]ebse,https://t.freetv.fun/live/ebse.m3u8
[BD]tc television,https://t.freetv.fun/live/tc-television.m3u8
[VGA]ebs1,https://t.freetv.fun/live/ebs1.m3u8
[BD]qatar television,https://t.freetv.fun/live/qatar-television-1.m3u8
[VGA]ebs1,https://t.freetv.fun/live/ebs1-1.m3u8
[BD]cinelatino,https://t.freetv.fun/live/cinelatino.m3u8
[VGA]ebs2,https://t.freetv.fun/live/ebs2.m3u8
[BD]cbs,https://t.freetv.fun/live/cbs.m3u8
[HD]eco tv,https://t.freetv.fun/live/eco-tv.m3u8
[HD]mlb network,https://t.freetv.fun/live/mlb-network.m3u8
[HD]eco tv,https://t.freetv.fun/live/eco-tv-1.m3u8
[HD]sec network,https://t.freetv.fun/live/sec-network.m3u8
[HD]eet tv,https://t.freetv.fun/live/eet-tv.m3u8
[BD]yes network,https://t.freetv.fun/live/yes-network.m3u8
[BD]eitb 2,https://t.freetv.fun/live/eitb-2.m3u8
[HD]cbs sports network usa,https://t.freetv.fun/live/cbs-sports-network-usa.m3u8
[HD]cctv4美洲,https://t.freetv.fun/live/cctv4mei-zhou.m3u8
[HD]mlb network,https://t.freetv.fun/live/mlb-network-1.m3u8
[BD]delta tv,https://t.freetv.fun/live/delta-tv.m3u8
[HD]sec network,https://t.freetv.fun/live/sec-network-1.m3u8
[HD]delta tv,https://t.freetv.fun/live/delta-tv-1.m3u8
[BD]yes network,https://t.freetv.fun/live/yes-network-1.m3u8
[VGA]delta tv,https://t.freetv.fun/live/delta-tv-2.m3u8
[HD]acc network,https://t.freetv.fun/live/acc-network.m3u8
[BD]Epix Hits *tv,https://t.freetv.fun/live/epix-hits-tv.ts
[BD]cbs 2 new york,https://t.freetv.fun/live/cbs-2-new-york.m3u8
[HD]espn brasil 2,https://t.freetv.fun/live/espn-brasil-2.m3u8
[HD]cbs sports network,https://t.freetv.fun/live/cbs-sports-network.ts
[HD]espn 2,https://t.freetv.fun/live/espn-2-1.m3u8
[BD]cctv-8k超高清,https://t.freetv.fun/live/cctv-8kchao-gao-qing.m3u8
[HD]espn 2,https://t.freetv.fun/live/espn-2-1-1.m3u8
[HD]cctv-8k超高清,https://t.freetv.fun/live/cctv-8kchao-gao-qing-1.m3u8
[BD]esp 2,https://t.freetv.fun/live/esp-2.m3u8
[HD]cctv-8k超高清,https://t.freetv.fun/live/cctv-8kchao-gao-qing-2.m3u8
[BD]espn 3,https://t.freetv.fun/live/espn-3.m3u8
[HD]cctv-8k超高清,https://t.freetv.fun/live/cctv-8kchao-gao-qing-3.m3u8
[BD]espn,https://t.freetv.fun/live/espn.m3u8
[BD]cctv-11戏曲,https://t.freetv.fun/live/cctv-11xi-qu.m3u8
[BD]espn,https://t.freetv.fun/live/espn-2.m3u8
[BD]cctv-11戏曲,https://t.freetv.fun/live/cctv-11xi-qu-1.m3u8
[VGA]espn 4,https://t.freetv.fun/live/espn-4.m3u8
[BD]cctv-11戏曲,https://t.freetv.fun/live/cctv-11xi-qu-3.m3u8
[BD]espn 5,https://t.freetv.fun/live/espn-5.m3u8
[SD]cctv-11戏曲,https://t.freetv.fun/live/cctv-11xi-qu-5.m3u8
[BD]espn 6,https://t.freetv.fun/live/espn-6.m3u8
[SD]cctv-11戏曲,https://t.freetv.fun/live/cctv-11xi-qu-6.m3u8
[HD]espn4,https://t.freetv.fun/live/espn4.m3u8
[SD]cctv-11戏曲,https://t.freetv.fun/live/cctv-11xi-qu-7.m3u8
[HD]espn 4,https://t.freetv.fun/live/espn-4-1.m3u8
[BD]cctv-11戏曲,https://t.freetv.fun/live/cctv-11xi-qu-8.m3u8
[BD]espn 4,https://t.freetv.fun/live/espn-4-2.m3u8
[BD]cctv-11戏曲,https://t.freetv.fun/live/cctv-11xi-qu-9.m3u8
[HD]espnews,https://t.freetv.fun/live/espnews.m3u8
[HD]cctv1综合,https://t.freetv.fun/live/cctv1zong-he.m3u8
[HD]espnu,https://t.freetv.fun/live/espnu.m3u8
[HD]cctv1综合,https://t.freetv.fun/live/cctv1zong-he-1.m3u8
[HD]espn2,https://t.freetv.fun/live/espn2-1.m3u8
[HD]cctv-4k超高清,https://t.freetv.fun/live/cctv-4kchao-gao-qing-1.m3u8
[SD]belsat tv,https://t.freetv.fun/live/belsat-tv.m3u8
[BD]cctv-4k超高清,https://t.freetv.fun/live/cctv-4kchao-gao-qing-2.m3u8
[VGA]etc tv,https://t.freetv.fun/live/etc-tv.m3u8
[BD]cctv-4k超高清,https://t.freetv.fun/live/cctv-4kchao-gao-qing-3.m3u8
[BD]etv,https://t.freetv.fun/live/etv.m3u8
[BD]cctv-4k超高清,https://t.freetv.fun/live/cctv-4kchao-gao-qing-5.m3u8
[HD]etv,https://t.freetv.fun/live/etv-1.m3u8
[BD]cctv-4k超高清,https://t.freetv.fun/live/cctv-4kchao-gao-qing-7.m3u8
[HD]etv ⓖ,https://t.freetv.fun/live/etv-g.m3u8
[BD]cctv-4k超高清,https://t.freetv.fun/live/cctv-4kchao-gao-qing-8.m3u8
[HD]metv,https://t.freetv.fun/live/metv-1.m3u8
[SD]cctv1-综合,https://t.freetv.fun/live/cctv1-zong-he-3.m3u8
[HD]metv,https://t.freetv.fun/live/metv-2.m3u8
[BD]cctv-10科教,https://t.freetv.fun/live/cctv-10ke-jiao-1.m3u8
[HD]eurosport 1,https://t.freetv.fun/live/eurosport-1.m3u8
[HD]cctv10科教,https://t.freetv.fun/live/cctv10ke-jiao.m3u8
[VGA]ewtn,https://t.freetv.fun/live/ewtn.m3u8
[HD]cctv10科教,https://t.freetv.fun/live/cctv10ke-jiao-1.m3u8
[HD]el pingüino tv,https://t.freetv.fun/live/el-pinguino-tv-1.m3u8
[BD]cctv-10科教,https://t.freetv.fun/live/cctv-10ke-jiao-2.m3u8
[VGA]el pingüino tv,https://t.freetv.fun/live/el-pinguino-tv-2.m3u8
[SD]cctv-10科教,https://t.freetv.fun/live/cctv-10ke-jiao-3.m3u8
[BD]eleven sports 4,https://t.freetv.fun/live/eleven-sports-4.m3u8
[SD]cctv-10科教,https://t.freetv.fun/live/cctv-10ke-jiao-4.m3u8
[BD]eleven sports 2,https://t.freetv.fun/live/eleven-sports-2.m3u8
[BD]cctv-10科教,https://t.freetv.fun/live/cctv-10ke-jiao-6.m3u8
[BD]eleven sports 1,https://t.freetv.fun/live/eleven-sports-1.m3u8
[BD]cctv-10科教,https://t.freetv.fun/live/cctv-10ke-jiao-7.m3u8
[BD]eleven sports 1,https://t.freetv.fun/live/eleven-sports-1-1.m3u8
[BD]cctv-10科教,https://t.freetv.fun/live/cctv-10ke-jiao-8.m3u8
[BD]delfi tv,https://t.freetv.fun/live/delfi-tv.m3u8
[BD]cctv-10科教,https://t.freetv.fun/live/cctv-10ke-jiao-9.m3u8
[BD]energy,https://t.freetv.fun/live/energy.m3u8
[SD]cctv-10科教,https://t.freetv.fun/live/cctv-10ke-jiao-10.m3u8
[SD]english club tv,https://t.freetv.fun/live/english-club-tv.m3u8
[SD]cctv-10科教,https://t.freetv.fun/live/cctv-10ke-jiao-11.m3u8
[SD]english club,https://t.freetv.fun/live/english-club.m3u8
[HD]cctv11戏曲,https://t.freetv.fun/live/cctv11xi-qu.m3u8
[SD]epic drama,https://t.freetv.fun/live/epic-drama.m3u8
[BD]cctv11-戏曲,https://t.freetv.fun/live/cctv11-xi-qu.m3u8
[SD]epic drama poland,https://t.freetv.fun/live/epic-drama-poland.m3u8
[HD]cctv11戏曲,https://t.freetv.fun/live/cctv11xi-qu-1.m3u8
[BD]espreso tv,https://t.freetv.fun/live/espreso-tv-1.m3u8
[VGA]cctv11-戏曲,https://t.freetv.fun/live/cctv11-xi-qu-1.m3u8
[HD]entella tv,https://t.freetv.fun/live/entella-tv.m3u8
[VGA]cctv11-戏曲,https://t.freetv.fun/live/cctv11-xi-qu-3.m3u8
[HD]entella tv,https://t.freetv.fun/live/entella-tv-1.m3u8
[HD]cctv13新闻,https://t.freetv.fun/live/cctv13xin-wen.m3u8
[HD]euronews pt,https://t.freetv.fun/live/euronews-pt.m3u8
[HD]cctv13新闻,https://t.freetv.fun/live/cctv13xin-wen-1.m3u8
[HD]euronews,https://t.freetv.fun/live/euronews.m3u8
[SD]cctv-13新闻,https://t.freetv.fun/live/cctv-13xin-wen-3.m3u8
[HD]euronews,https://t.freetv.fun/live/euronews-1.m3u8
[SD]cctv-13新闻,https://t.freetv.fun/live/cctv-13xin-wen-4.m3u8
[BD]euronews,https://t.freetv.fun/live/euronews-3.m3u8
[BD]cctv-13新闻,https://t.freetv.fun/live/cctv-13xin-wen-5.m3u8
[BD]euronews,https://t.freetv.fun/live/euronews-4.m3u8
[BD]cctv-13新闻,https://t.freetv.fun/live/cctv-13xin-wen-7.m3u8
[SD]euronews,https://t.freetv.fun/live/euronews-5.m3u8
[BD]cctv-13新闻,https://t.freetv.fun/live/cctv-13xin-wen-8.m3u8
[HD]euronews es,https://t.freetv.fun/live/euronews-es.m3u8
[SD]cctv-13新闻,https://t.freetv.fun/live/cctv-13xin-wen-10.m3u8
[BD]euronews georgia,https://t.freetv.fun/live/euronews-georgia.m3u8
[BD]cctv-13新闻,https://t.freetv.fun/live/cctv-13xin-wen-11.m3u8
[BD]euronews german,https://t.freetv.fun/live/euronews-german.m3u8
[SD]cctv-13新闻,https://t.freetv.fun/live/cctv-13xin-wen-12.m3u8
[BD]euronews english,https://t.freetv.fun/live/euronews-english.m3u8
[HD]cctv-14少儿,https://t.freetv.fun/live/cctv-14shao-er.m3u8
[BD]euronews english,https://t.freetv.fun/live/euronews-english-1.m3u8
[HD]cctv14少儿,https://t.freetv.fun/live/cctv14shao-er.m3u8
[BD]euronews english,https://t.freetv.fun/live/euronews-english-2.m3u8
[HD]cctv14少儿,https://t.freetv.fun/live/cctv14shao-er-1.m3u8
[HD]euronews russian,https://t.freetv.fun/live/euronews-russian.m3u8
[BD]cctv14-少儿,https://t.freetv.fun/live/cctv14-shao-er-1.m3u8
[BD]eurosport 1 uhd 25fps,https://t.freetv.fun/live/eurosport-1-uhd-25fps.m3u8
[BD]cctv-14少儿,https://t.freetv.fun/live/cctv-14shao-er-1.m3u8
[BD]eurosport 1 fr,https://t.freetv.fun/live/eurosport-1-fr.m3u8
[SD]cctv-14少儿,https://t.freetv.fun/live/cctv-14shao-er-2.m3u8
[BD]eurosport 1 all,https://t.freetv.fun/live/eurosport-1-all.m3u8
[SD]cctv-14少儿,https://t.freetv.fun/live/cctv-14shao-er-3.m3u8
[BD]eurosport 1 au2,https://t.freetv.fun/live/eurosport-1-au2.m3u8
[BD]cctv-14少儿,https://t.freetv.fun/live/cctv-14shao-er-4.m3u8
[BD]eurosport 1 dutch,https://t.freetv.fun/live/eurosport-1-dutch.m3u8
[SD]cctv-14少儿,https://t.freetv.fun/live/cctv-14shao-er-5.m3u8
[BD]eurosport 1 eng rus,https://t.freetv.fun/live/eurosport-1-eng-rus.m3u8
[SD]cctv-14少儿,https://t.freetv.fun/live/cctv-14shao-er-6.m3u8
[BD]eurosport 1 de,https://t.freetv.fun/live/eurosport-1-de.m3u8
[SD]cctv-14少儿,https://t.freetv.fun/live/cctv-14shao-er-7.m3u8
[BD]eurosport 1 eng,https://t.freetv.fun/live/eurosport-1-eng.m3u8
[HD]cctv-14少儿,https://t.freetv.fun/live/cctv-14shao-er-8.m3u8
[BD]eurosport 1 rus,https://t.freetv.fun/live/eurosport-1-rus.m3u8
[SD]cctv-14少儿,https://t.freetv.fun/live/cctv-14shao-er-9.m3u8
[SD]111 eurosport 1,https://t.freetv.fun/live/111-eurosport-1.m3u8
[HD]cctv-14少儿,https://t.freetv.fun/live/cctv-14shao-er-10.m3u8
[HD]eurosport 2,https://t.freetv.fun/live/eurosport-2.m3u8
[BD]cctv-14少儿,https://t.freetv.fun/live/cctv-14shao-er-11.m3u8
[BD]eurosport 2,https://t.freetv.fun/live/eurosport-2-1.php
[VGA]cctv14-少儿,https://t.freetv.fun/live/cctv14-shao-er-4.m3u8
[BD]eurosport 2 uhd 25fps,https://t.freetv.fun/live/eurosport-2-uhd-25fps-1.m3u8
[HD]cctv15音乐,https://t.freetv.fun/live/cctv15yin-le.m3u8
[BD]eurosport 2 fr,https://t.freetv.fun/live/eurosport-2-fr.m3u8
[HD]cctv15音乐,https://t.freetv.fun/live/cctv15yin-le-1.m3u8
[BD]eurosport 2 fr,https://t.freetv.fun/live/eurosport-2-fr-1.m3u8
[SD]cctv15-音乐,https://t.freetv.fun/live/cctv15-yin-le-1.m3u8
[BD]eurosport 2 greek,https://t.freetv.fun/live/eurosport-2-greek.m3u8
[HD]cctv-15音乐,https://t.freetv.fun/live/cctv-15yin-le.m3u8
[BD]eurosport 2 eng,https://t.freetv.fun/live/eurosport-2-eng.m3u8
[SD]cctv-15音乐,https://t.freetv.fun/live/cctv-15yin-le-1.m3u8
[BD]eurosport 2 de,https://t.freetv.fun/live/eurosport-2-de.m3u8
[BD]cctv-15音乐,https://t.freetv.fun/live/cctv-15yin-le-3.m3u8
[BD]eurosport 2 eng rus,https://t.freetv.fun/live/eurosport-2-eng-rus.m3u8
[SD]cctv-15音乐,https://t.freetv.fun/live/cctv-15yin-le-4.m3u8
[BD]eurosport 2 rus,https://t.freetv.fun/live/eurosport-2-rus.m3u8
[BD]cctv-15音乐,https://t.freetv.fun/live/cctv-15yin-le-5.m3u8
[SD]112 eurosport 2,https://t.freetv.fun/live/112-eurosport-2.m3u8
[SD]cctv-15音乐,https://t.freetv.fun/live/cctv-15yin-le-6.m3u8
[SD]extreme sports channel,https://t.freetv.fun/live/extreme-sports-channel.m3u8
[SD]cctv-15音乐,https://t.freetv.fun/live/cctv-15yin-le-7.m3u8
[SD]fashiontv,https://t.freetv.fun/live/fashiontv.m3u8
[HD]cctv-15音乐,https://t.freetv.fun/live/cctv-15yin-le-10.m3u8
[HD]fish tv,https://t.freetv.fun/live/fish-tv-1.m3u8
[BD]cctv-15音乐,https://t.freetv.fun/live/cctv-15yin-le-11.m3u8
[HD]fox,https://t.freetv.fun/live/fox-1.m3u8
[BD]cctv22,https://t.freetv.fun/live/cctv22.m3u8
[BD]fox,https://t.freetv.fun/live/fox-2.m3u8
[HD]cctv2财经,https://t.freetv.fun/live/cctv2cai-jing.m3u8
[BD]fox 01,https://t.freetv.fun/live/fox-01.m3u8
[BD]cctv2-财经,https://t.freetv.fun/live/cctv2-cai-jing.m3u8
[BD]fox  02,https://t.freetv.fun/live/fox-02.m3u8
[HD]cctv2财经,https://t.freetv.fun/live/cctv2cai-jing-1.m3u8
[SD]061 fox,https://t.freetv.fun/live/061-fox.m3u8
[VGA]cctv2-财经,https://t.freetv.fun/live/cctv2-cai-jing-1.m3u8
[HD]fox,https://t.freetv.fun/live/fox.m3u8
[VGA]cctv2-财经,https://t.freetv.fun/live/cctv2-cai-jing-4.m3u8
[HD]fox deportes,https://t.freetv.fun/live/fox-deportes.m3u8
[HD]cctv3综艺,https://t.freetv.fun/live/cctv3zong-yi.m3u8
[HD]kabc abc los angeles,https://t.freetv.fun/live/kabc-abc-los-angeles.m3u8
[HD]cctv3综艺,https://t.freetv.fun/live/cctv3zong-yi-1.m3u8
[HD]kttv fox los angeles,https://t.freetv.fun/live/kttv-fox-los-angeles.m3u8
[BD]cctv4k,https://t.freetv.fun/live/cctv4k.m3u8
[HD]kabc abc los angeles,https://t.freetv.fun/live/kabc-abc-los-angeles-1.m3u8
[HD]cctv4欧洲,https://t.freetv.fun/live/cctv4ou-zhou-1.m3u8
[HD]fox 11 los angeles,https://t.freetv.fun/live/fox-11-los-angeles.m3u8
[HD]cctv4美洲,https://t.freetv.fun/live/cctv4mei-zhou-2.m3u8
[BD]hbo movies,https://t.freetv.fun/live/hbo-movies.m3u8
[HD]cctv4k,https://t.freetv.fun/live/cctv4k-3.m3u8
[HD]hbo movies,https://t.freetv.fun/live/hbo-movies-1.m3u8
[BD]cctv-4k高清,https://t.freetv.fun/live/cctv-4kgao-qing.m3u8
[BD]fox sports,https://t.freetv.fun/live/fox-sports.m3u8
[BD]cctv-4k高清,https://t.freetv.fun/live/cctv-4kgao-qing-1.m3u8
[BD]fox sports,https://t.freetv.fun/live/fox-sports-1-1.m3u8
[BD]cctv-4k高清,https://t.freetv.fun/live/cctv-4kgao-qing-2.m3u8
[BD]fox sports,https://t.freetv.fun/live/fox-sports-2-1.m3u8
[BD]cctv-4k高清,https://t.freetv.fun/live/cctv-4kgao-qing-3.m3u8
[HD]fox soccer plus,https://t.freetv.fun/live/fox-soccer-plus.m3u8
[BD]cctv-4k高清,https://t.freetv.fun/live/cctv-4kgao-qing-4.m3u8
[HD]fox soccer plus,https://t.freetv.fun/live/fox-soccer-plus-1.m3u8
[BD]cctv-4k高清,https://t.freetv.fun/live/cctv-4kgao-qing-5.m3u8
[HD]fox sports 2,https://t.freetv.fun/live/fox-sports-2.ts
[SD]cctv-4中文国际,https://t.freetv.fun/live/cctv-4zhong-wen-guo-ji.m3u8
[BD]dsports 2 co,https://t.freetv.fun/live/dsports-2-co.m3u8
[BD]cctv-4中文国际,https://t.freetv.fun/live/cctv-4zhong-wen-guo-ji-1.m3u8
[BD]fs1,https://t.freetv.fun/live/fs1.m3u8
[BD]cctv-4中文国际,https://t.freetv.fun/live/cctv-4zhong-wen-guo-ji-2.m3u8
[BD]fs1,https://t.freetv.fun/live/fs1-1.m3u8
[SD]cctv-4中文国际,https://t.freetv.fun/live/cctv-4zhong-wen-guo-ji-3.m3u8
[BD]fs2,https://t.freetv.fun/live/fs2.m3u8
[HD]cctv-4中文国际,https://t.freetv.fun/live/cctv-4zhong-wen-guo-ji-4.m3u8
[BD]ftv,https://t.freetv.fun/live/ftv.m3u8
[SD]cctv-4中文国际,https://t.freetv.fun/live/cctv-4zhong-wen-guo-ji-5.m3u8
[HD]ftv,https://t.freetv.fun/live/ftv-1.m3u8
[SD]cctv-4中文国际,https://t.freetv.fun/live/cctv-4zhong-wen-guo-ji-6.m3u8
[BD]ftv,https://t.freetv.fun/live/ftv-3.m3u8
[SD]cctv-4中文国际,https://t.freetv.fun/live/cctv-4zhong-wen-guo-ji-7.m3u8
[SD]fubo sports network,https://t.freetv.fun/live/fubo-sports-network.m3u8
[BD]cctv-4中文国际,https://t.freetv.fun/live/cctv-4zhong-wen-guo-ji-9.m3u8
[HD]fx,https://t.freetv.fun/live/fx.m3u8
[BD]cctv-4中文国际,https://t.freetv.fun/live/cctv-4zhong-wen-guo-ji-10.m3u8
[BD]fx,https://t.freetv.fun/live/fx-1.m3u8
[BD]cctv-4中文国际,https://t.freetv.fun/live/cctv-4zhong-wen-guo-ji-11.m3u8
[HD]fnx [geo-blocked],https://t.freetv.fun/live/fnx-geo-blocked.m3u8
[HD]cctv4中文国际,https://t.freetv.fun/live/cctv4zhong-wen-guo-ji.m3u8
[HD]FX,https://t.freetv.fun/live/fx-vt.m3u8
[HD]cctv4中文国际,https://t.freetv.fun/live/cctv4zhong-wen-guo-ji-1.m3u8
[HD]FXX,https://t.freetv.fun/live/fxx-vt.m3u8
[BD]cctv-4 中文国际,https://t.freetv.fun/live/cctv-4-zhong-wen-guo-ji.m3u8
[HD]FXX *tv,https://t.freetv.fun/live/fxx-tv.ts
[BD]cctv-4 中文国际,https://t.freetv.fun/live/cctv-4-zhong-wen-guo-ji-1.m3u8
[HD]fxx,https://t.freetv.fun/live/fxx-1.m3u8
[BD]cctv-4 中文国际,https://t.freetv.fun/live/cctv-4-zhong-wen-guo-ji-2.m3u8
[BD]fashion tv,https://t.freetv.fun/live/fashion-tv-1.m3u8
[BD]cctv-4 中文国际,https://t.freetv.fun/live/cctv-4-zhong-wen-guo-ji-3.m3u8
[BD]code fashion tv,https://t.freetv.fun/live/code-fashion-tv.m3u8
[BD]cctv-4 中文国际,https://t.freetv.fun/live/cctv-4-zhong-wen-guo-ji-4.m3u8
[BD]world fashion channel en,https://t.freetv.fun/live/world-fashion-channel-en.m3u8
[BD]cctv-4 中文国际,https://t.freetv.fun/live/cctv-4-zhong-wen-guo-ji-6.m3u8
[BD]fashionbox,https://t.freetv.fun/live/fashionbox.m3u8
[BD]cctv52,https://t.freetv.fun/live/cctv52.m3u8
[BD]fast funbox,https://t.freetv.fun/live/fast-funbox.m3u8
[HD]cctv5体育,https://t.freetv.fun/live/cctv5ti-yu.m3u8
[SD]fast funbox,https://t.freetv.fun/live/fast-funbox-1.m3u8
[HD]cctv5体育,https://t.freetv.fun/live/cctv5ti-yu-1.m3u8
[BD]funbox,https://t.freetv.fun/live/funbox.m3u8
[BD]cctv-5 plus体育赛事,https://t.freetv.fun/live/cctv-5-plusti-yu-sai-shi.m3u8
[HD]fenerbahçe tv,https://t.freetv.fun/live/fenerbahce-tv-1.m3u8
[HD]cctv5 plus体育赛事,https://t.freetv.fun/live/cctv5-plusti-yu-sai-shi.m3u8
[BD]channel fight,https://t.freetv.fun/live/channel-fight.m3u8
[BD]cctv-5 plus体育赛事,https://t.freetv.fun/live/cctv-5-plusti-yu-sai-shi-1.m3u8
[HD]ftf sports,https://t.freetv.fun/live/ftf-sports.m3u8
[HD]cctv5 plus体育赛事,https://t.freetv.fun/live/cctv5-plusti-yu-sai-shi-1.m3u8
[BD]fightbox,https://t.freetv.fun/live/fightbox.m3u8
[BD]cctv-5 plus体育赛事,https://t.freetv.fun/live/cctv-5-plusti-yu-sai-shi-2.m3u8
[SD]fightbox,https://t.freetv.fun/live/fightbox-1.m3u8
[BD]cctv-5 plus体育赛事,https://t.freetv.fun/live/cctv-5-plusti-yu-sai-shi-3.m3u8
[VGA]fightbox,https://t.freetv.fun/live/fightbox-3.m3u8
[HD]cctv6电影,https://t.freetv.fun/live/cctv6dian-ying.m3u8
[BD]vip premiere,https://t.freetv.fun/live/vip-premiere.m3u8
[HD]cctv6电影,https://t.freetv.fun/live/cctv6dian-ying-1.m3u8
[HD]premiere 5,https://t.freetv.fun/live/premiere-5.m3u8
[BD]cctv6-电影,https://t.freetv.fun/live/cctv6-dian-ying-1.m3u8
[HD]premiere 6,https://t.freetv.fun/live/premiere-6.m3u8
[VGA]cctv6-电影,https://t.freetv.fun/live/cctv6-dian-ying-2.m3u8
[BD]film4 uk,https://t.freetv.fun/live/film4-uk.m3u8
[HD]cctv-4k超高清,https://t.freetv.fun/live/cctv-4kchao-gao-qing.m3u8
[BD]filmbox,https://t.freetv.fun/live/filmbox.m3u8
[HD]cctv9纪录,https://t.freetv.fun/live/cctv9ji-lu.m3u8
[VGA]filmbox arthouse,https://t.freetv.fun/live/filmbox-arthouse.m3u8
[HD]cctv9纪录,https://t.freetv.fun/live/cctv9ji-lu-1.m3u8
[SD]filmbox family,https://t.freetv.fun/live/filmbox-family.m3u8
[BD]cctv第一剧场,https://t.freetv.fun/live/cctvdi-yi-ju-chang-2.m3u8
[HD]usa,https://t.freetv.fun/live/usa-3.m3u8
[BD]cctv-第一剧场,https://t.freetv.fun/live/cctv-di-yi-ju-chang.m3u8
[HD]zee business,https://t.freetv.fun/live/zee-business.m3u8
[BD]cctv-第一剧场,https://t.freetv.fun/live/cctv-di-yi-ju-chang-1.m3u8
[HD]food network,https://t.freetv.fun/live/food-network-1.m3u8
[BD]cctv-第一剧场,https://t.freetv.fun/live/cctv-di-yi-ju-chang-2.m3u8
[BD]food network,https://t.freetv.fun/live/food-network-2.m3u8
[VGA]cctv-第一剧场,https://t.freetv.fun/live/cctv-di-yi-ju-chang-3.m3u8
[HD]food network,https://t.freetv.fun/live/food-network-3.m3u8
[BD]cctv-第一剧场,https://t.freetv.fun/live/cctv-di-yi-ju-chang-4.m3u8
[BD]food network,https://t.freetv.fun/live/food-network-4.m3u8
[BD]cctv-第一剧场,https://t.freetv.fun/live/cctv-di-yi-ju-chang-5.m3u8
[BD]gfn football,https://t.freetv.fun/live/gfn-football.m3u8
[HD]cctv-第一剧场,https://t.freetv.fun/live/cctv-di-yi-ju-chang-6.m3u8
[BD]cctv-storm football,https://t.freetv.fun/live/cctv-storm-football.m3u8
[BD]cctv第一剧场-,https://t.freetv.fun/live/cctvdi-yi-ju-chang.m3u8
[BD]sky sports football uk,https://t.freetv.fun/live/sky-sports-football-uk.m3u8
[BD]cctv-风云足球,https://t.freetv.fun/live/cctv-feng-yun-zu-qiu.m3u8
[SD]092 match football 3,https://t.freetv.fun/live/092-match-football-3.m3u8
[BD]cctv-风云足球,https://t.freetv.fun/live/cctv-feng-yun-zu-qiu-1.m3u8
[SD]082 match football 2,https://t.freetv.fun/live/082-match-football-2.m3u8
[BD]cctv-风云足球,https://t.freetv.fun/live/cctv-feng-yun-zu-qiu-2.m3u8
[SD]081 match football 1,https://t.freetv.fun/live/081-match-football-1.m3u8
[BD]cctv-风云足球,https://t.freetv.fun/live/cctv-feng-yun-zu-qiu-3.m3u8
[BD]fortuna tv,https://t.freetv.fun/live/fortuna-tv.m3u8
[BD]cctv-风云足球,https://t.freetv.fun/live/cctv-feng-yun-zu-qiu-4.m3u8
[BD]fortuna tv,https://t.freetv.fun/live/fortuna-tv-2.m3u8
[HD]cctv-风云足球,https://t.freetv.fun/live/cctv-feng-yun-zu-qiu-5.m3u8
[HD]foro tv,https://t.freetv.fun/live/foro-tv.m3u8
[BD]cctv风云足球-,https://t.freetv.fun/live/cctvfeng-yun-zu-qiu.m3u8
[HD]fox business,https://t.freetv.fun/live/fox-business.m3u8
[BD]cctv-风云音乐,https://t.freetv.fun/live/cctv-feng-yun-yin-le.m3u8
[BD]fox business network,https://t.freetv.fun/live/fox-business-network.m3u8
[BD]cctv-风云音乐,https://t.freetv.fun/live/cctv-feng-yun-yin-le-1.m3u8
[SD]pro business,https://t.freetv.fun/live/pro-business.m3u8
[BD]cctv-风云音乐,https://t.freetv.fun/live/cctv-feng-yun-yin-le-2.m3u8
[BD]fox life,https://t.freetv.fun/live/fox-life.php
[BD]cctv-风云音乐,https://t.freetv.fun/live/cctv-feng-yun-yin-le-3.m3u8
[VGA]fox news channel,https://t.freetv.fun/live/fox-news-channel.m3u8
[BD]cctv-风云音乐,https://t.freetv.fun/live/cctv-feng-yun-yin-le-4.m3u8
[HD]fox news channel,https://t.freetv.fun/live/fox-news-channel-1.m3u8
[HD]cctv-风云音乐,https://t.freetv.fun/live/cctv-feng-yun-yin-le-5.m3u8
[HD]fox sports 1,https://t.freetv.fun/live/fox-sports-1.ts
[BD]cctv风云音乐-,https://t.freetv.fun/live/cctvfeng-yun-yin-le.m3u8
[HD]美国fox weather,https://t.freetv.fun/live/mei-guo-fox-weather.m3u8
[HD]espn deportes,https://t.freetv.fun/live/espn-deportes.m3u8
[BD]france 24 español,https://t.freetv.fun/live/france-24-espanol.m3u8
[BD]cctv-4k超高清,https://t.freetv.fun/live/cctv-4kchao-gao-qing-9.m3u8
[BD]france 24 español,https://t.freetv.fun/live/france-24-espanol-1.m3u8
[HD]cctv-4k超高清,https://t.freetv.fun/live/cctv-4kchao-gao-qing-10.m3u8
[BD]france 24 français,https://t.freetv.fun/live/france-24-francais.m3u8
[HD]cgtn,https://t.freetv.fun/live/cgtn-1.m3u8
[BD]france 24,https://t.freetv.fun/live/france-24-1.m3u8
[BD]cgtn documentary,https://t.freetv.fun/live/cgtn-documentary.m3u8
[BD]france 24,https://t.freetv.fun/live/france-24-2.m3u8
[BD]cgtn documentary,https://t.freetv.fun/live/cgtn-documentary-1.m3u8
[BD]france 24,https://t.freetv.fun/live/france-24-3.m3u8
[BD]cgtn documentary,https://t.freetv.fun/live/cgtn-documentary-2.m3u8
[BD]france 24,https://t.freetv.fun/live/france-24-5.m3u8
[SD]cgtn documentary (1080p),https://t.freetv.fun/live/cgtn-documentary-1080p.m3u8
[BD]france 24 english,https://t.freetv.fun/live/france-24-english.m3u8
[BD]cgtn-español,https://t.freetv.fun/live/cgtn-espanol.m3u8
[BD]france 24 english,https://t.freetv.fun/live/france-24-english-1.m3u8
[BD]cgtn français,https://t.freetv.fun/live/cgtn-francais.m3u8
[BD]france 4,https://t.freetv.fun/live/france-4.m3u8
[VGA]cgtn français,https://t.freetv.fun/live/cgtn-francais-2.m3u8
[HD]freeform,https://t.freetv.fun/live/freeform.m3u8
[BD]cgtn русский,https://t.freetv.fun/live/cgtn-russkii-1.m3u8
[HD]freeform,https://t.freetv.fun/live/freeform-1.m3u8
[BD]cgtn法语,https://t.freetv.fun/live/cgtnfa-yu.m3u8
[HD]freeform west,https://t.freetv.fun/live/freeform-west.m3u8
[HD]cgtn纪录,https://t.freetv.fun/live/cgtnji-lu.m3u8
[BD]fuel tv,https://t.freetv.fun/live/fuel-tv.m3u8
[BD]cgtn,https://t.freetv.fun/live/cgtn-1.m3u8
[BD]fuel tv,https://t.freetv.fun/live/fuel-tv-1.m3u8
[HD]cgtn纪录,https://t.freetv.fun/live/cgtnji-lu-1.m3u8
[BD]future lbn,https://t.freetv.fun/live/future-lbn.m3u8
[BD]cgtn西语,https://t.freetv.fun/live/cgtnxi-yu.m3u8
[VGA]future tv,https://t.freetv.fun/live/future-tv.m3u8
[BD]cgtn阿语,https://t.freetv.fun/live/cgtna-yu.m3u8
[HD]usa,https://t.freetv.fun/live/usa.ts
[BD]cgtn法语,https://t.freetv.fun/live/cgtnfa-yu-1.m3u8
[BD]fyi,https://t.freetv.fun/live/fyi-2.m3u8
[BD]cgtn俄语,https://t.freetv.fun/live/cgtne-yu.m3u8
[BD]great entertainment television,https://t.freetv.fun/live/great-entertainment-television.m3u8
[VGA]cgtn法语,https://t.freetv.fun/live/cgtnfa-yu-2.m3u8
[HD]global tv,https://t.freetv.fun/live/global-tv.m3u8
[BD]cgtn西语,https://t.freetv.fun/live/cgtnxi-yu-1.m3u8
[HD]global tv,https://t.freetv.fun/live/global-tv-3.m3u8
[BD]cgtn阿语,https://t.freetv.fun/live/cgtna-yu-1.m3u8
[BD]gol,https://t.freetv.fun/live/gol.m3u8
[HD]cgtn,https://t.freetv.fun/live/cgtn-3.m3u8
[BD]golden,https://t.freetv.fun/live/golden.m3u8
[SD]cgtn,https://t.freetv.fun/live/cgtn-4.m3u8
[BD]golden edge,https://t.freetv.fun/live/golden-edge.m3u8
[BD]cgtn,https://t.freetv.fun/live/cgtn-6.m3u8
[BD]golden edge,https://t.freetv.fun/live/golden-edge-1.m3u8
[SD]cgtn,https://t.freetv.fun/live/cgtn-7.m3u8
[HD]golden plus mx,https://t.freetv.fun/live/golden-plus-mx.m3u8
[BD]cgtn,https://t.freetv.fun/live/cgtn-8.m3u8
[BD]golden plus,https://t.freetv.fun/live/golden-plus.m3u8
[BD]cgtn俄语,https://t.freetv.fun/live/cgtne-yu-3.m3u8
[HD]golden edge,https://t.freetv.fun/live/golden-edge-2.m3u8
[BD]cgtn法语,https://t.freetv.fun/live/cgtnfa-yu-3.m3u8
[HD]soltv,https://t.freetv.fun/live/soltv-1.m3u8
[BD]cgtn法语,https://t.freetv.fun/live/cgtnfa-yu-4.m3u8
[HD]el gourmet,https://t.freetv.fun/live/el-gourmet.m3u8
[VGA]cgtn,https://t.freetv.fun/live/cgtn-10.m3u8
[HD]gstv,https://t.freetv.fun/live/gstv.m3u8
[VGA]cgtn俄语,https://t.freetv.fun/live/cgtne-yu-4.m3u8
[HD]gstv,https://t.freetv.fun/live/gstv-1.m3u8
[SD]cgtn新闻,https://t.freetv.fun/live/cgtnxin-wen.m3u8
[VGA]gtv,https://t.freetv.fun/live/gtv.m3u8
[SD]cgtn新闻,https://t.freetv.fun/live/cgtnxin-wen-1.m3u8
[SD]galaxy,https://t.freetv.fun/live/galaxy.m3u8
[SD]cgtn新闻,https://t.freetv.fun/live/cgtnxin-wen-2.m3u8
[HD]global news,https://t.freetv.fun/live/global-news.m3u8
[BD]cgtn法语,https://t.freetv.fun/live/cgtnfa-yu-6.m3u8
[HD]globo news,https://t.freetv.fun/live/globo-news.m3u8
[BD]cgtn新闻,https://t.freetv.fun/live/cgtnxin-wen-3.m3u8
[HD]globo news,https://t.freetv.fun/live/globo-news-1.m3u8
[SD]cgtn新闻,https://t.freetv.fun/live/cgtnxin-wen-5.m3u8
[HD]globonews,https://t.freetv.fun/live/globonews.m3u8
[HD]cgtn,https://t.freetv.fun/live/cgtn-15.m3u8
[BD]golf channel,https://t.freetv.fun/live/golf-channel.m3u8
[BD]cgtn财经,https://t.freetv.fun/live/cgtncai-jing.m3u8
[HD]golf channel,https://t.freetv.fun/live/golf-channel-1.m3u8
[BD]cgtn r,https://t.freetv.fun/live/cgtn-r.m3u8
[HD]golf channel,https://t.freetv.fun/live/golf-channel-2.m3u8
[BD]test channel 3,https://t.freetv.fun/live/test-channel-3.m3u8
[VGA]golf channel latin america,https://t.freetv.fun/live/golf-channel-latin-america-1.m3u8
[BD]tennis channel,https://t.freetv.fun/live/tennis-channel.m3u8
[HD]good idea tv,https://t.freetv.fun/live/good-idea-tv.m3u8
[HD]light channel,https://t.freetv.fun/live/light-channel.m3u8
[BD]goodtv,https://t.freetv.fun/live/goodtv.m3u8
[HD]light channel,https://t.freetv.fun/live/light-channel-1.m3u8
[VGA]goodtv *$,https://t.freetv.fun/live/goodtv-1.m3u8
[BD]magna channel,https://t.freetv.fun/live/magna-channel.m3u8
[HD]goodtv *$,https://t.freetv.fun/live/goodtv-1-1.m3u8
[BD]channel y,https://t.freetv.fun/live/channel-y.m3u8
[BD]goodtv (1080p) *$,https://t.freetv.fun/live/goodtv-1080p.m3u8
[BD]pursuit channel,https://t.freetv.fun/live/pursuit-channel.m3u8
[HD]great,https://t.freetv.fun/live/great.m3u8
[HD]channel 11,https://t.freetv.fun/live/channel-11.m3u8
[SD]gulli,https://t.freetv.fun/live/gulli.m3u8
[HD]xplore channel,https://t.freetv.fun/live/xplore-channel.m3u8
[HD]gulli,https://t.freetv.fun/live/gulli-1.m3u8
[HD]kurd channel,https://t.freetv.fun/live/kurd-channel.m3u8
[SD]gulli girl,https://t.freetv.fun/live/gulli-girl-1.m3u8
[HD]chile channel (720p),https://t.freetv.fun/live/chile-channel-720p.m3u8
[SD]gulli girl,https://t.freetv.fun/live/gulli-girl-2.m3u8
[BD]the lego channel,https://t.freetv.fun/live/the-lego-channel-1.m3u8
[BD]h1,https://t.freetv.fun/live/h1.m3u8
[VGA]channel 18 gac,https://t.freetv.fun/live/channel-18-gac.m3u8
[HD]hadi tv 8,https://t.freetv.fun/live/hadi-tv-8.m3u8
[BD]cci channel,https://t.freetv.fun/live/cci-channel.m3u8
[HD]hadi tv 4,https://t.freetv.fun/live/hadi-tv-4.m3u8
[HD]bek channel,https://t.freetv.fun/live/bek-channel.m3u8
[BD]hbo,https://t.freetv.fun/live/hbo-3.m3u8
[BD]china channel,https://t.freetv.fun/live/china-channel.m3u8
[BD]hbo 2,https://t.freetv.fun/live/hbo-2-1.m3u8
[BD]dmoda channel,https://t.freetv.fun/live/dmoda-channel.m3u8
[HD]bbc comedy,https://t.freetv.fun/live/bbc-comedy.m3u8
[BD]soccer channel,https://t.freetv.fun/live/soccer-channel.m3u8
[HD]hbo comedy,https://t.freetv.fun/live/hbo-comedy-1.m3u8
[BD]chc动作电影,https://t.freetv.fun/live/chcdong-zuo-dian-ying.m3u8
[BD]btv comedy,https://t.freetv.fun/live/btv-comedy.m3u8
[BD]chc动作电影,https://t.freetv.fun/live/chcdong-zuo-dian-ying-2.m3u8
[VGA]HBO Comedy *tv,https://t.freetv.fun/live/hbo-comedy-tv.ts
[BD]chc动作电影,https://t.freetv.fun/live/chcdong-zuo-dian-ying-3.m3u8
[HD]bbc comedy,https://t.freetv.fun/live/bbc-comedy-1.m3u8
[BD]chc动作电影,https://t.freetv.fun/live/chcdong-zuo-dian-ying-6.m3u8
[VGA]HBO East *tv,https://t.freetv.fun/live/hbo-east-tv.ts
[BD]chc动作电影,https://t.freetv.fun/live/chcdong-zuo-dian-ying-7.m3u8
[HD]hbo family,https://t.freetv.fun/live/hbo-family.m3u8
[HD]chc动作电影,https://t.freetv.fun/live/chcdong-zuo-dian-ying-1.m3u8
[HD]HBO USA *tv,https://t.freetv.fun/live/hbo-usa-tv.ts
[BD]chc动作电影,https://t.freetv.fun/live/chcdong-zuo-dian-ying-5.m3u8
[BD]hbo hits,https://t.freetv.fun/live/hbo-hits-1.m3u8
[BD]chc家庭影院,https://t.freetv.fun/live/chcjia-ting-ying-yuan-1.m3u8
[BD]HBO Signature *tv,https://t.freetv.fun/live/hbo-signature-tv.ts
[BD]chc家庭影院,https://t.freetv.fun/live/chcjia-ting-ying-yuan-2.m3u8
[BD]HBO Zone *tv,https://t.freetv.fun/live/hbo-zone-tv.ts
[BD]chc家庭影院,https://t.freetv.fun/live/chcjia-ting-ying-yuan-4.m3u8
[BD]hbo,https://t.freetv.fun/live/hbo-2.m3u8
[BD]chc家庭影院,https://t.freetv.fun/live/chcjia-ting-ying-yuan-5.m3u8
[HD]hbo pop,https://t.freetv.fun/live/hbo-pop.m3u8
[BD]chc家庭影院,https://t.freetv.fun/live/chcjia-ting-ying-yuan.m3u8
[BD]hbo3,https://t.freetv.fun/live/hbo3.m3u8
[BD]chc家庭影院,https://t.freetv.fun/live/chcjia-ting-ying-yuan-3.m3u8
[HD]hgtv,https://t.freetv.fun/live/hgtv.m3u8
[BD]chc家庭影院,https://t.freetv.fun/live/chcjia-ting-ying-yuan-6.m3u8
[BD]punktum fernsehen,https://t.freetv.fun/live/punktum-fernsehen.m3u8
[HD]chc影迷电影,https://t.freetv.fun/live/chcying-mi-dian-ying.m3u8
[HD]hr-fernsehen,https://t.freetv.fun/live/hr-fernsehen.m3u8
[BD]chc影迷电影,https://t.freetv.fun/live/chcying-mi-dian-ying-6.m3u8
[BD]hsn,https://t.freetv.fun/live/hsn.m3u8
[HD]chc影迷电影,https://t.freetv.fun/live/chcying-mi-dian-ying-1.m3u8
[SD]umm tv,https://t.freetv.fun/live/umm-tv.m3u8
[BD]chc影迷电影,https://t.freetv.fun/live/chcying-mi-dian-ying-3.m3u8
[SD]hadi tv 6,https://t.freetv.fun/live/hadi-tv-6.m3u8
[BD]chc影迷电影,https://t.freetv.fun/live/chcying-mi-dian-ying-4.m3u8
[BD]hallmark channel,https://t.freetv.fun/live/hallmark-channel.m3u8
[BD]chc影迷电影,https://t.freetv.fun/live/chcying-mi-dian-ying-5.m3u8
[VGA]Hallmark Channel,https://t.freetv.fun/live/hallmark-channel-1.m3u8
[BD]chc影迷电影,https://t.freetv.fun/live/chcying-mi-dian-ying-7.m3u8
[HD]hallo movies,https://t.freetv.fun/live/hallo-movies.m3u8
[BD]chc影迷电影,https://t.freetv.fun/live/chcying-mi-dian-ying-8.m3u8
[BD]hallmark movies mysteries,https://t.freetv.fun/live/hallmark-movies-mysteries.m3u8
[BD]cinecanal south,https://t.freetv.fun/live/cinecanal-south.m3u8
[HD]hallmark movies more,https://t.freetv.fun/live/hallmark-movies-more.m3u8
[BD]cinecanal pacific,https://t.freetv.fun/live/cinecanal-pacific.m3u8
[VGA]shalom tv,https://t.freetv.fun/live/shalom-tv-1.m3u8
[BD]msg plus,https://t.freetv.fun/live/msg-plus.m3u8
[BD]dog tv,https://t.freetv.fun/live/dog-tv.m3u8
[HD]mgm plus,https://t.freetv.fun/live/mgm-plus.m3u8
[HD]life tv,https://t.freetv.fun/live/life-tv-2.m3u8
[HD]mgm plus,https://t.freetv.fun/live/mgm-plus-1.m3u8
[BD]hi-yah! (1080p),https://t.freetv.fun/live/hi-yah-1080p.m3u8
[HD]4music,https://t.freetv.fun/live/4music.m3u8
[HD]history 2,https://t.freetv.fun/live/history-2-1.m3u8
[HD]cnn brasil,https://t.freetv.fun/live/cnn-brasil.m3u8
[HD]storychannel tv (720p),https://t.freetv.fun/live/storychannel-tv-720p.m3u8
[BD]cnn brasil,https://t.freetv.fun/live/cnn-brasil-2.m3u8
[HD]history,https://t.freetv.fun/live/history.m3u8
[BD]cna,https://t.freetv.fun/live/cna.m3u8
[BD]viju history,https://t.freetv.fun/live/viju-history-1.m3u8
[BD]cna *$,https://t.freetv.fun/live/cna-1.m3u8
[BD]history hunters,https://t.freetv.fun/live/history-hunters.m3u8
[BD]cnbc arabia,https://t.freetv.fun/live/cnbc-arabia.m3u8
[HD]history,https://t.freetv.fun/live/history-1.m3u8
[VGA]cnbc arabiya,https://t.freetv.fun/live/cnbc-arabiya.m3u8
[BD]history,https://t.freetv.fun/live/history-2.m3u8
[BD]cnbc,https://t.freetv.fun/live/cnbc.m3u8
[HD]history hit,https://t.freetv.fun/live/history-hit.m3u8
[BD]cnbc,https://t.freetv.fun/live/cnbc-1.m3u8
[BD]history hit,https://t.freetv.fun/live/history-hit-1.m3u8
[BD]cnbc,https://t.freetv.fun/live/cnbc-2.m3u8
[BD]history,https://t.freetv.fun/live/history-3.m3u8
[BD]cnbc,https://t.freetv.fun/live/cnbc-4.m3u8
[BD]history,https://t.freetv.fun/live/history-4.m3u8
[HD]cnn,https://t.freetv.fun/live/cnn.m3u8
[SD]viju history,https://t.freetv.fun/live/viju-history-2.m3u8
[SD]cnn,https://t.freetv.fun/live/cnn-3.m3u8
[VGA]viju history,https://t.freetv.fun/live/viju-history-3.m3u8
[BD]hln,https://t.freetv.fun/live/hln.m3u8
[HD]history,https://t.freetv.fun/live/history-5.m3u8
[HD]cnn indonesia,https://t.freetv.fun/live/cnn-indonesia.m3u8
[BD]history,https://t.freetv.fun/live/history-7.m3u8
[HD]cnbc indonesia,https://t.freetv.fun/live/cnbc-indonesia-2.m3u8
[BD]cs history,https://t.freetv.fun/live/cs-history.php
[HD]cnbc indonesia,https://t.freetv.fun/live/cnbc-indonesia-3.m3u8
[VGA]history,https://t.freetv.fun/live/history-8.m3u8
[HD]cnn indonesia,https://t.freetv.fun/live/cnn-indonesia-3.m3u8
[BD]history *$,https://t.freetv.fun/live/history-6.m3u8
[BD]cnn en español,https://t.freetv.fun/live/cnn-en-espanol.m3u8
[BD]xite hits,https://t.freetv.fun/live/xite-hits.m3u8
[BD]beyblade en español,https://t.freetv.fun/live/beyblade-en-espanol.m3u8
[BD]xite hits,https://t.freetv.fun/live/xite-hits-1.m3u8
[BD]cn卡通,https://t.freetv.fun/live/cnqia-tong.m3u8
[HD]hollywire,https://t.freetv.fun/live/hollywire-1.m3u8
[SD]117 ctc love,https://t.freetv.fun/live/117-ctc-love.m3u8
[SD]hollywire (720p),https://t.freetv.fun/live/hollywire-720p.m3u8
[SD]actv,https://t.freetv.fun/live/actv.m3u8
[BD]hollywood,https://t.freetv.fun/live/hollywood.m3u8
[BD]ctv ca,https://t.freetv.fun/live/ctv-ca.m3u8
[BD]young hollywood,https://t.freetv.fun/live/young-hollywood.m3u8
[HD]ctv drama channel,https://t.freetv.fun/live/ctv-drama-channel.m3u8
[SD]hollywood,https://t.freetv.fun/live/hollywood-3.m3u8
[BD]ctv drama channel ca,https://t.freetv.fun/live/ctv-drama-channel-ca.m3u8
[SD]hollywood,https://t.freetv.fun/live/hollywood-4.m3u8
[BD]cbn news channel,https://t.freetv.fun/live/cbn-news-channel.m3u8
[SD]hollywood,https://t.freetv.fun/live/hollywood-5.m3u8
[BD]ctv news channel ca,https://t.freetv.fun/live/ctv-news-channel-ca.m3u8
[HD]horse and country,https://t.freetv.fun/live/horse-and-country-1.m3u8
[HD]cw,https://t.freetv.fun/live/cw.m3u8
[HD]horse and country tv,https://t.freetv.fun/live/horse-and-country-tv.m3u8
[HD]cablenoticias,https://t.freetv.fun/live/cablenoticias.m3u8
[BD]i24news french,https://t.freetv.fun/live/i24news-french.m3u8
[BD]california music channel,https://t.freetv.fun/live/california-music-channel.m3u8
[BD]i24news arabic,https://t.freetv.fun/live/i24news-arabic.m3u8
[HD]canal 10,https://t.freetv.fun/live/canal-10.m3u8
[BD]ictv,https://t.freetv.fun/live/ictv.m3u8
[HD]canal 12,https://t.freetv.fun/live/canal-12.m3u8
[BD]ictv,https://t.freetv.fun/live/ictv-1.m3u8
[BD]canal 26,https://t.freetv.fun/live/canal-26.m3u8
[BD]ifc,https://t.freetv.fun/live/ifc.m3u8
[VGA]canal 26,https://t.freetv.fun/live/canal-26-1.m3u8
[BD]iipc tv,https://t.freetv.fun/live/iipc-tv-1.m3u8
[HD]canal 4,https://t.freetv.fun/live/canal-4-1.m3u8
[HD]iipc tv (480p) [geo-blocked],https://t.freetv.fun/live/iipc-tv-480p-geo-blocked.m3u8
[BD]canal 5,https://t.freetv.fun/live/canal-5.m3u8
[BD]imam hussein tv 2,https://t.freetv.fun/live/imam-hussein-tv-2.m3u8
[HD]canal 6,https://t.freetv.fun/live/canal-6-1.m3u8
[BD]imam hussein tv 4,https://t.freetv.fun/live/imam-hussein-tv-4.m3u8
[HD]canal 8,https://t.freetv.fun/live/canal-8.m3u8
[BD]imam hussein tv 3,https://t.freetv.fun/live/imam-hussein-tv-3-1.m3u8
[HD]canal futura,https://t.freetv.fun/live/canal-futura.m3u8
[BD]imam hussein tv 2,https://t.freetv.fun/live/imam-hussein-tv-2-1.m3u8
[HD]canal motor,https://t.freetv.fun/live/canal-motor.m3u8
[BD]imam hussein tv 4,https://t.freetv.fun/live/imam-hussein-tv-4-1.m3u8
[BD]canal san roque,https://t.freetv.fun/live/canal-san-roque.m3u8
[BD]伊朗imam hussein tv,https://t.freetv.fun/live/yi-lang-imam-hussein-tv.m3u8
[HD]canal 56,https://t.freetv.fun/live/canal-56-1.m3u8
[HD]wion,https://t.freetv.fun/live/wion.m3u8
[BD]canal catorce,https://t.freetv.fun/live/canal-catorce.m3u8
[BD]iris,https://t.freetv.fun/live/iris.m3u8
[HD]canal gov,https://t.freetv.fun/live/canal-gov.m3u8
[HD]istv,https://t.freetv.fun/live/istv.m3u8
[HD]canal motor,https://t.freetv.fun/live/canal-motor-1.m3u8
[BD]istv,https://t.freetv.fun/live/istv-1.m3u8
[HD]canal ipe,https://t.freetv.fun/live/canal-ipe.m3u8
[BD]istv,https://t.freetv.fun/live/istv-2.m3u8
[BD]canal j,https://t.freetv.fun/live/canal-j.m3u8
[VGA]itv,https://t.freetv.fun/live/itv.m3u8
[BD]canal rcn,https://t.freetv.fun/live/canal-rcn.m3u8
[HD]itv,https://t.freetv.fun/live/itv-1.m3u8
[HD]canal rural,https://t.freetv.fun/live/canal-rural.m3u8
[BD]itv1 uk 02,https://t.freetv.fun/live/itv1-uk-02-1.m3u8
[BD]telesur,https://t.freetv.fun/live/telesur.m3u8
[BD]ictv2,https://t.freetv.fun/live/ictv2.m3u8
[VGA]telesur ᴴᴰ,https://t.freetv.fun/live/telesur-hd.m3u8
[BD]ictv2,https://t.freetv.fun/live/ictv2-1.m3u8
[HD]canal a1 ᴴᴰ,https://t.freetv.fun/live/canal-a1-hd.m3u8
[BD]cindie tv,https://t.freetv.fun/live/cindie-tv.m3u8
[BD]canal goat,https://t.freetv.fun/live/canal-goat.m3u8
[BD]7 info,https://t.freetv.fun/live/7-info.m3u8
[HD]am canal,https://t.freetv.fun/live/am-canal.m3u8
[BD]investigation discovery,https://t.freetv.fun/live/investigation-discovery.m3u8
[BD]canal do boi,https://t.freetv.fun/live/canal-do-boi.m3u8
[HD]ionian channel,https://t.freetv.fun/live/ionian-channel.m3u8
[BD]canal congreso,https://t.freetv.fun/live/canal-congreso.m3u8
[HD]sabor tv,https://t.freetv.fun/live/sabor-tv.m3u8
[VGA]tvo canal 23,https://t.freetv.fun/live/tvo-canal-23.m3u8
[BD]italia 1,https://t.freetv.fun/live/italia-1.m3u8
[HD]agro canal,https://t.freetv.fun/live/agro-canal.m3u8
[BD]英国premier sports 2,https://t.freetv.fun/live/ying-guo-premier-sports-2.m3u8
[BD]canal plus sport 2,https://t.freetv.fun/live/canal-plus-sport-2-1.m3u8
[HD]jitv,https://t.freetv.fun/live/jitv.m3u8
[HD]canal plus cinemas,https://t.freetv.fun/live/canal-plus-cinemas.m3u8
[HD]juntos tv,https://t.freetv.fun/live/juntos-tv.m3u8
[BD]canal plus film pl,https://t.freetv.fun/live/canal-plus-film-pl.m3u8
[BD]inter plus,https://t.freetv.fun/live/inter-plus.m3u8
[BD]canal plus fr,https://t.freetv.fun/live/canal-plus-fr.m3u8
[BD]ciné plus festival fr,https://t.freetv.fun/live/cine-plus-festival-fr.m3u8
[BD]canal plus sport 360 fr,https://t.freetv.fun/live/canal-plus-sport-360-fr.m3u8
[BD]acción por m plus es,https://t.freetv.fun/live/accion-por-m-plus-es.m3u8
[BD]canal plus sport 2 pl,https://t.freetv.fun/live/canal-plus-sport-2-pl.m3u8
[BD]documentales por m plus es,https://t.freetv.fun/live/documentales-por-m-plus-es.m3u8
[BD]canal plus sport fr,https://t.freetv.fun/live/canal-plus-sport-fr.m3u8
[BD]movistar plus plus es,https://t.freetv.fun/live/movistar-plus-plus-es.m3u8
[BD]canal plus sport 3,https://t.freetv.fun/live/canal-plus-sport-3.m3u8
[BD]planète plus aventure fr,https://t.freetv.fun/live/planete-plus-aventure-fr.m3u8
[BD]canal plus sport 4,https://t.freetv.fun/live/canal-plus-sport-4.m3u8
[BD]planète plus crime fr,https://t.freetv.fun/live/planete-plus-crime-fr.m3u8
[BD]canal plus sport 2,https://t.freetv.fun/live/canal-plus-sport-2.m3u8
[BD]comedia por m plus es,https://t.freetv.fun/live/comedia-por-m-plus-es.m3u8
[BD]canal plus sport,https://t.freetv.fun/live/canal-plus-sport.m3u8
[BD]laliga por m plus es,https://t.freetv.fun/live/laliga-por-m-plus-es.m3u8
[BD]canal plus sport,https://t.freetv.fun/live/canal-plus-sport-1.m3u8
[BD]vamos por m plus es,https://t.freetv.fun/live/vamos-por-m-plus-es.m3u8
[BD]canale 5 au3,https://t.freetv.fun/live/canale-5-au3.m3u8
[SD]tvrus plus,https://t.freetv.fun/live/tvrus-plus.m3u8
[BD]canale 5 au2,https://t.freetv.fun/live/canale-5-au2.m3u8
[VGA]filmbox plus emotion adria,https://t.freetv.fun/live/filmbox-plus-emotion-adria.m3u8
[BD]canale 5 au1,https://t.freetv.fun/live/canale-5-au1.m3u8
[HD]indie por m plus es,https://t.freetv.fun/live/indie-por-m-plus-es-1.m3u8
[BD]canale 5 au,https://t.freetv.fun/live/canale-5-au.m3u8
[SD]tvrus plus,https://t.freetv.fun/live/tvrus-plus-1.m3u8
[BD]canale 5,https://t.freetv.fun/live/canale-5.m3u8
[BD]ale kino plus pl,https://t.freetv.fun/live/ale-kino-plus-pl.m3u8
[HD]canale 7,https://t.freetv.fun/live/canale-7.m3u8
[BD]ducktv plus,https://t.freetv.fun/live/ducktv-plus.m3u8
[HD]canale 7,https://t.freetv.fun/live/canale-7-1.m3u8
[BD]cine plus kids,https://t.freetv.fun/live/cine-plus-kids.m3u8
[HD]50 canale,https://t.freetv.fun/live/50-canale.m3u8
[BD]2 plus 2 marathon,https://t.freetv.fun/live/2-plus-2-marathon.m3u8
[BD]campus tv,https://t.freetv.fun/live/campus-tv.m3u8
[BD]1 plus 1 марафон,https://t.freetv.fun/live/1-plus-1-marafon-2.m3u8
[VGA]campus tv,https://t.freetv.fun/live/campus-tv-1.m3u8
[BD]1 plus 1 марафон,https://t.freetv.fun/live/1-plus-1-marafon-3.m3u8
[BD]caracol tv,https://t.freetv.fun/live/caracol-tv.m3u8
[BD]1 plus 1 marafon,https://t.freetv.fun/live/1-plus-1-marafon.m3u8
[BD]caracol 2,https://t.freetv.fun/live/caracol-2.m3u8
[BD]pop,https://t.freetv.fun/live/pop.m3u8
[BD]cartoon network,https://t.freetv.fun/live/cartoon-network-1.m3u8
[BD]k24,https://t.freetv.fun/live/k24.m3u8
[VGA]cartoonito,https://t.freetv.fun/live/cartoonito.m3u8
[BD]kvartal tv,https://t.freetv.fun/live/kvartal-tv-1.m3u8
[BD]central tv,https://t.freetv.fun/live/central-tv.m3u8
[BD]anal,https://t.freetv.fun/live/anal.m3u8
[VGA]cetelmón tv,https://t.freetv.fun/live/cetelmon-tv.m3u8
[BD]n sports,https://t.freetv.fun/live/n-sports.m3u8
[HD]reshet 13,https://t.freetv.fun/live/reshet-13-1.m3u8
[BD]knbc nbc los angeles,https://t.freetv.fun/live/knbc-nbc-los-angeles.m3u8
[BD]channel 4 uk,https://t.freetv.fun/live/channel-4-uk.m3u8
[BD]ktla cw los angeles,https://t.freetv.fun/live/ktla-cw-los-angeles.m3u8
[BD]channel 5,https://t.freetv.fun/live/channel-5.m3u8
[HD]cbs 2 los angeles,https://t.freetv.fun/live/cbs-2-los-angeles.m3u8
[BD]channel 5,https://t.freetv.fun/live/channel-5-1.m3u8
[HD]kctv,https://t.freetv.fun/live/kctv.m3u8
[BD]channel 8,https://t.freetv.fun/live/channel-8.m3u8
[HD]kctv,https://t.freetv.fun/live/kctv-1.m3u8
[SD]channel 8,https://t.freetv.fun/live/channel-8-1.m3u8
[HD]kctv,https://t.freetv.fun/live/kctv-2.m3u
[BD]channel 8,https://t.freetv.fun/live/channel-8-3.m3u8
[HD]khl,https://t.freetv.fun/live/khl.m3u8
[SD]channel one plus 8,https://t.freetv.fun/live/channel-one-plus-8.m3u8
[HD]khl,https://t.freetv.fun/live/khl-2.m3u8
[BD]channel 9,https://t.freetv.fun/live/channel-9.m3u8
[BD]khl,https://t.freetv.fun/live/khl-3.m3u8
[BD]channel 9,https://t.freetv.fun/live/channel-9-1.m3u8
[SD]khl,https://t.freetv.fun/live/khl-4.m3u8
[BD]one channel,https://t.freetv.fun/live/one-channel.m3u8
[HD]extrema kids tv,https://t.freetv.fun/live/extrema-kids-tv.m3u8
[BD]chef tv,https://t.freetv.fun/live/chef-tv.m3u8
[HD]ru.tv kids,https://t.freetv.fun/live/ru-tv-kids.m3u8
[BD]christian youth channel,https://t.freetv.fun/live/christian-youth-channel.m3u8
[BD]rial tv,https://t.freetv.fun/live/rial-tv.m3u8
[VGA]christian youth channel (cyc) (1080p),https://t.freetv.fun/live/christian-youth-channel-cyc-1080p.m3u8
[HD]pk sports,https://t.freetv.fun/live/pk-sports.m3u8
[BD]cielo,https://t.freetv.fun/live/cielo.m3u8
[BD]aktv,https://t.freetv.fun/live/aktv.m3u8
[BD]cine plus frisson,https://t.freetv.fun/live/cine-plus-frisson.m3u8
[BD]kuriakos tv,https://t.freetv.fun/live/kuriakos-tv.m3u8
[BD]cine plus hit,https://t.freetv.fun/live/cine-plus-hit.m3u8
[BD]kuriakos tv,https://t.freetv.fun/live/kuriakos-tv-1.m3u8
[BD]cine plus,https://t.freetv.fun/live/cine-plus.m3u8
[BD]kabel eins,https://t.freetv.fun/live/kabel-eins.m3u8
[SD]cine plus classic,https://t.freetv.fun/live/cine-plus-classic.m3u8
[BD]kanal 23,https://t.freetv.fun/live/kanal-23.m3u8
[BD]ciné plus classic fr,https://t.freetv.fun/live/cine-plus-classic-fr.m3u8
[VGA]24 kanal,https://t.freetv.fun/live/24-kanal.m3u8
[BD]ciné plus emotion fr,https://t.freetv.fun/live/cine-plus-emotion-fr.m3u8
[BD]kanal d,https://t.freetv.fun/live/kanal-d-1.m3u8
[BD]alpha cinema,https://t.freetv.fun/live/alpha-cinema.m3u8
[HD]kanal 15,https://t.freetv.fun/live/kanal-15.m3u8
[VGA]classic cinema (240p) [not 24/7],https://t.freetv.fun/live/classic-cinema-240p-not-24-7.m3u8
[SD]kanal d2,https://t.freetv.fun/live/kanal-d2.m3u8
[BD]btv cinema,https://t.freetv.fun/live/btv-cinema.m3u8
[HD]kanal 35,https://t.freetv.fun/live/kanal-35.m3u8
[VGA]classic cinema,https://t.freetv.fun/live/classic-cinema-1.m3u8
[HD]karbala tv channel,https://t.freetv.fun/live/karbala-tv-channel.ts
[BD]silk way cinema kz,https://t.freetv.fun/live/silk-way-cinema-kz.m3u8
[BD]karbala documentary,https://t.freetv.fun/live/karbala-documentary.m3u8
[BD]joj cinema,https://t.freetv.fun/live/joj-cinema.php
[BD]qazsport,https://t.freetv.fun/live/qazsport.m3u8
[HD]biz cinema,https://t.freetv.fun/live/biz-cinema.m3u8
[BD]kika,https://t.freetv.fun/live/kika.m3u8
[BD]alpha cinema,https://t.freetv.fun/live/alpha-cinema-1.m3u8
[HD]kika,https://t.freetv.fun/live/kika-1.m3u8
[HD]CinemaWorld *$,https://t.freetv.fun/live/cinemaworld.m3u8
[BD]miel tv,https://t.freetv.fun/live/miel-tv.m3u8
[BD]cinemax,https://t.freetv.fun/live/cinemax.m3u8
[HD]miel tv,https://t.freetv.fun/live/miel-tv-1.m3u8
[BD]cinemax,https://t.freetv.fun/live/cinemax-1.m3u8
[BD]tvp info,https://t.freetv.fun/live/tvp-info.m3u8
[HD]cinemax,https://t.freetv.fun/live/cinemax-3.ts
[BD]kino tv,https://t.freetv.fun/live/kino-tv-1.m3u8
[BD]cinemax,https://t.freetv.fun/live/cinemax-5.m3u8
[BD]kiss tv,https://t.freetv.fun/live/kiss-tv-1.m3u8
[SD]cinemax经典,https://t.freetv.fun/live/cinemaxjing-dian.m3u8
[SD]klasik,https://t.freetv.fun/live/klasik.php
[BD]cinemax精选,https://t.freetv.fun/live/cinemaxjing-xuan.m3u8
[HD]music pop,https://t.freetv.fun/live/music-pop.m3u8
[SD]city tv,https://t.freetv.fun/live/city-tv.m3u8
[BD]pop,https://t.freetv.fun/live/pop-1.m3u8
[VGA]tvs classic movies (288p),https://t.freetv.fun/live/tvs-classic-movies-288p.m3u8
[BD]kurdistan 24,https://t.freetv.fun/live/kurdistan-24.m3u8
[BD]comedy central,https://t.freetv.fun/live/comedy-central.m3u8
[BD]kuriakos kids,https://t.freetv.fun/live/kuriakos-kids.m3u8
[BD]comedy central,https://t.freetv.fun/live/comedy-central-1.m3u8
[BD]la 5,https://t.freetv.fun/live/la-5.m3u8
[BD]comedy central,https://t.freetv.fun/live/comedy-central-2.m3u8
[HD]la7,https://t.freetv.fun/live/la7-1.m3u8
[SD]comedy central,https://t.freetv.fun/live/comedy-central-3.m3u8
[VGA]музыка 2 international,https://t.freetv.fun/live/muzyka-2-international.m3u8
[BD]cosmo,https://t.freetv.fun/live/cosmo.m3u8
[SD]1 plus 1 international,https://t.freetv.fun/live/1-plus-1-international-1.m3u8
[BD]ortb tv,https://t.freetv.fun/live/ortb-tv.m3u8
[HD]the pet collective international,https://t.freetv.fun/live/the-pet-collective-international.m3u8
[HD]crime plus investigation,https://t.freetv.fun/live/crime-plus-investigation.m3u8
[HD]the pet collective international,https://t.freetv.fun/live/the-pet-collective-international-1.m3u8
[SD]crime plus investigation cee,https://t.freetv.fun/live/crime-plus-investigation-cee.m3u8
[SD]lbc international,https://t.freetv.fun/live/lbc-international.m3u8
[HD]cozi tv,https://t.freetv.fun/live/cozi-tv.m3u8
[BD]lci,https://t.freetv.fun/live/lci.m3u8
[BD]cozi tv,https://t.freetv.fun/live/cozi-tv-1.m3u8
[HD]acn tv,https://t.freetv.fun/live/acn-tv.m3u8
[BD]dazn ringside,https://t.freetv.fun/live/dazn-ringside.m3u8
[BD]cleo tv,https://t.freetv.fun/live/cleo-tv.m3u8
[HD]dazn1,rtmp://f13h.mine.nu/sat/tv731
[BD]cleo tv,https://t.freetv.fun/live/cleo-tv-1.m3u8
[BD]dd national,https://t.freetv.fun/live/dd-national.m3u8
[SD]biznet lifestyle,https://t.freetv.fun/live/biznet-lifestyle.m3u8
[BD]dd national,https://t.freetv.fun/live/dd-national-1.m3u8
[HD]la red,https://t.freetv.fun/live/la-red.m3u8
[BD]deejay tv,https://t.freetv.fun/live/deejay-tv.m3u8
[BD]la tele,https://t.freetv.fun/live/la-tele-2.m3u8
[BD]deejay tv,https://t.freetv.fun/live/deejay-tv-1.m3u8
[BD]alawla tv,https://t.freetv.fun/live/alawla-tv.m3u8
[BD]deutsche welle,https://t.freetv.fun/live/deutsche-welle.m3u8
[HD]lifetime,https://t.freetv.fun/live/lifetime-1.m3u8
[HD]dieu tv,https://t.freetv.fun/live/dieu-tv.m3u8
[HD]lider tv,https://t.freetv.fun/live/lider-tv-1.m3u8
[BD]digi sport 3,https://t.freetv.fun/live/digi-sport-3.m3u8
[BD]logos tv,https://t.freetv.fun/live/logos-tv.m3u8
[BD]digi sport 4,https://t.freetv.fun/live/digi-sport-4.m3u8
[BD]logos tv,https://t.freetv.fun/live/logos-tv-1.m3u8
[VGA]Discovery Channel,https://t.freetv.fun/live/discovery-channel-1-1.m3u8
[HD]love nature,https://t.freetv.fun/live/love-nature-2.m3u8
[HD]discovery world,https://t.freetv.fun/live/discovery-world.m3u8
[BD]love nature,https://t.freetv.fun/live/love-nature-3.m3u8
[BD]discovery turbo italy,https://t.freetv.fun/live/discovery-turbo-italy.m3u8
[BD]love nature,https://t.freetv.fun/live/love-nature-5.m3u8
[BD]vision latina network,https://t.freetv.fun/live/vision-latina-network.m3u8
[BD]love nature,https://t.freetv.fun/live/love-nature-6.m3u8
[HD]ning tv,https://t.freetv.fun/live/ning-tv.m3u8
[BD]love nature ca,https://t.freetv.fun/live/love-nature-ca.m3u8
[BD]dmax,https://t.freetv.fun/live/dmax-1.m3u8
[BD]m6,https://t.freetv.fun/live/m6.m3u8
[BD]sport2,https://t.freetv.fun/live/sport2.m3u8
[HD]music black,https://t.freetv.fun/live/music-black.m3u8
[HD]dunya news,https://t.freetv.fun/live/dunya-news.m3u8
[HD]music hits,https://t.freetv.fun/live/music-hits.m3u8
[BD]dw english,https://t.freetv.fun/live/dw-english.m3u8
[SD]hit mix music,https://t.freetv.fun/live/hit-mix-music.m3u8
[BD]telesur english,https://t.freetv.fun/live/telesur-english.m3u8
[SD]mma-tv,https://t.freetv.fun/live/mma-tv.m3u8
[HD]africanews english,https://t.freetv.fun/live/africanews-english.m3u8
[SD]mma-tv,https://t.freetv.fun/live/mma-tv-2.m3u8
[HD]3abn english,https://t.freetv.fun/live/3abn-english.m3u8
[BD]tv max,https://t.freetv.fun/live/tv-max.m3u8
[BD]dw english,https://t.freetv.fun/live/dw-english-2.m3u8
[HD]tv max,https://t.freetv.fun/live/tv-max-1.m3u8
[VGA]telesur english,https://t.freetv.fun/live/telesur-english-2.m3u8
[HD]tv max,https://t.freetv.fun/live/tv-max-2.m3u8
[BD]english class,https://t.freetv.fun/live/english-class.m3u8
[SD]mma-tv,https://t.freetv.fun/live/mma-tv-1.m3u8
[HD]西班牙dw español ⓢ,https://t.freetv.fun/live/xi-ban-ya-dw-espanol-s.m3u8
[BD]drama por m plus es,https://t.freetv.fun/live/drama-por-m-plus-es.m3u8
[BD]amc latin america,https://t.freetv.fun/live/amc-latin-america.m3u8
[HD]2 plus 2 sd,https://t.freetv.fun/live/2-plus-2-sd.m3u8
[HD]mtv latin america,https://t.freetv.fun/live/mtv-latin-america.m3u8
[HD]2 plus 2,https://t.freetv.fun/live/2-plus-2.m3u8
[BD]axn latin america,https://t.freetv.fun/live/axn-latin-america.m3u8
[SD]mcm top,https://t.freetv.fun/live/mcm-top.m3u8
[BD]axn latin america,https://t.freetv.fun/live/axn-latin-america-1.m3u8
[SD]mcm top,https://t.freetv.fun/live/mcm-top-1.m3u8
[BD]amc latin america,https://t.freetv.fun/live/amc-latin-america-1.m3u8
[HD]metro tv,https://t.freetv.fun/live/metro-tv.m3u8
[SD]bbc news europe,https://t.freetv.fun/live/bbc-news-europe.m3u8
[BD]metro tv,https://t.freetv.fun/live/metro-tv-1.m3u8
[SD]da vinci,https://t.freetv.fun/live/da-vinci-2.m3u8
[BD]mezzo,https://t.freetv.fun/live/mezzo.m3u8
[HD]daai tv,https://t.freetv.fun/live/daai-tv.m3u8
[BD]msg,https://t.freetv.fun/live/msg.m3u8
[BD]das erste,https://t.freetv.fun/live/das-erste.m3u8
[BD]radio moldova,https://t.freetv.fun/live/radio-moldova.m3u8
[BD]das erste,https://t.freetv.fun/live/das-erste-3.m3u8
[BD]momo親子,https://t.freetv.fun/live/momoqin-zi.php
[VGA]delta tv,https://t.freetv.fun/live/delta-tv-3.m3u8
[BD]mytime movie network,https://t.freetv.fun/live/mytime-movie-network-2.m3u8
[SD]diema,https://t.freetv.fun/live/diema-1.m3u8
[HD]movies!,https://t.freetv.fun/live/movies.m3u8
[BD]discovery channel,https://t.freetv.fun/live/discovery-channel.m3u8
[SD]paramount movie channel,https://t.freetv.fun/live/paramount-movie-channel.m3u8
[BD]discovery channel,https://t.freetv.fun/live/discovery-channel-1.m3u8
[HD]tvs drive in movie (360p),https://t.freetv.fun/live/tvs-drive-in-movie-360p.m3u8
[BD]discovery family channel,https://t.freetv.fun/live/discovery-family-channel-1.m3u8
[BD]new k.movies,https://t.freetv.fun/live/new-k-movies.m3u8
[SD]118 discovery channel,https://t.freetv.fun/live/118-discovery-channel.m3u8
[BD]new kmovies,https://t.freetv.fun/live/new-kmovies.m3u8
[HD]discovery kids,https://t.freetv.fun/live/discovery-kids-1.m3u8
[BD]new kmovies,https://t.freetv.fun/live/new-kmovies-1.m3u8
[HD]discovery life,https://t.freetv.fun/live/discovery-life-1.m3u8
[HD]mtv2,https://t.freetv.fun/live/mtv2.m3u8
[VGA]discovery science,https://t.freetv.fun/live/discovery-science.m3u8
[BD]mtv2,https://t.freetv.fun/live/mtv2-1.m3u8
[BD]science,https://t.freetv.fun/live/science.m3u8
[HD]mtv2,https://t.freetv.fun/live/mtv2-2.m3u8
[HD]discovery turbo,https://t.freetv.fun/live/discovery-turbo.m3u8
[HD]MTV HD *tv,https://t.freetv.fun/live/mtv-hd-tv.ts
[VGA]discovery turbo,https://t.freetv.fun/live/discovery-turbo-1.m3u8
[BD]mtv,https://t.freetv.fun/live/mtv-1.m3u8
[BD]turbo,https://t.freetv.fun/live/turbo.m3u8
[BD]mtv,https://t.freetv.fun/live/mtv-1-1.m3u8
[BD]discovery,https://t.freetv.fun/live/discovery.m3u8
[SD]mtv,https://t.freetv.fun/live/mtv-4.m3u8
[HD]discovery id,https://t.freetv.fun/live/discovery-id.m3u8
[BD]mtv,https://t.freetv.fun/live/mtv-5.m3u8
[HD]discovery h h,https://t.freetv.fun/live/discovery-h-h.m3u8
[HD]mtv,https://t.freetv.fun/live/mtv-6.m3u8
[HD]Disney Channel *tv,https://t.freetv.fun/live/disney-channel-tv.ts
[BD]mtv live,https://t.freetv.fun/live/mtv-live.m3u8
[HD]disney channel east,https://t.freetv.fun/live/disney-channel-east.m3u8
[HD]mtv live,https://t.freetv.fun/live/mtv-live-1.m3u8
[BD]disney channel,https://t.freetv.fun/live/disney-channel.m3u8
[SD]mtv live,https://t.freetv.fun/live/mtv-live-2.m3u8
[SD]disney channel,https://t.freetv.fun/live/disney-channel-2.m3u8
[BD]stvr live,https://t.freetv.fun/live/stvr-live.php
[BD]disney channel,https://t.freetv.fun/live/disney-channel-3.m3u8
[BD]pulse,https://t.freetv.fun/live/pulse.m3u8
[BD]disney channel latin america,https://t.freetv.fun/live/disney-channel-latin-america.m3u8
[HD]maidan,https://t.freetv.fun/live/maidan.m3u8
[BD]disney channel,https://t.freetv.fun/live/disney-channel-4.m3u8
[VGA]ciudad magazine,https://t.freetv.fun/live/ciudad-magazine.m3u8
[BD]disney channel,https://t.freetv.fun/live/disney-channel-5.m3u8
[BD]nw magazine,https://t.freetv.fun/live/nw-magazine-1.m3u8
[BD]disney channel,https://t.freetv.fun/live/disney-channel-6.m3u8
[BD]man-ga,https://t.freetv.fun/live/man-ga.m3u
[HD]disney channel,https://t.freetv.fun/live/disney-channel-7.m3u8
[BD]ahora tv,https://t.freetv.fun/live/ahora-tv.m3u8
[SD]disney channel,https://t.freetv.fun/live/disney-channel-8.m3u8
[HD]lemar tv,https://t.freetv.fun/live/lemar-tv.m3u8
[SD]disney channel emea,https://t.freetv.fun/live/disney-channel-emea.m3u8
[BD]maray tv,https://t.freetv.fun/live/maray-tv.m3u8
[HD]disney channel,https://t.freetv.fun/live/disney-channel-10.m3u8
[HD]cajamarca tv,https://t.freetv.fun/live/cajamarca-tv.m3u8
[VGA]disney jr.,https://t.freetv.fun/live/disney-jr.m3u8
[HD]cajamarca tv,https://t.freetv.fun/live/cajamarca-tv-1.m3u8
[SD]disney jr.,https://t.freetv.fun/live/disney-jr-1.m3u8
[HD]azan tv,https://t.freetv.fun/live/azan-tv.m3u8
[HD]DIsney Junior,https://t.freetv.fun/live/disney-junior-vt.m3u8
[BD]aza tv,https://t.freetv.fun/live/aza-tv.m3u8
[HD]Disney Junior *tv,https://t.freetv.fun/live/disney-junior-tv.ts
[BD]mediaset extra,https://t.freetv.fun/live/mediaset-extra.m3u8
[HD]disney junior,https://t.freetv.fun/live/disney-junior-1.m3u8
[BD]mediaset italia due,https://t.freetv.fun/live/mediaset-italia-due.m3u8
[HD]disney junior,https://t.freetv.fun/live/disney-junior-2.m3u8
[BD]mediaset italia,https://t.freetv.fun/live/mediaset-italia.m3u8
[SD]disney junior,https://t.freetv.fun/live/disney-junior-3.m3u8
[BD]mediaset italia usa,https://t.freetv.fun/live/mediaset-italia-usa.m3u8
[HD]disney junior west,https://t.freetv.fun/live/disney-junior-west.m3u8
[BD]mediaset italia australia,https://t.freetv.fun/live/mediaset-italia-australia.m3u8
[HD]Disney XD,https://t.freetv.fun/live/disney-xd-vt.m3u8
[BD]mega,https://t.freetv.fun/live/mega-1-1.m3u8
[HD]Disney XD *tv,https://t.freetv.fun/live/disney-xd-tv.ts
[VGA]mega,https://t.freetv.fun/live/mega-2-2.m3u8
[HD]disney xd,https://t.freetv.fun/live/disney-xd-1.m3u8
[BD]mega,https://t.freetv.fun/live/mega-2.m3u8
[SD].sci-fi,https://t.freetv.fun/live/sci-fi.m3u8
[HD]mega tv,https://t.freetv.fun/live/mega-tv-1.m3u8
[BD]docubox,https://t.freetv.fun/live/docubox.m3u8
[BD]mega,https://t.freetv.fun/live/mega-3-1.m3u8
[HD]docubox,https://t.freetv.fun/live/docubox-1.m3u8
[BD]megavision canal 43,https://t.freetv.fun/live/megavision-canal-43.m3u8
[SD]docubox,https://t.freetv.fun/live/docubox-3.m3u8
[BD]megavisión,https://t.freetv.fun/live/megavision.m3u8
[BD]doma,https://t.freetv.fun/live/doma.m3u8
[HD]gigavision,https://t.freetv.fun/live/gigavision.m3u8
[SD]doma,https://t.freetv.fun/live/doma-1.php
[BD]gamavision,https://t.freetv.fun/live/gamavision-1.m3u8
[BD]oromar tv,https://t.freetv.fun/live/oromar-tv.m3u8
[BD]up tv,https://t.freetv.fun/live/up-tv.m3u8
[BD]doyel tv,https://t.freetv.fun/live/doyel-tv.m3u8
[SD]minimax,https://t.freetv.fun/live/minimax.m3u8
[BD]dorcel tv,https://t.freetv.fun/live/dorcel-tv.m3u8
[VGA]minimax,https://t.freetv.fun/live/minimax-2.m3u8
[BD]dove channel,https://t.freetv.fun/live/dove-channel.m3u8
[VGA]mir 24,https://t.freetv.fun/live/mir-24-1.m3u8
[BD]DreamWorks *$,https://t.freetv.fun/live/dreamworks-2.m3u8
[SD]044 mir,https://t.freetv.fun/live/044-mir.m3u8
[HD]dreamworks夢工廠動畫,https://t.freetv.fun/live/dreamworksmeng-gong-chang-dong-hua.m3u8
[HD]moy mir,https://t.freetv.fun/live/moy-mir.m3u8
[SD]ducktv,https://t.freetv.fun/live/ducktv-1.m3u8
[BD]miracle tv,https://t.freetv.fun/live/miracle-tv-1.m3u8
[SD]ducktv,https://t.freetv.fun/live/ducktv-2.m3u8
[HD]itv deportes,https://t.freetv.fun/live/itv-deportes.m3u8
[BD]ducktv,https://t.freetv.fun/live/ducktv-4.m3u8
[HD]itv deportes,https://t.freetv.fun/live/itv-deportes-1.m3u8
[BD]e!,https://t.freetv.fun/live/e.m3u8
[HD]tolo tv,https://t.freetv.fun/live/tolo-tv.m3u8
[VGA]ebs 2,https://t.freetv.fun/live/ebs-2-1.m3u8
[BD]tv mon,https://t.freetv.fun/live/tv-mon.m3u8
[VGA]ebse,https://t.freetv.fun/live/ebse.m3u8
[SD]moskva. doveriye,https://t.freetv.fun/live/moskva-doveriye.m3u8
[VGA]ebs1,https://t.freetv.fun/live/ebs1.m3u8
[VGA]movistar deportes,https://t.freetv.fun/live/movistar-deportes.m3u8
[VGA]ebs1,https://t.freetv.fun/live/ebs1-1.m3u8
[HD]multishow,https://t.freetv.fun/live/multishow-1.m3u8
[VGA]ebs2,https://t.freetv.fun/live/ebs2.m3u8
[BD]retro music tv ⓢ,https://t.freetv.fun/live/retro-music-tv-s.m3u8
[HD]eco tv,https://t.freetv.fun/live/eco-tv.m3u8
[SD]muz-tv,https://t.freetv.fun/live/muz-tv-1.m3u8
[HD]eco tv,https://t.freetv.fun/live/eco-tv-1.m3u8
[BD]my cinema europe,https://t.freetv.fun/live/my-cinema-europe.php
[HD]eet tv,https://t.freetv.fun/live/eet-tv.m3u8
[BD]my cinema europe,https://t.freetv.fun/live/my-cinema-europe-1.m3u8
[BD]eitb 2,https://t.freetv.fun/live/eitb-2.m3u8
[BD]My Cinema Europe *$,https://t.freetv.fun/live/my-cinema-europe-2.m3u8
[HD]cctv4美洲,https://t.freetv.fun/live/cctv4mei-zhou.m3u8
[BD]myzen fit,https://t.freetv.fun/live/myzen-fit.m3u8
[BD]delta tv,https://t.freetv.fun/live/delta-tv.m3u8
[BD]myzen fit,https://t.freetv.fun/live/myzen-fit-1.m3u8
[HD]delta tv,https://t.freetv.fun/live/delta-tv-1.m3u8
[BD]myzen,https://t.freetv.fun/live/myzen.m3u8
[VGA]delta tv,https://t.freetv.fun/live/delta-tv-2.m3u8
[BD]cs mystery,https://t.freetv.fun/live/cs-mystery.php
[BD]Epix Hits *tv,https://t.freetv.fun/live/epix-hits-tv.ts
[BD]nasa tv,https://t.freetv.fun/live/nasa-tv.m3u8
[HD]espn brasil 2,https://t.freetv.fun/live/espn-brasil-2.m3u8
[SD]nat geo wild,https://t.freetv.fun/live/nat-geo-wild.m3u8
[HD]espn 2,https://t.freetv.fun/live/espn-2-1.m3u8
[HD]nat geo wild,https://t.freetv.fun/live/nat-geo-wild-2.m3u8
[HD]espn 2,https://t.freetv.fun/live/espn-2-1-1.m3u8
[HD]nat geo wild,https://t.freetv.fun/live/nat-geo-wild-3.m3u8
[BD]esp 2,https://t.freetv.fun/live/esp-2.m3u8
[BD]wild nature,https://t.freetv.fun/live/wild-nature.m3u8
[BD]espn 3,https://t.freetv.fun/live/espn-3.m3u8
[BD]nba tv,https://t.freetv.fun/live/nba-tv.m3u8
[BD]espn,https://t.freetv.fun/live/espn.m3u8
[BD]nba tv,https://t.freetv.fun/live/nba-tv-1.m3u8
[VGA]espn 4,https://t.freetv.fun/live/espn-4.m3u8
[BD]nbc,https://t.freetv.fun/live/nbc.m3u8
[BD]espn 5,https://t.freetv.fun/live/espn-5.m3u8
[HD]wabc abc new york,https://t.freetv.fun/live/wabc-abc-new-york.m3u8
[BD]espn 6,https://t.freetv.fun/live/espn-6.m3u8
[BD]wnbc nbc new york,https://t.freetv.fun/live/wnbc-nbc-new-york.m3u8
[HD]espn4,https://t.freetv.fun/live/espn4.m3u8
[BD]nbc news now,https://t.freetv.fun/live/nbc-news-now.m3u8
[BD]espn 4,https://t.freetv.fun/live/espn-4-2.m3u8
[BD]nbc news now,https://t.freetv.fun/live/nbc-news-now-1.m3u8
[HD]espnews,https://t.freetv.fun/live/espnews.m3u8
[BD]nbc news now,https://t.freetv.fun/live/nbc-news-now-2.m3u8
[HD]espnu,https://t.freetv.fun/live/espnu.m3u8
[BD]nbc news now,https://t.freetv.fun/live/nbc-news-now-3.m3u8
[HD]espn2,https://t.freetv.fun/live/espn2-1.m3u8
[BD]nbc sports boston,https://t.freetv.fun/live/nbc-sports-boston.m3u8
[SD]belsat tv,https://t.freetv.fun/live/belsat-tv.m3u8
[BD]nbc sports bay area,https://t.freetv.fun/live/nbc-sports-bay-area.m3u8
[VGA]etc tv,https://t.freetv.fun/live/etc-tv.m3u8
[HD]nbcsn,https://t.freetv.fun/live/nbcsn.m3u8
[BD]etv,https://t.freetv.fun/live/etv.m3u8
[BD]gnn tv,https://t.freetv.fun/live/gnn-tv.m3u8
[HD]etv,https://t.freetv.fun/live/etv-1.m3u8
[BD]黔南,rtmp://tv.qntv.net/channellive/ch1
[HD]etv ⓖ,https://t.freetv.fun/live/etv-g.m3u8
[BD]nbt,https://t.freetv.fun/live/nbt.m3u8
[HD]metv,https://t.freetv.fun/live/metv-1.m3u8
[HD]ndtv india,https://t.freetv.fun/live/ndtv-india.m3u8
[HD]metv,https://t.freetv.fun/live/metv-2.m3u8
[HD]ndtv,https://t.freetv.fun/live/ndtv.m3u8
[HD]eurosport 1,https://t.freetv.fun/live/eurosport-1.m3u8
[HD]印度ndtv india,https://t.freetv.fun/live/yin-du-ndtv-india.m3u8
[VGA]ewtn,https://t.freetv.fun/live/ewtn.m3u8
[BD]eko tv,https://t.freetv.fun/live/eko-tv-1.m3u8
[HD]el pingüino tv,https://t.freetv.fun/live/el-pinguino-tv-1.m3u8
[HD]neo tv,https://t.freetv.fun/live/neo-tv-1.m3u8
[VGA]el pingüino tv,https://t.freetv.fun/live/el-pinguino-tv-2.m3u8
[BD]nesn,https://t.freetv.fun/live/nesn.m3u8
[BD]eleven sports 4,https://t.freetv.fun/live/eleven-sports-4.m3u8
[SD]ntd tv,https://t.freetv.fun/live/ntd-tv-1.m3u8
[BD]eleven sports 2,https://t.freetv.fun/live/eleven-sports-2.m3u8
[HD]lao net tv,https://t.freetv.fun/live/lao-net-tv.m3u8
[BD]eleven sports 1,https://t.freetv.fun/live/eleven-sports-1.m3u8
[BD]nhk world,https://t.freetv.fun/live/nhk-world.m3u8
[BD]delfi tv,https://t.freetv.fun/live/delfi-tv.m3u8
[BD]nhk world-japan,https://t.freetv.fun/live/nhk-world-japan.m3u8
[BD]energy,https://t.freetv.fun/live/energy.m3u8
[BD]nhk world-japan,https://t.freetv.fun/live/nhk-world-japan-1.m3u8
[SD]english club tv,https://t.freetv.fun/live/english-club-tv.m3u8
[BD]nfl network,https://t.freetv.fun/live/nfl-network.m3u8
[SD]english club,https://t.freetv.fun/live/english-club.m3u8
[HD]nfl network,https://t.freetv.fun/live/nfl-network-1.m3u8
[SD]epic drama,https://t.freetv.fun/live/epic-drama.m3u8
[BD]nhl network,https://t.freetv.fun/live/nhl-network-1.m3u8
[SD]epic drama poland,https://t.freetv.fun/live/epic-drama-poland.m3u8
[HD]sonic tv,https://t.freetv.fun/live/sonic-tv.m3u8
[BD]espreso tv,https://t.freetv.fun/live/espreso-tv-1.m3u8
[SD]noursat,https://t.freetv.fun/live/noursat.m3u8
[HD]entella tv,https://t.freetv.fun/live/entella-tv.m3u8
[BD]now新聞,https://t.freetv.fun/live/nowxin-wen.m3u8
[HD]entella tv,https://t.freetv.fun/live/entella-tv-1.m3u8
[BD]now新聞,https://t.freetv.fun/live/nowxin-wen-1.php
[HD]euronews,https://t.freetv.fun/live/euronews-1.m3u8
[BD]bnt 3,https://t.freetv.fun/live/bnt-3.m3u8
[BD]euronews,https://t.freetv.fun/live/euronews-3.m3u8
[HD]ntn,https://t.freetv.fun/live/ntn.m3u8
[SD]euronews,https://t.freetv.fun/live/euronews-5.m3u8
[BD]ntn,https://t.freetv.fun/live/ntn-1.m3u8
[HD]euronews es,https://t.freetv.fun/live/euronews-es.m3u8
[VGA]canal n,https://t.freetv.fun/live/canal-n.m3u8
[BD]euronews georgia,https://t.freetv.fun/live/euronews-georgia.m3u8
[VGA]tv canal 72,https://t.freetv.fun/live/tv-canal-72.m3u8
[BD]euronews english,https://t.freetv.fun/live/euronews-english.m3u8
[HD]ntv,https://t.freetv.fun/live/ntv.m3u8
[BD]euronews english,https://t.freetv.fun/live/euronews-english-1.m3u8
[HD]ntv,https://t.freetv.fun/live/ntv-1.m3u8
[BD]euronews english,https://t.freetv.fun/live/euronews-english-2.m3u8
[SD]ntv,https://t.freetv.fun/live/ntv-2.ts
[HD]euronews russian,https://t.freetv.fun/live/euronews-russian.m3u8
[HD]nhtv,https://t.freetv.fun/live/nhtv.m3u8
[BD]eurosport 1 uhd 25fps,https://t.freetv.fun/live/eurosport-1-uhd-25fps.m3u8
[SD]ntv law,https://t.freetv.fun/live/ntv-law.m3u8
[BD]eurosport 1 fr,https://t.freetv.fun/live/eurosport-1-fr.m3u8
[SD]ntv mir,https://t.freetv.fun/live/ntv-mir.m3u8
[BD]eurosport 1 all,https://t.freetv.fun/live/eurosport-1-all.m3u8
[HD]national geographic,https://t.freetv.fun/live/national-geographic.m3u8
[BD]eurosport 1 dutch,https://t.freetv.fun/live/eurosport-1-dutch.m3u8
[SD]national geographic wild,https://t.freetv.fun/live/national-geographic-wild.m3u8
[BD]eurosport 1 eng rus,https://t.freetv.fun/live/eurosport-1-eng-rus.m3u8
[BD]national geographic,https://t.freetv.fun/live/national-geographic-1.m3u8
[BD]eurosport 1 de,https://t.freetv.fun/live/eurosport-1-de.m3u8
[BD]national geographic wild,https://t.freetv.fun/live/national-geographic-wild-1.m3u8
[BD]eurosport 1 eng,https://t.freetv.fun/live/eurosport-1-eng.m3u8
[BD]national geographic,https://t.freetv.fun/live/national-geographic-2.m3u8
[SD]111 eurosport 1,https://t.freetv.fun/live/111-eurosport-1.m3u8
[HD]national geographic wild,https://t.freetv.fun/live/national-geographic-wild-2.m3u8
[HD]eurosport 2,https://t.freetv.fun/live/eurosport-2.m3u8
[HD]national geographic,https://t.freetv.fun/live/national-geographic-3.m3u8
[BD]eurosport 2,https://t.freetv.fun/live/eurosport-2-1.php
[SD]national geographic,https://t.freetv.fun/live/national-geographic-5.m3u8
[BD]eurosport 2 uhd 25fps,https://t.freetv.fun/live/eurosport-2-uhd-25fps-1.m3u8
[SD]national geographic,https://t.freetv.fun/live/national-geographic-6.m3u8
[BD]eurosport 2 fr,https://t.freetv.fun/live/eurosport-2-fr.m3u8
[BD]national geographic wild,https://t.freetv.fun/live/national-geographic-wild-4.m3u8
[BD]eurosport 2 fr,https://t.freetv.fun/live/eurosport-2-fr-1.m3u8
[HD]national geographic west,https://t.freetv.fun/live/national-geographic-west.m3u8
[BD]eurosport 2 greek,https://t.freetv.fun/live/eurosport-2-greek.m3u8
[HD]national geographic wild,https://t.freetv.fun/live/national-geographic-wild-5.m3u8
[BD]eurosport 2 eng,https://t.freetv.fun/live/eurosport-2-eng.m3u8
[BD]105 national geographic,https://t.freetv.fun/live/105-national-geographic.m3u8
[BD]eurosport 2 de,https://t.freetv.fun/live/eurosport-2-de.m3u8
[BD]national geographic latin america,https://t.freetv.fun/live/national-geographic-latin-america.m3u8
[BD]eurosport 2 eng rus,https://t.freetv.fun/live/eurosport-2-eng-rus.m3u8
[HD]latina tv,https://t.freetv.fun/live/latina-tv-1.m3u8
[BD]eurosport 2 rus,https://t.freetv.fun/live/eurosport-2-rus.m3u8
[HD]newkid4,https://t.freetv.fun/live/newkid4.m3u8
[SD]112 eurosport 2,https://t.freetv.fun/live/112-eurosport-2.m3u8
[HD]newkid4,https://t.freetv.fun/live/newkid4-1.m3u8
[SD]extreme sports channel,https://t.freetv.fun/live/extreme-sports-channel.m3u8
[BD]newsnation,https://t.freetv.fun/live/newsnation.m3u8
[SD]fashiontv,https://t.freetv.fun/live/fashiontv.m3u8
[BD]nesn nation,https://t.freetv.fun/live/nesn-nation.m3u8
[HD]fish tv,https://t.freetv.fun/live/fish-tv-1.m3u8
[BD]nesn nation,https://t.freetv.fun/live/nesn-nation-1.m3u8
[HD]fox,https://t.freetv.fun/live/fox-1.m3u8
[BD]newsnation,https://t.freetv.fun/live/newsnation-2.m3u8
[BD]fox,https://t.freetv.fun/live/fox-2.m3u8
[BD]newsmax tv,https://t.freetv.fun/live/newsmax-tv.m3u8
[BD]fox  02,https://t.freetv.fun/live/fox-02.m3u8
[BD]newsmax spanish,https://t.freetv.fun/live/newsmax-spanish.m3u8
[SD]061 fox,https://t.freetv.fun/live/061-fox.m3u8
[BD]newsmax balkans,https://t.freetv.fun/live/newsmax-balkans.m3u8
[HD]fox,https://t.freetv.fun/live/fox.m3u8
[BD]靖洋卡通nice bingo,https://t.freetv.fun/live/jing-yang-qia-tong-nice-bingo.m3u8
[HD]fox deportes,https://t.freetv.fun/live/fox-deportes.m3u8
[HD]nick jr,https://t.freetv.fun/live/nick-jr.m3u8
[HD]kabc abc los angeles,https://t.freetv.fun/live/kabc-abc-los-angeles.m3u8
[HD]nick jr,https://t.freetv.fun/live/nick-jr-1.m3u8
[HD]kttv fox los angeles,https://t.freetv.fun/live/kttv-fox-los-angeles.m3u8
[HD]nick jr,https://t.freetv.fun/live/nick-jr-3-1.m3u8
[HD]kabc abc los angeles,https://t.freetv.fun/live/kabc-abc-los-angeles-1.m3u8
[BD]nick jr.,https://t.freetv.fun/live/nick-jr-2.m3u8
[HD]fox 11 los angeles,https://t.freetv.fun/live/fox-11-los-angeles.m3u8
[SD]nick jr.,https://t.freetv.fun/live/nick-jr-1-1.m3u8
[BD]hbo movies,https://t.freetv.fun/live/hbo-movies.m3u8
[SD]nick jr.,https://t.freetv.fun/live/nick-jr-2-1.m3u8
[HD]hbo movies,https://t.freetv.fun/live/hbo-movies-1.m3u8
[BD]nick jr.,https://t.freetv.fun/live/nick-jr-3.m3u8
[BD]fox sports,https://t.freetv.fun/live/fox-sports-2-1.m3u8
[BD]nick jr.,https://t.freetv.fun/live/nick-jr-4.m3u8
[HD]fox soccer plus,https://t.freetv.fun/live/fox-soccer-plus.m3u8
[VGA]nick jr.,https://t.freetv.fun/live/nick-jr-6.m3u8
[HD]fox soccer plus,https://t.freetv.fun/live/fox-soccer-plus-1.m3u8
[HD]Nick Jr. *tv,https://t.freetv.fun/live/nick-jr-tv.ts
[HD]fox sports 2,https://t.freetv.fun/live/fox-sports-2.ts
[BD]Nick Jr. *$,https://t.freetv.fun/live/nick-jr-5.m3u8
[BD]dsports 2 co,https://t.freetv.fun/live/dsports-2-co.m3u8
[HD]NIcktoons *tv,https://t.freetv.fun/live/nicktoons-tv.ts
[BD]fs1,https://t.freetv.fun/live/fs1.m3u8
[BD]Nickelodeon,https://t.freetv.fun/live/nickelodeon-vt.m3u8
[BD]fs1,https://t.freetv.fun/live/fs1-1.m3u8
[BD]nickelodeon,https://t.freetv.fun/live/nickelodeon.m3u8
[BD]fs2,https://t.freetv.fun/live/fs2.m3u8
[BD]nickelodeon,https://t.freetv.fun/live/nickelodeon-1.m3u8
[BD]ftv,https://t.freetv.fun/live/ftv.m3u8
[BD]nickelodeon,https://t.freetv.fun/live/nickelodeon-2.m3u8
[HD]ftv,https://t.freetv.fun/live/ftv-1.m3u8
[SD]nickelodeon,https://t.freetv.fun/live/nickelodeon-4.m3u8
[BD]ftv,https://t.freetv.fun/live/ftv-3.m3u8
[SD]nickelodeon,https://t.freetv.fun/live/nickelodeon-5.m3u8
[SD]fubo sports network,https://t.freetv.fun/live/fubo-sports-network.m3u8
[SD]nickelodeon,https://t.freetv.fun/live/nickelodeon-7.m3u8
[HD]fx,https://t.freetv.fun/live/fx.m3u8
[BD]nickelodeon,https://t.freetv.fun/live/nickelodeon-9.m3u8
[BD]fx,https://t.freetv.fun/live/fx-1.m3u8
[BD]099 nickelodeon,https://t.freetv.fun/live/099-nickelodeon.m3u8
[HD]fnx [geo-blocked],https://t.freetv.fun/live/fnx-geo-blocked.m3u8
[BD]nickelodeon cis,https://t.freetv.fun/live/nickelodeon-cis.m3u8
[HD]FX,https://t.freetv.fun/live/fx-vt.m3u8
[BD]nicktoons,https://t.freetv.fun/live/nicktoons-1.m3u8
[HD]FXX,https://t.freetv.fun/live/fxx-vt.m3u8
[BD]nicktoons,https://t.freetv.fun/live/nicktoons-3.m3u8
[HD]FXX *tv,https://t.freetv.fun/live/fxx-tv.ts
[BD]nicktoons cis,https://t.freetv.fun/live/nicktoons-cis.m3u8
[HD]fxx,https://t.freetv.fun/live/fxx-1.m3u8
[SD]nicktoons,https://t.freetv.fun/live/nicktoons-4.m3u8
[BD]fashion tv,https://t.freetv.fun/live/fashion-tv-1.m3u8
[HD]bx culture,https://t.freetv.fun/live/bx-culture.m3u8
[BD]code fashion tv,https://t.freetv.fun/live/code-fashion-tv.m3u8
[HD]sbn tv international,https://t.freetv.fun/live/sbn-tv-international.m3u8
[BD]world fashion channel en,https://t.freetv.fun/live/world-fashion-channel-en.m3u8
[BD]dubai tv international,https://t.freetv.fun/live/dubai-tv-international.m3u8
[BD]fashionbox,https://t.freetv.fun/live/fashionbox.m3u8
[HD]action hollywood movies,https://t.freetv.fun/live/action-hollywood-movies-1.m3u8
[BD]fast funbox,https://t.freetv.fun/live/fast-funbox.m3u8
[BD]action hollywood movies,https://t.freetv.fun/live/action-hollywood-movies.m3u8
[SD]fast funbox,https://t.freetv.fun/live/fast-funbox-1.m3u8
[BD]noor tv,https://t.freetv.fun/live/noor-tv-1.m3u8
[BD]funbox,https://t.freetv.fun/live/funbox.m3u8
[HD]noor tv (720p),https://t.freetv.fun/live/noor-tv-720p.m3u8
[HD]fenerbahçe tv,https://t.freetv.fun/live/fenerbahce-tv-1.m3u8
[HD]ozono tv,https://t.freetv.fun/live/ozono-tv.m3u8
[HD]ftf sports,https://t.freetv.fun/live/ftf-sports.m3u8
[BD]rtv noord,https://t.freetv.fun/live/rtv-noord.m3u8
[BD]fightbox,https://t.freetv.fun/live/fightbox.m3u8
[BD]rtv noord,https://t.freetv.fun/live/rtv-noord-1.m3u8
[SD]fightbox,https://t.freetv.fun/live/fightbox-1.m3u8
[BD]nova,https://t.freetv.fun/live/nova.m3u8
[BD]vip premiere,https://t.freetv.fun/live/vip-premiere.m3u8
[SD]nova,https://t.freetv.fun/live/nova-2.m3u8
[HD]premiere 5,https://t.freetv.fun/live/premiere-5.m3u8
[SD]kino nova,https://t.freetv.fun/live/kino-nova.m3u8
[HD]premiere 6,https://t.freetv.fun/live/premiere-6.m3u8
[SD]nova gold,https://t.freetv.fun/live/nova-gold.php
[BD]film4 uk,https://t.freetv.fun/live/film4-uk.m3u8
[SD]nova lady,https://t.freetv.fun/live/nova-lady.php
[BD]filmbox,https://t.freetv.fun/live/filmbox.m3u8
[BD]nw sport 2,https://t.freetv.fun/live/nw-sport-2.m3u8
[VGA]filmbox arthouse,https://t.freetv.fun/live/filmbox-arthouse.m3u8
[HD]kos tv,https://t.freetv.fun/live/kos-tv.m3u8
[SD]filmbox family,https://t.freetv.fun/live/filmbox-family.m3u8
[HD]sony movies,https://t.freetv.fun/live/sony-movies.m3u8
[HD]zee business,https://t.freetv.fun/live/zee-business.m3u8
[BD]ok wernigerode,https://t.freetv.fun/live/ok-wernigerode.m3u8
[HD]food network,https://t.freetv.fun/live/food-network-1.m3u8
[BD]oman tv,https://t.freetv.fun/live/oman-tv.m3u8
[BD]food network,https://t.freetv.fun/live/food-network-2.m3u8
[HD]company tv,https://t.freetv.fun/live/company-tv.m3u8
[BD]food network,https://t.freetv.fun/live/food-network-4.m3u8
[SD]komsan tv,https://t.freetv.fun/live/komsan-tv.m3u8
[BD]cctv-storm football,https://t.freetv.fun/live/cctv-storm-football.m3u8
[VGA]oman tv,https://t.freetv.fun/live/oman-tv-1.m3u8
[BD]sky sports football uk,https://t.freetv.fun/live/sky-sports-football-uk.m3u8
[BD]tn live,https://t.freetv.fun/live/tn-live.php
[SD]092 match football 3,https://t.freetv.fun/live/092-match-football-3.m3u8
[BD]oan plus,https://t.freetv.fun/live/oan-plus.m3u8
[SD]082 match football 2,https://t.freetv.fun/live/082-match-football-2.m3u8
[BD]joj plus,https://t.freetv.fun/live/joj-plus.php
[SD]081 match football 1,https://t.freetv.fun/live/081-match-football-1.m3u8
[HD]onni tv,https://t.freetv.fun/live/onni-tv.m3u8
[BD]fortuna tv,https://t.freetv.fun/live/fortuna-tv.m3u8
[SD]onda tv,https://t.freetv.fun/live/onda-tv-1.m3u8
[BD]fortuna tv,https://t.freetv.fun/live/fortuna-tv-2.m3u8
[BD]ocn tv,https://t.freetv.fun/live/ocn-tv.m3u8
[HD]fox business,https://t.freetv.fun/live/fox-business.m3u8
[HD]onda tv,https://t.freetv.fun/live/onda-tv-2.m3u8
[BD]fox business network,https://t.freetv.fun/live/fox-business-network.m3u8
[HD]tv one,https://t.freetv.fun/live/tv-one-2.m3u8
[SD]pro business,https://t.freetv.fun/live/pro-business.m3u8
[HD]tv one,https://t.freetv.fun/live/tv-one-3.m3u8
[BD]fox life,https://t.freetv.fun/live/fox-life.php
[HD]orf 2,https://t.freetv.fun/live/orf-2.m3u8
[VGA]fox news channel,https://t.freetv.fun/live/fox-news-channel.m3u8
[BD]premiere clubes,https://t.freetv.fun/live/premiere-clubes.m3u8
[HD]fox news channel,https://t.freetv.fun/live/fox-news-channel-1.m3u8
[BD]otv lbn,https://t.freetv.fun/live/otv-lbn.m3u8
[HD]fox sports 1,https://t.freetv.fun/live/fox-sports-1.ts
[BD]otv,https://t.freetv.fun/live/otv-1.m3u8
[HD]美国fox weather,https://t.freetv.fun/live/mei-guo-fox-weather.m3u8
[BD]own,https://t.freetv.fun/live/own.m3u8
[BD]france 24 español,https://t.freetv.fun/live/france-24-espanol.m3u8
[HD]onda tv,https://t.freetv.fun/live/onda-tv.m3u8
[BD]france 24 español,https://t.freetv.fun/live/france-24-espanol-1.m3u8
[BD]one america news network,https://t.freetv.fun/live/one-america-news-network.m3u8
[BD]france 24 français,https://t.freetv.fun/live/france-24-francais.m3u8
[HD]tv one,https://t.freetv.fun/live/tv-one.m3u8
[BD]france 24,https://t.freetv.fun/live/france-24-1.m3u8
[HD]tv one,https://t.freetv.fun/live/tv-one-1.m3u8
[BD]france 24,https://t.freetv.fun/live/france-24-2.m3u8
[BD]outdoor channel,https://t.freetv.fun/live/outdoor-channel.m3u8
[BD]france 24,https://t.freetv.fun/live/france-24-3.m3u8
[BD]outdoor channel,https://t.freetv.fun/live/outdoor-channel-1.m3u8
[BD]france 24,https://t.freetv.fun/live/france-24-5.m3u8
[BD]outdoor channel,https://t.freetv.fun/live/outdoor-channel-2.m3u8
[BD]france 24 english,https://t.freetv.fun/live/france-24-english.m3u8
[HD]inside outside,https://t.freetv.fun/live/inside-outside.m3u8
[BD]france 24 english,https://t.freetv.fun/live/france-24-english-1.m3u8
[HD]music,https://t.freetv.fun/live/music.m3u8
[BD]france 4,https://t.freetv.fun/live/france-4.m3u8
[BD]Paramount,https://t.freetv.fun/live/paramount-1.m3u8
[HD]freeform,https://t.freetv.fun/live/freeform.m3u8
[HD]pbs kids,https://t.freetv.fun/live/pbs-kids.m3u8
[HD]freeform,https://t.freetv.fun/live/freeform-1.m3u8
[BD]pbs kids,https://t.freetv.fun/live/pbs-kids-1.m3u8
[HD]freeform west,https://t.freetv.fun/live/freeform-west.m3u8
[BD]pet club tv,https://t.freetv.fun/live/pet-club-tv.m3u8
[BD]future lbn,https://t.freetv.fun/live/future-lbn.m3u8
[BD]pet club tv,https://t.freetv.fun/live/pet-club-tv-1.m3u8
[VGA]future tv,https://t.freetv.fun/live/future-tv.m3u8
[BD]pop tv,https://t.freetv.fun/live/pop-tv.m3u8
[HD]usa,https://t.freetv.fun/live/usa.ts
[VGA]canal 1,https://t.freetv.fun/live/canal-1.m3u8
[BD]fyi,https://t.freetv.fun/live/fyi-2.m3u8
[SD]press tv,https://t.freetv.fun/live/press-tv.m3u8
[BD]great entertainment television,https://t.freetv.fun/live/great-entertainment-television.m3u8
[SD]iran press (720p),https://t.freetv.fun/live/iran-press-720p.m3u8
[HD]global tv,https://t.freetv.fun/live/global-tv.m3u8
[VGA]iran press,https://t.freetv.fun/live/iran-press.m3u8
[HD]global tv,https://t.freetv.fun/live/global-tv-3.m3u8
[HD]ptv,https://t.freetv.fun/live/ptv.m3u8
[BD]gol,https://t.freetv.fun/live/gol.m3u8
[VGA]tvs sports (720p) [not 24/7],https://t.freetv.fun/live/tvs-sports-720p-not-24-7.m3u8
[BD]golden,https://t.freetv.fun/live/golden.m3u8
[BD]tvp world,https://t.freetv.fun/live/tvp-world.m3u8
[BD]golden edge,https://t.freetv.fun/live/golden-edge.m3u8
[BD]tvp world,https://t.freetv.fun/live/tvp-world-1.m3u8
[BD]golden edge,https://t.freetv.fun/live/golden-edge-1.m3u8
[SD]ptv,https://t.freetv.fun/live/ptv-1.m3u8
[BD]golden plus,https://t.freetv.fun/live/golden-plus.m3u8
[BD]paramount network,https://t.freetv.fun/live/paramount-network.m3u8
[HD]soltv,https://t.freetv.fun/live/soltv-1.m3u8
[BD]paramount network,https://t.freetv.fun/live/paramount-network-1.m3u8
[HD]el gourmet,https://t.freetv.fun/live/el-gourmet.m3u8
[BD]paramount network latin america,https://t.freetv.fun/live/paramount-network-latin-america.m3u8
[HD]gstv,https://t.freetv.fun/live/gstv.m3u8
[HD]tvr parlemen,https://t.freetv.fun/live/tvr-parlemen.m3u8
[HD]gstv,https://t.freetv.fun/live/gstv-1.m3u8
[BD]payam tv,https://t.freetv.fun/live/payam-tv.m3u8
[VGA]gtv,https://t.freetv.fun/live/gtv.m3u8
[BD]pixel tv,https://t.freetv.fun/live/pixel-tv.m3u8
[SD]galaxy,https://t.freetv.fun/live/galaxy.m3u8
[BD]big planet,https://t.freetv.fun/live/big-planet.m3u8
[HD]global news,https://t.freetv.fun/live/global-news.m3u8
[BD]planète plus fr,https://t.freetv.fun/live/planete-plus-fr.m3u8
[HD]globo news,https://t.freetv.fun/live/globo-news.m3u8
[BD]popcorn central,https://t.freetv.fun/live/popcorn-central.m3u8
[HD]globo news,https://t.freetv.fun/live/globo-news-1.m3u8
[BD]polo tv,https://t.freetv.fun/live/polo-tv.m3u8
[HD]globonews,https://t.freetv.fun/live/globonews.m3u8
[BD]polsat sport premium 2,https://t.freetv.fun/live/polsat-sport-premium-2.m3u8
[BD]golf channel,https://t.freetv.fun/live/golf-channel.m3u8
[BD]polsat,https://t.freetv.fun/live/polsat.m3u8
[HD]golf channel,https://t.freetv.fun/live/golf-channel-1.m3u8
[BD]sky sport premier league de,https://t.freetv.fun/live/sky-sport-premier-league-de.m3u8
[VGA]golf channel latin america,https://t.freetv.fun/live/golf-channel-latin-america-1.m3u8
[BD]premier sports 1,https://t.freetv.fun/live/premier-sports-1.ts
[HD]good idea tv,https://t.freetv.fun/live/good-idea-tv.m3u8
[BD]premier sports 2,https://t.freetv.fun/live/premier-sports-2-1.ts
[BD]goodtv,https://t.freetv.fun/live/goodtv.m3u8
[BD]premier sports,https://t.freetv.fun/live/premier-sports.m3u8
[VGA]goodtv *$,https://t.freetv.fun/live/goodtv-1.m3u8
[BD]premier sports 1 uk,https://t.freetv.fun/live/premier-sports-1-uk.m3u8
[BD]goodtv (1080p) *$,https://t.freetv.fun/live/goodtv-1080p.m3u8
[HD]prima,https://t.freetv.fun/live/prima-1.php
[HD]great,https://t.freetv.fun/live/great.m3u8
[BD]qvc,https://t.freetv.fun/live/qvc.m3u8
[SD]gulli,https://t.freetv.fun/live/gulli.m3u8
[BD]qvc,https://t.freetv.fun/live/qvc-2.m3u8
[HD]gulli,https://t.freetv.fun/live/gulli-1.m3u8
[BD]qvc,https://t.freetv.fun/live/qvc-3.m3u8
[SD]gulli girl,https://t.freetv.fun/live/gulli-girl-1.m3u8
[BD]rtc quarta rete,https://t.freetv.fun/live/rtc-quarta-rete.m3u8
[SD]gulli girl,https://t.freetv.fun/live/gulli-girl-2.m3u8
[HD]uranio tv,https://t.freetv.fun/live/uranio-tv.m3u8
[BD]h1,https://t.freetv.fun/live/h1.m3u8
[HD]radio 51 tv,https://t.freetv.fun/live/radio-51-tv.m3u8
[HD]hadi tv 8,https://t.freetv.fun/live/hadi-tv-8.m3u8
[HD]radio 51 tv,https://t.freetv.fun/live/radio-51-tv-1.m3u8
[HD]hadi tv 4,https://t.freetv.fun/live/hadi-tv-4.m3u8
[BD]rbw,https://t.freetv.fun/live/rbw.m3u8
[BD]hbo,https://t.freetv.fun/live/hbo-3.m3u8
[BD].red,https://t.freetv.fun/live/red-1.m3u8
[BD]hbo 2,https://t.freetv.fun/live/hbo-2-1.m3u8
[SD].red,https://t.freetv.fun/live/red-2.m3u8
[HD]hbo comedy,https://t.freetv.fun/live/hbo-comedy-1.m3u8
[BD].red,https://t.freetv.fun/live/red-3.m3u8
[BD]btv comedy,https://t.freetv.fun/live/btv-comedy.m3u8
[BD]rede tv!,https://t.freetv.fun/live/rede-tv.m3u8
[VGA]HBO Comedy *tv,https://t.freetv.fun/live/hbo-comedy-tv.ts
[BD]ren tv,https://t.freetv.fun/live/ren-tv.m3u8
[VGA]HBO East *tv,https://t.freetv.fun/live/hbo-east-tv.ts
[BD]rewind tv,https://t.freetv.fun/live/rewind-tv.m3u8
[HD]HBO USA *tv,https://t.freetv.fun/live/hbo-usa-tv.ts
[SD]ren tv,https://t.freetv.fun/live/ren-tv-1.m3u8
[BD]hbo hits,https://t.freetv.fun/live/hbo-hits-1.m3u8
[HD]retro tv,https://t.freetv.fun/live/retro-tv.m3u8
[BD]HBO Signature *tv,https://t.freetv.fun/live/hbo-signature-tv.ts
[SD]retro tv,https://t.freetv.fun/live/retro-tv-1.m3u8
[BD]HBO Zone *tv,https://t.freetv.fun/live/hbo-zone-tv.ts
[BD]retro tv,https://t.freetv.fun/live/retro-tv-2.m3u8
[BD]hbo,https://t.freetv.fun/live/hbo-2.m3u8
[BD]rfd-tv,https://t.freetv.fun/live/rfd-tv-1.m3u8
[HD]hbo pop,https://t.freetv.fun/live/hbo-pop.m3u8
[HD]agr fm tv,https://t.freetv.fun/live/agr-fm-tv.m3u8
[BD]hbo3,https://t.freetv.fun/live/hbo3.m3u8
[HD]rmc decouverte,https://t.freetv.fun/live/rmc-decouverte.m3u8
[BD]punktum fernsehen,https://t.freetv.fun/live/punktum-fernsehen.m3u8
[HD]rock entertainment,https://t.freetv.fun/live/rock-entertainment.m3u8
[HD]hr-fernsehen,https://t.freetv.fun/live/hr-fernsehen.m3u8
[HD]rsi la 2,https://t.freetv.fun/live/rsi-la-2.m3u8
[BD]hsn,https://t.freetv.fun/live/hsn.m3u8
[HD]rsi la 1,https://t.freetv.fun/live/rsi-la-1.m3u8
[SD]umm tv,https://t.freetv.fun/live/umm-tv.m3u8
[BD]rtu,https://t.freetv.fun/live/rtu.m3u8
[SD]hadi tv 6,https://t.freetv.fun/live/hadi-tv-6.m3u8
[BD]rt,https://t.freetv.fun/live/rt.m3u8
[BD]hallmark channel,https://t.freetv.fun/live/hallmark-channel.m3u8
[VGA]abn africa (480p),https://t.freetv.fun/live/abn-africa-480p.m3u8
[VGA]Hallmark Channel,https://t.freetv.fun/live/hallmark-channel-1.m3u8
[BD]rtg,https://t.freetv.fun/live/rtg.m3u8
[HD]hallo movies,https://t.freetv.fun/live/hallo-movies.m3u8
[HD]rtg tv,https://t.freetv.fun/live/rtg-tv.m3u8
[BD]hallmark movies mysteries,https://t.freetv.fun/live/hallmark-movies-mysteries.m3u8
[SD]rtg int.,https://t.freetv.fun/live/rtg-int.m3u8
[VGA]shalom tv,https://t.freetv.fun/live/shalom-tv-1.m3u8
[BD]rthk31,https://t.freetv.fun/live/rthk31.php
[BD]dog tv,https://t.freetv.fun/live/dog-tv.m3u8
[BD]rthk31,https://t.freetv.fun/live/rthk31-1.m3u8
[HD]life tv,https://t.freetv.fun/live/life-tv-2.m3u8
[BD]rthk31,https://t.freetv.fun/live/rthk31-2.php
[HD]history 2,https://t.freetv.fun/live/history-2-1.m3u8
[BD]rthk32,https://t.freetv.fun/live/rthk32.php
[HD]storychannel tv (720p),https://t.freetv.fun/live/storychannel-tv-720p.m3u8
[BD]rthk32,https://t.freetv.fun/live/rthk32-1.m3u8
[BD]viju history,https://t.freetv.fun/live/viju-history-1.m3u8
[SD]kbs world,https://t.freetv.fun/live/kbs-world.m3u8
[BD]history hunters,https://t.freetv.fun/live/history-hunters.m3u8
[HD]kbs world,https://t.freetv.fun/live/kbs-world-1.m3u8
[HD]history,https://t.freetv.fun/live/history-1.m3u8
[BD]kbs world,https://t.freetv.fun/live/kbs-world-2.m3u8
[BD]history,https://t.freetv.fun/live/history-2.m3u8
[SD]rtp açores,https://t.freetv.fun/live/rtp-acores.m3u8
[HD]history hit,https://t.freetv.fun/live/history-hit.m3u8
[HD]rtp açores,https://t.freetv.fun/live/rtp-acores-1.m3u8
[BD]history hit,https://t.freetv.fun/live/history-hit-1.m3u8
[BD]azteca internacional,https://t.freetv.fun/live/azteca-internacional.m3u8
[BD]history,https://t.freetv.fun/live/history-3.m3u8
[BD]azteca internacional,https://t.freetv.fun/live/azteca-internacional-1.m3u8
[BD]history,https://t.freetv.fun/live/history-4.m3u8
[BD]nuestra tele internacional,https://t.freetv.fun/live/nuestra-tele-internacional.m3u8
[SD]viju history,https://t.freetv.fun/live/viju-history-2.m3u8
[VGA]waldivision internacional,https://t.freetv.fun/live/waldivision-internacional.m3u8
[VGA]viju history,https://t.freetv.fun/live/viju-history-3.m3u8
[SD]rtp madeira,https://t.freetv.fun/live/rtp-madeira.m3u8
[HD]history,https://t.freetv.fun/live/history-5.m3u8
[SD]rtp madeira,https://t.freetv.fun/live/rtp-madeira-1.m3u8
[BD]history,https://t.freetv.fun/live/history-7.m3u8
[HD]rtr-planeta cis,https://t.freetv.fun/live/rtr-planeta-cis.m3u8
[BD]cs history,https://t.freetv.fun/live/cs-history.php
[BD]rts,https://t.freetv.fun/live/rts.m3u8
[VGA]history,https://t.freetv.fun/live/history-8.m3u8
[HD]rts 1,https://t.freetv.fun/live/rts-1.m3u8
[BD]history *$,https://t.freetv.fun/live/history-6.m3u8
[BD]rtv,https://t.freetv.fun/live/rtv.m3u8
[BD]xite hits,https://t.freetv.fun/live/xite-hits.m3u8
[BD]tv 7 albania,https://t.freetv.fun/live/tv-7-albania.m3u8
[BD]xite hits,https://t.freetv.fun/live/xite-hits-1.m3u8
[HD]afghanistan international (720p),https://t.freetv.fun/live/afghanistan-international-720p.m3u8
[HD]hollywire,https://t.freetv.fun/live/hollywire-1.m3u8
[BD]tvr international,https://t.freetv.fun/live/tvr-international.m3u8
[SD]hollywire (720p),https://t.freetv.fun/live/hollywire-720p.m3u8
[BD]iran international,https://t.freetv.fun/live/iran-international-1.m3u8
[BD]hollywood,https://t.freetv.fun/live/hollywood.m3u8
[SD]033 тнт4 international,https://t.freetv.fun/live/033-tnt4-international.m3u8
[SD]hollywood,https://t.freetv.fun/live/hollywood-3.m3u8
[SD]037 5 international,https://t.freetv.fun/live/037-5-international.m3u8
[SD]hollywood,https://t.freetv.fun/live/hollywood-4.m3u8
[SD]sts international,https://t.freetv.fun/live/sts-international-1.m3u8
[SD]hollywood,https://t.freetv.fun/live/hollywood-5.m3u8
[BD]rtv rijnmond,https://t.freetv.fun/live/rtv-rijnmond.m3u8
[HD]horse and country,https://t.freetv.fun/live/horse-and-country-1.m3u8
[HD]rté one ie,https://t.freetv.fun/live/rte-one-ie.m3u8
[HD]horse and country tv,https://t.freetv.fun/live/horse-and-country-tv.m3u8
[SD]rtéjr ie,https://t.freetv.fun/live/rtejr-ie.m3u8
[BD]i24news french,https://t.freetv.fun/live/i24news-french.m3u8
[BD]ru tv,https://t.freetv.fun/live/ru-tv.m3u8
[BD]i24news arabic,https://t.freetv.fun/live/i24news-arabic.m3u8
[BD]ru tv,https://t.freetv.fun/live/ru-tv-1.m3u8
[BD]ictv,https://t.freetv.fun/live/ictv.m3u8
[BD]cruz tv,https://t.freetv.fun/live/cruz-tv-1.m3u8
[BD]ictv,https://t.freetv.fun/live/ictv-1.m3u8
[SD]cruz tv,https://t.freetv.fun/live/cruz-tv-1.m3u8
[BD]ifc,https://t.freetv.fun/live/ifc.m3u8
[SD]ru tv,https://t.freetv.fun/live/ru-tv-2.m3u8
[BD]iipc tv,https://t.freetv.fun/live/iipc-tv-1.m3u8
[BD]usa today,https://t.freetv.fun/live/usa-today.m3u8
[HD]iipc tv (480p) [geo-blocked],https://t.freetv.fun/live/iipc-tv-480p-geo-blocked.m3u8
[BD]russia today ⓖ,https://t.freetv.fun/live/russia-today-g.m3u8
[BD]imam hussein tv 2,https://t.freetv.fun/live/imam-hussein-tv-2.m3u8
[HD]fanduel racing,https://t.freetv.fun/live/fanduel-racing.m3u8
[BD]imam hussein tv 4,https://t.freetv.fun/live/imam-hussein-tv-4.m3u8
[BD]sky sports racing uk,https://t.freetv.fun/live/sky-sports-racing-uk.m3u8
[BD]imam hussein tv 3,https://t.freetv.fun/live/imam-hussein-tv-3-1.m3u8
[HD]radio italia trend,https://t.freetv.fun/live/radio-italia-trend.m3u8
[BD]imam hussein tv 2,https://t.freetv.fun/live/imam-hussein-tv-2-1.m3u8
[HD]radio italia trend,https://t.freetv.fun/live/radio-italia-trend-1.m3u8
[BD]imam hussein tv 4,https://t.freetv.fun/live/imam-hussein-tv-4-1.m3u8
[HD]radio fantasia tv,https://t.freetv.fun/live/radio-fantasia-tv.m3u8
[BD]伊朗imam hussein tv,https://t.freetv.fun/live/yi-lang-imam-hussein-tv.m3u8
[BD]radio camila tv,https://t.freetv.fun/live/radio-camila-tv.m3u8
[HD]wion,https://t.freetv.fun/live/wion.m3u8
[BD]radio maria tv,https://t.freetv.fun/live/radio-maria-tv.m3u8
[BD]iris,https://t.freetv.fun/live/iris.m3u8
[BD]radio norba tv,https://t.freetv.fun/live/radio-norba-tv.m3u8
[HD]istv,https://t.freetv.fun/live/istv.m3u8
[BD]radio norba tv,https://t.freetv.fun/live/radio-norba-tv-1.m3u8
[BD]istv,https://t.freetv.fun/live/istv-1.m3u8
[BD]rhema tv,https://t.freetv.fun/live/rhema-tv-1.m3u8
[BD]istv,https://t.freetv.fun/live/istv-2.m3u8
[BD]rai 1,https://t.freetv.fun/live/rai-1.m3u8
[VGA]itv,https://t.freetv.fun/live/itv.m3u8
[BD]rai 1,https://t.freetv.fun/live/rai-1-1.m3u8
[HD]itv,https://t.freetv.fun/live/itv-1.m3u8
[HD]rai 1,https://t.freetv.fun/live/rai-1-2.m3u8
[BD]itv1 uk 02,https://t.freetv.fun/live/itv1-uk-02-1.m3u8
[SD]rik 1,https://t.freetv.fun/live/rik-1-1.m3u8
[BD]ictv2,https://t.freetv.fun/live/ictv2.m3u8
[BD]rai 2,https://t.freetv.fun/live/rai-2-1.m3u8
[BD]ictv2,https://t.freetv.fun/live/ictv2-1.m3u8
[SD]rik 2,https://t.freetv.fun/live/rik-2-1.m3u8
[BD]cindie tv,https://t.freetv.fun/live/cindie-tv.m3u8
[BD]rai 3,https://t.freetv.fun/live/rai-3.m3u8
[BD]7 info,https://t.freetv.fun/live/7-info.m3u8
[HD]rai 3,https://t.freetv.fun/live/rai-3-1.m3u8
[BD]investigation discovery,https://t.freetv.fun/live/investigation-discovery.m3u8
[BD]rai 4,https://t.freetv.fun/live/rai-4.m3u8
[HD]ionian channel,https://t.freetv.fun/live/ionian-channel.m3u8
[SD]rai italia asia,https://t.freetv.fun/live/rai-italia-asia.m3u8
[HD]sabor tv,https://t.freetv.fun/live/sabor-tv.m3u8
[BD]rai italia americas,https://t.freetv.fun/live/rai-italia-americas.m3u8
[BD]italia 1,https://t.freetv.fun/live/italia-1.m3u8
[BD]rai italia australia,https://t.freetv.fun/live/rai-italia-australia.m3u8
[BD]英国premier sports 2,https://t.freetv.fun/live/ying-guo-premier-sports-2.m3u8
[BD]rai italia,https://t.freetv.fun/live/rai-italia.m3u8
[HD]jitv,https://t.freetv.fun/live/jitv.m3u8
[BD]rai movie,https://t.freetv.fun/live/rai-movie.m3u8
[HD]juntos tv,https://t.freetv.fun/live/juntos-tv.m3u8
[BD]rai sport 1,https://t.freetv.fun/live/rai-sport-1.m3u8
[BD]inter plus,https://t.freetv.fun/live/inter-plus.m3u8
[BD]rai storia,https://t.freetv.fun/live/rai-storia.m3u8
[BD]ciné plus festival fr,https://t.freetv.fun/live/cine-plus-festival-fr.m3u8
[BD]rai storia,https://t.freetv.fun/live/rai-storia-1.m3u8
[BD]planète plus aventure fr,https://t.freetv.fun/live/planete-plus-aventure-fr.m3u8
[BD]rai world premium,https://t.freetv.fun/live/rai-world-premium.m3u8
[BD]planète plus crime fr,https://t.freetv.fun/live/planete-plus-crime-fr.m3u8
[BD]rai premium,https://t.freetv.fun/live/rai-premium.m3u8
[BD]laliga por m plus es,https://t.freetv.fun/live/laliga-por-m-plus-es.m3u8
[SD]rada tv,https://t.freetv.fun/live/rada-tv.m3u8
[BD]vamos por m plus es,https://t.freetv.fun/live/vamos-por-m-plus-es.m3u8
[HD]ayaz tv,https://t.freetv.fun/live/ayaz-tv.m3u8
[SD]tvrus plus,https://t.freetv.fun/live/tvrus-plus.m3u8
[VGA]real madrid tv,https://t.freetv.fun/live/real-madrid-tv.m3u8
[HD]indie por m plus es,https://t.freetv.fun/live/indie-por-m-plus-es-1.m3u8
[HD]record news,https://t.freetv.fun/live/record-news.m3u8
[SD]tvrus plus,https://t.freetv.fun/live/tvrus-plus-1.m3u8
[BD]rede cnt rio de janeiro,https://t.freetv.fun/live/rede-cnt-rio-de-janeiro.m3u8
[BD]ale kino plus pl,https://t.freetv.fun/live/ale-kino-plus-pl.m3u8
[BD]red bull tv,https://t.freetv.fun/live/red-bull-tv-2.m3u8
[BD]ducktv plus,https://t.freetv.fun/live/ducktv-plus.m3u8
[SD]red bull tv,https://t.freetv.fun/live/red-bull-tv-1.m3u8
[BD]cine plus kids,https://t.freetv.fun/live/cine-plus-kids.m3u8
[BD]red bull tv,https://t.freetv.fun/live/red-bull-tv-3.m3u8
[BD]2 plus 2 marathon,https://t.freetv.fun/live/2-plus-2-marathon.m3u8
[BD]red bull tv,https://t.freetv.fun/live/red-bull-tv-2.m3u8
[BD]1 plus 1 марафон,https://t.freetv.fun/live/1-plus-1-marafon-2.m3u8
[SD].red,https://t.freetv.fun/live/red-5.m3u8
[BD]1 plus 1 марафон,https://t.freetv.fun/live/1-plus-1-marafon-3.m3u8
[BD]rede brasil,https://t.freetv.fun/live/rede-brasil.m3u8
[BD]1 plus 1 marafon,https://t.freetv.fun/live/1-plus-1-marafon.m3u8
[HD]rede brasil,https://t.freetv.fun/live/rede-brasil-1.m3u8
[BD]pop,https://t.freetv.fun/live/pop.m3u8
[HD]rede minas,https://t.freetv.fun/live/rede-minas.m3u8
[BD]k24,https://t.freetv.fun/live/k24.m3u8
[HD]super!,https://t.freetv.fun/live/super-1.m3u8
[BD]kvartal tv,https://t.freetv.fun/live/kvartal-tv-1.m3u8
[HD]rede vida,https://t.freetv.fun/live/rede-vida.m3u8
[BD]anal,https://t.freetv.fun/live/anal.m3u8
[BD]rede vida,https://t.freetv.fun/live/rede-vida-1.m3u8
[BD]n sports,https://t.freetv.fun/live/n-sports.m3u8
[BD]axn cee czech republic,https://t.freetv.fun/live/axn-cee-czech-republic.m3u8
[BD]knbc nbc los angeles,https://t.freetv.fun/live/knbc-nbc-los-angeles.m3u8
[BD]rete 4,https://t.freetv.fun/live/rete-4.m3u8
[BD]ktla cw los angeles,https://t.freetv.fun/live/ktla-cw-los-angeles.m3u8
[BD]reuters,https://t.freetv.fun/live/reuters.m3u8
[HD]cbs 2 los angeles,https://t.freetv.fun/live/cbs-2-los-angeles.m3u8
[BD]reuters,https://t.freetv.fun/live/reuters-1.m3u8
[HD]kctv,https://t.freetv.fun/live/kctv.m3u8
[BD]reuters 60,https://t.freetv.fun/live/reuters-60.m3u8
[HD]kctv,https://t.freetv.fun/live/kctv-1.m3u8
[HD]karibeña tv,https://t.freetv.fun/live/karibena-tv.m3u8
[HD]kctv,https://t.freetv.fun/live/kctv-2.m3u
[BD]rig tv,https://t.freetv.fun/live/rig-tv-1.m3u8
[HD]khl,https://t.freetv.fun/live/khl.m3u8
[BD]ring,https://t.freetv.fun/live/ring.m3u8
[HD]khl,https://t.freetv.fun/live/khl-2.m3u8
[BD]rock action,https://t.freetv.fun/live/rock-action-1.m3u8
[BD]khl,https://t.freetv.fun/live/khl-3.m3u8
[BD]rock action,https://t.freetv.fun/live/rock-action-2.m3u8
[SD]khl,https://t.freetv.fun/live/khl-4.m3u8
[BD]ROCK Action *$,https://t.freetv.fun/live/rock-action.m3u8
[HD]extrema kids tv,https://t.freetv.fun/live/extrema-kids-tv.m3u8
[BD]rock tv,https://t.freetv.fun/live/rock-tv.m3u8
[HD]ru.tv kids,https://t.freetv.fun/live/ru-tv-kids.m3u8
[HD]rock tv,https://t.freetv.fun/live/rock-tv-1.m3u8
[BD]rial tv,https://t.freetv.fun/live/rial-tv.m3u8
[HD]folklore tv,https://t.freetv.fun/live/folklore-tv.m3u8
[HD]pk sports,https://t.freetv.fun/live/pk-sports.m3u8
[HD]folklore tv,https://t.freetv.fun/live/folklore-tv-1.m3u8
[BD]aktv,https://t.freetv.fun/live/aktv.m3u8
[BD]ronahi tv,https://t.freetv.fun/live/ronahi-tv.m3u8
[BD]kuriakos tv,https://t.freetv.fun/live/kuriakos-tv.m3u8
[BD]ryan and friends (1080p),https://t.freetv.fun/live/ryan-and-friends-1080p.m3u8
[BD]kuriakos tv,https://t.freetv.fun/live/kuriakos-tv-1.m3u8
[HD]salaam tv,https://t.freetv.fun/live/salaam-tv.m3u8
[BD]kabel eins,https://t.freetv.fun/live/kabel-eins.m3u8
[BD]apa tv,https://t.freetv.fun/live/apa-tv.m3u8
[BD]kanal 23,https://t.freetv.fun/live/kanal-23.m3u8
[HD]sbs,https://t.freetv.fun/live/sbs.m3u8
[VGA]24 kanal,https://t.freetv.fun/live/24-kanal.m3u8
[HD]sbs cjb,https://t.freetv.fun/live/sbs-cjb.m3u8
[BD]kanal d,https://t.freetv.fun/live/kanal-d-1.m3u8
[BD]sv plus,https://t.freetv.fun/live/sv-plus.m3u8
[HD]kanal 15,https://t.freetv.fun/live/kanal-15.m3u8
[BD]scorch tv,https://t.freetv.fun/live/scorch-tv.m3u8
[SD]kanal d2,https://t.freetv.fun/live/kanal-d2.m3u8
[BD]sky sport bundesliga de,https://t.freetv.fun/live/sky-sport-bundesliga-de.m3u8
[HD]kanal 35,https://t.freetv.fun/live/kanal-35.m3u8
[SD]sky news,https://t.freetv.fun/live/sky-news.m3u8
[HD]karbala tv channel,https://t.freetv.fun/live/karbala-tv-channel.ts
[BD]sky sport calcio ᵁᴴᴰ,https://t.freetv.fun/live/sky-sport-calcio-uhd.m3u8
[BD]karbala documentary,https://t.freetv.fun/live/karbala-documentary.m3u8
[HD]sky sport calcio ᴴᴰ,https://t.freetv.fun/live/sky-sport-calcio-hd.m3u8
[BD]qazsport,https://t.freetv.fun/live/qazsport.m3u8
[BD]sky sports football 50fps,https://t.freetv.fun/live/sky-sports-football-50fps.m3u8
[BD]kika,https://t.freetv.fun/live/kika.m3u8
[BD]sky sports football,https://t.freetv.fun/live/sky-sports-football-3.ts
[HD]kika,https://t.freetv.fun/live/kika-1.m3u8
[HD]soltv,https://t.freetv.fun/live/soltv.m3u8
[BD]miel tv,https://t.freetv.fun/live/miel-tv.m3u8
[HD]cine sony,https://t.freetv.fun/live/cine-sony.m3u8
[HD]miel tv,https://t.freetv.fun/live/miel-tv-1.m3u8
[HD]sony movies,https://t.freetv.fun/live/sony-movies-1.m3u8
[BD]tvp info,https://t.freetv.fun/live/tvp-info.m3u8
[BD]sportklub,https://t.freetv.fun/live/sportklub.m3u8
[BD]kino tv,https://t.freetv.fun/live/kino-tv-1.m3u8
[BD]sport tv 3 pt,https://t.freetv.fun/live/sport-tv-3-pt.m3u8
[BD]kiss tv,https://t.freetv.fun/live/kiss-tv-1.m3u8
[HD]sport tv 4 pt,https://t.freetv.fun/live/sport-tv-4-pt.m3u8
[SD]klasik,https://t.freetv.fun/live/klasik.php
[BD]sport tv 5 pt,https://t.freetv.fun/live/sport-tv-5-pt.m3u8
[HD]music pop,https://t.freetv.fun/live/music-pop.m3u8
[BD]sportv 2,https://t.freetv.fun/live/sportv-2.m3u8
[BD]pop,https://t.freetv.fun/live/pop-1.m3u8
[BD]spotv,https://t.freetv.fun/live/spotv.m3u8
[BD]kurdistan 24,https://t.freetv.fun/live/kurdistan-24.m3u8
[BD]spotv 2,https://t.freetv.fun/live/spotv-2.m3u8
[BD]kuriakos kids,https://t.freetv.fun/live/kuriakos-kids.m3u8
[BD]star channel,https://t.freetv.fun/live/star-channel.m3u8
[BD]la 5,https://t.freetv.fun/live/la-5.m3u8
[BD]star channel,https://t.freetv.fun/live/star-channel-1.m3u8
[VGA]музыка 2 international,https://t.freetv.fun/live/muzyka-2-international.m3u8
[SD]star channel,https://t.freetv.fun/live/star-channel-2.m3u8
[SD]1 plus 1 international,https://t.freetv.fun/live/1-plus-1-international-1.m3u8
[SD]star movies india,https://t.freetv.fun/live/star-movies-india.m3u8
[SD]lbc international,https://t.freetv.fun/live/lbc-international.m3u8
[VGA]studio universal,https://t.freetv.fun/live/studio-universal.m3u8
[BD]lci,https://t.freetv.fun/live/lci.m3u8
[BD]studio universal,https://t.freetv.fun/live/studio-universal-1.m3u8
[HD]acn tv,https://t.freetv.fun/live/acn-tv.m3u8
[BD]m-studio,https://t.freetv.fun/live/m-studio.m3u8
[BD]cleo tv,https://t.freetv.fun/live/cleo-tv.m3u8
[BD]stvr,https://t.freetv.fun/live/stvr.php
[BD]cleo tv,https://t.freetv.fun/live/cleo-tv-1.m3u8
[BD]stvr,https://t.freetv.fun/live/stvr-1.php
[SD]biznet lifestyle,https://t.freetv.fun/live/biznet-lifestyle.m3u8
[HD]bstv,https://t.freetv.fun/live/bstv.m3u8
[HD]la red,https://t.freetv.fun/live/la-red.m3u8
[SD]abai tv,https://t.freetv.fun/live/abai-tv.m3u8
[BD]la tele,https://t.freetv.fun/live/la-tele-2.m3u8
[BD]abai tv,https://t.freetv.fun/live/abai-tv-1.m3u8
[BD]alawla tv,https://t.freetv.fun/live/alawla-tv.m3u8
[BD]musawachannel,https://t.freetv.fun/live/musawachannel.m3u8
[HD]lifetime,https://t.freetv.fun/live/lifetime-1.m3u8
[BD]anand tv,https://t.freetv.fun/live/anand-tv.m3u8
[HD]lider tv,https://t.freetv.fun/live/lider-tv-1.m3u8
[SD]lana tv,https://t.freetv.fun/live/lana-tv.m3u8
[BD]logos tv,https://t.freetv.fun/live/logos-tv-1.m3u8
[BD]sivan tv,https://t.freetv.fun/live/sivan-tv.m3u8
[BD]love nature,https://t.freetv.fun/live/love-nature-3.m3u8
[HD]anand tv,https://t.freetv.fun/live/anand-tv-1.m3u8
[BD]love nature,https://t.freetv.fun/live/love-nature-5.m3u8
[SD]astana tv,https://t.freetv.fun/live/astana-tv.m3u8
[BD]love nature,https://t.freetv.fun/live/love-nature-6.m3u8
[SD]box tv,https://t.freetv.fun/live/box-tv.m3u8
[BD]love nature ca,https://t.freetv.fun/live/love-nature-ca.m3u8
[HD]señal colombia,https://t.freetv.fun/live/senal-colombia-1.m3u8
[BD]m6,https://t.freetv.fun/live/m6.m3u8
[BD]showcase ca,https://t.freetv.fun/live/showcase-ca.m3u8
[HD]music black,https://t.freetv.fun/live/music-black.m3u8
[HD]showtime women,https://t.freetv.fun/live/showtime-women.m3u8
[HD]music hits,https://t.freetv.fun/live/music-hits.m3u8
[HD]showtime 2,https://t.freetv.fun/live/showtime-2.m3u8
[SD]hit mix music,https://t.freetv.fun/live/hit-mix-music.m3u8
[HD]showtime extreme,https://t.freetv.fun/live/showtime-extreme.m3u8
[SD]mma-tv,https://t.freetv.fun/live/mma-tv.m3u8
[BD]showtime next,https://t.freetv.fun/live/showtime-next.m3u8
[SD]mma-tv,https://t.freetv.fun/live/mma-tv-2.m3u8
[HD]Showtime Next *tv,https://t.freetv.fun/live/showtime-next-tv.ts
[BD]tv max,https://t.freetv.fun/live/tv-max.m3u8
[BD]Showtime Showcase *tv,https://t.freetv.fun/live/showtime-showcase-tv.ts
[HD]tv max,https://t.freetv.fun/live/tv-max-1.m3u8
[HD]skai tv,https://t.freetv.fun/live/skai-tv.m3u8
[HD]tv max,https://t.freetv.fun/live/tv-max-2.m3u8
[BD]sky mix uk,https://t.freetv.fun/live/sky-mix-uk.m3u8
[SD]mma-tv,https://t.freetv.fun/live/mma-tv-1.m3u8
[BD]sky sports uhd 2 uk,https://t.freetv.fun/live/sky-sports-uhd-2-uk.m3u8
[BD]drama por m plus es,https://t.freetv.fun/live/drama-por-m-plus-es.m3u8
[BD]sky sports action uk,https://t.freetv.fun/live/sky-sports-action-uk.m3u8
[HD]2 plus 2 sd,https://t.freetv.fun/live/2-plus-2-sd.m3u8
[BD]sky cinema premiere uk,https://t.freetv.fun/live/sky-cinema-premiere-uk.m3u8
[HD]2 plus 2,https://t.freetv.fun/live/2-plus-2.m3u8
[BD]sky cinema greats uk,https://t.freetv.fun/live/sky-cinema-greats-uk.m3u8
[SD]mcm top,https://t.freetv.fun/live/mcm-top.m3u8
[BD]sky cinema hits uk,https://t.freetv.fun/live/sky-cinema-hits-uk.m3u8
[SD]mcm top,https://t.freetv.fun/live/mcm-top-1.m3u8
[HD]music classics,https://t.freetv.fun/live/music-classics.m3u8
[HD]metro tv,https://t.freetv.fun/live/metro-tv.m3u8
[BD]cartoon classics,https://t.freetv.fun/live/cartoon-classics.m3u8
[BD]metro tv,https://t.freetv.fun/live/metro-tv-1.m3u8
[BD]sky cinema comedy uk,https://t.freetv.fun/live/sky-cinema-comedy-uk.m3u8
[BD]mezzo,https://t.freetv.fun/live/mezzo.m3u8
[BD]sky cinema drama uk,https://t.freetv.fun/live/sky-cinema-drama-uk.m3u8
[BD]msg,https://t.freetv.fun/live/msg.m3u8
[BD]sky cinema family uk,https://t.freetv.fun/live/sky-cinema-family-uk.m3u8
[BD]radio moldova,https://t.freetv.fun/live/radio-moldova.m3u8
[SD]krimi,https://t.freetv.fun/live/krimi.php
[BD]momo親子,https://t.freetv.fun/live/momoqin-zi.php
[HD]krimi,https://t.freetv.fun/live/krimi-1.m3u8
[BD]mytime movie network,https://t.freetv.fun/live/mytime-movie-network-2.m3u8
[BD]sky cinema sci-fi horror uk,https://t.freetv.fun/live/sky-cinema-sci-fi-horror-uk.m3u8
[HD]movies!,https://t.freetv.fun/live/movies.m3u8
[BD]pbs nature,https://t.freetv.fun/live/pbs-nature.m3u8
[HD]tvs drive in movie (360p),https://t.freetv.fun/live/tvs-drive-in-movie-360p.m3u8
[BD]sky news arabia,https://t.freetv.fun/live/sky-news-arabia.m3u8
[HD]mtv2,https://t.freetv.fun/live/mtv2.m3u8
[BD]sky news arabia,https://t.freetv.fun/live/sky-news-arabia-1.m3u8
[BD]mtv2,https://t.freetv.fun/live/mtv2-1.m3u8
[BD]sky news arabia,https://t.freetv.fun/live/sky-news-arabia-2.m3u8
[HD]mtv2,https://t.freetv.fun/live/mtv2-2.m3u8
[BD]sky news arabia,https://t.freetv.fun/live/sky-news-arabia-3.m3u8
[HD]MTV HD *tv,https://t.freetv.fun/live/mtv-hd-tv.ts
[HD]live,https://t.freetv.fun/live/live.ts
[BD]mtv,https://t.freetv.fun/live/mtv-1.m3u8
[BD]sky news urdu,https://t.freetv.fun/live/sky-news-urdu.m3u8
[BD]mtv,https://t.freetv.fun/live/mtv-1-1.m3u8
[BD]sky sport 24 it,https://t.freetv.fun/live/sky-sport-24-it.m3u8
[SD]mtv,https://t.freetv.fun/live/mtv-4.m3u8
[HD]sky sport bar due ᵁᴴᴰ,https://t.freetv.fun/live/sky-sport-bar-due-uhd.m3u8
[BD]mtv,https://t.freetv.fun/live/mtv-5.m3u8
[HD]sky sport mmotogp ᴴᴰ,https://t.freetv.fun/live/sky-sport-mmotogp-hd.m3u8
[HD]mtv,https://t.freetv.fun/live/mtv-6.m3u8
[HD]sky sport bar due ᴴᴰ,https://t.freetv.fun/live/sky-sport-bar-due-hd.m3u8
[BD]mtv live,https://t.freetv.fun/live/mtv-live.m3u8
[BD]sky sport motogp it,https://t.freetv.fun/live/sky-sport-motogp-it.m3u8
[SD]mtv live,https://t.freetv.fun/live/mtv-live-2.m3u8
[BD]sky sport f1 it,https://t.freetv.fun/live/sky-sport-f1-it.m3u8
[BD]stvr live,https://t.freetv.fun/live/stvr-live.php
[BD]sky sports plus uk,https://t.freetv.fun/live/sky-sports-plus-uk.m3u8
[BD]pulse,https://t.freetv.fun/live/pulse.m3u8
[BD]sky sports cricket uk,https://t.freetv.fun/live/sky-sports-cricket-uk.m3u8
[HD]maidan,https://t.freetv.fun/live/maidan.m3u8
[BD]sky sports f1 uk,https://t.freetv.fun/live/sky-sports-f1-uk.m3u8
[VGA]ciudad magazine,https://t.freetv.fun/live/ciudad-magazine.m3u8
[BD]sky sports f1 uk,https://t.freetv.fun/live/sky-sports-f1-uk-1.m3u8
[BD]nw magazine,https://t.freetv.fun/live/nw-magazine-1.m3u8
[HD]sky sport golf,https://t.freetv.fun/live/sky-sport-golf.m3u8
[BD]man-ga,https://t.freetv.fun/live/man-ga.m3u
[BD]sky sports golf uk,https://t.freetv.fun/live/sky-sports-golf-uk.m3u8
[BD]ahora tv,https://t.freetv.fun/live/ahora-tv.m3u8
[BD]sky sports main event 50fps,https://t.freetv.fun/live/sky-sports-main-event-50fps.m3u8
[BD]maray tv,https://t.freetv.fun/live/maray-tv.m3u8
[BD]sky sports main event 50fps,https://t.freetv.fun/live/sky-sports-main-event-50fps-1.m3u8
[HD]cajamarca tv,https://t.freetv.fun/live/cajamarca-tv.m3u8
[BD]sky sports main event uk,https://t.freetv.fun/live/sky-sports-main-event-uk-2.m3u8
[HD]cajamarca tv,https://t.freetv.fun/live/cajamarca-tv-1.m3u8
[BD]sky sports news,https://t.freetv.fun/live/sky-sports-news.ts
[HD]azan tv,https://t.freetv.fun/live/azan-tv.m3u8
[BD]sky sports news uk,https://t.freetv.fun/live/sky-sports-news-uk.m3u8
[BD]aza tv,https://t.freetv.fun/live/aza-tv.m3u8
[BD]sky sports premier league,https://t.freetv.fun/live/sky-sports-premier-league-1.ts
[BD]mediaset extra,https://t.freetv.fun/live/mediaset-extra.m3u8
[BD]sky sports premier league 50fps,https://t.freetv.fun/live/sky-sports-premier-league-50fps.m3u8
[BD]mediaset italia due,https://t.freetv.fun/live/mediaset-italia-due.m3u8
[BD]sky sports premier league uk,https://t.freetv.fun/live/sky-sports-premier-league-uk.m3u8
[BD]mediaset italia,https://t.freetv.fun/live/mediaset-italia.m3u8
[BD]sky sport tennis it,https://t.freetv.fun/live/sky-sport-tennis-it.m3u8
[BD]mediaset italia usa,https://t.freetv.fun/live/mediaset-italia-usa.m3u8
[BD]sky sports tennis uk,https://t.freetv.fun/live/sky-sports-tennis-uk.m3u8
[BD]mediaset italia australia,https://t.freetv.fun/live/mediaset-italia-australia.m3u8
[HD]usa,https://t.freetv.fun/live/usa-2.m3u8
[BD]mega,https://t.freetv.fun/live/mega-1-1.m3u8
[BD]sky sport uno it,https://t.freetv.fun/live/sky-sport-uno-it.m3u8
[VGA]mega,https://t.freetv.fun/live/mega-2-2.m3u8
[SD]smithsonian channel selects,https://t.freetv.fun/live/smithsonian-channel-selects.m3u8
[BD]mega,https://t.freetv.fun/live/mega-2.m3u8
[HD]smithsonian channel,https://t.freetv.fun/live/smithsonian-channel.m3u8
[HD]mega tv,https://t.freetv.fun/live/mega-tv-1.m3u8
[SD]smithsonian channel,https://t.freetv.fun/live/smithsonian-channel-1.m3u8
[BD]mega,https://t.freetv.fun/live/mega-3-1.m3u8
[HD]samay national,https://t.freetv.fun/live/samay-national.m3u8
[BD]megavision canal 43,https://t.freetv.fun/live/megavision-canal-43.m3u8
[HD]sony channel,https://t.freetv.fun/live/sony-channel.m3u8
[BD]megavisión,https://t.freetv.fun/live/megavision.m3u8
[BD]sony channel,https://t.freetv.fun/live/sony-channel-1.m3u8
[HD]gigavision,https://t.freetv.fun/live/gigavision.m3u8
[BD]sony movie channel,https://t.freetv.fun/live/sony-movie-channel.m3u8
[BD]gamavision,https://t.freetv.fun/live/gamavision-1.m3u8
[BD]sony channel andes,https://t.freetv.fun/live/sony-channel-andes.m3u8
[BD]up tv,https://t.freetv.fun/live/up-tv.m3u8
[HD]liv,https://t.freetv.fun/live/liv.m3u8
[SD]minimax,https://t.freetv.fun/live/minimax.m3u8
[SD]india,https://t.freetv.fun/live/india.m3u8
[VGA]minimax,https://t.freetv.fun/live/minimax-2.m3u8
[BD]fon music,https://t.freetv.fun/live/fon-music.m3u8
[VGA]mir 24,https://t.freetv.fun/live/mir-24-1.m3u8
[BD]sony one favoris,https://t.freetv.fun/live/sony-one-favoris.m3u8
[SD]044 mir,https://t.freetv.fun/live/044-mir.m3u8
[SD].sci-fi,https://t.freetv.fun/live/sci-fi-2.m3u8
[HD]moy mir,https://t.freetv.fun/live/moy-mir.m3u8
[SD].sci-fi,https://t.freetv.fun/live/sci-fi-3.m3u8
[BD]miracle tv,https://t.freetv.fun/live/miracle-tv-1.m3u8
[SD].sci-fi,https://t.freetv.fun/live/sci-fi-4.m3u8
[HD]itv deportes,https://t.freetv.fun/live/itv-deportes.m3u8
[SD]sci fi,https://t.freetv.fun/live/sci-fi-1.m3u8
[HD]itv deportes,https://t.freetv.fun/live/itv-deportes-1.m3u8
[BD]sony sports ten 1,https://t.freetv.fun/live/sony-sports-ten-1.ts
[HD]tolo tv,https://t.freetv.fun/live/tolo-tv.m3u8
[SD]spacetoon arabic,https://t.freetv.fun/live/spacetoon-arabic.m3u8
[BD]tv mon,https://t.freetv.fun/live/tv-mon.m3u8
[BD]sport 1 baltic,https://t.freetv.fun/live/sport-1-baltic.m3u8
[SD]moskva. doveriye,https://t.freetv.fun/live/moskva-doveriye.m3u8
[BD]nw sport 1,https://t.freetv.fun/live/nw-sport-1.m3u8
[VGA]movistar deportes,https://t.freetv.fun/live/movistar-deportes.m3u8
[SD]viju plus sport,https://t.freetv.fun/live/viju-plus-sport-1.m3u8
[HD]multishow,https://t.freetv.fun/live/multishow-1.m3u8
[BD]ktv sport plus,https://t.freetv.fun/live/ktv-sport-plus.m3u8
[BD]retro music tv ⓢ,https://t.freetv.fun/live/retro-music-tv-s.m3u8
[SD]sport plus kazakhstan,https://t.freetv.fun/live/sport-plus-kazakhstan.m3u8
[BD]My Cinema Europe *$,https://t.freetv.fun/live/my-cinema-europe-2.m3u8
[SD]viju plus sport,https://t.freetv.fun/live/viju-plus-sport-2.m3u8
[BD]myzen,https://t.freetv.fun/live/myzen.m3u8
[BD]sport tv1,https://t.freetv.fun/live/sport-tv1.m3u8
[BD]cs mystery,https://t.freetv.fun/live/cs-mystery.php
[BD]sport tv2,https://t.freetv.fun/live/sport-tv2.m3u8
[BD]nasa tv,https://t.freetv.fun/live/nasa-tv.m3u8
[BD]sport tv5,https://t.freetv.fun/live/sport-tv5.m3u8
[SD]nat geo wild,https://t.freetv.fun/live/nat-geo-wild.m3u8
[BD]marquee sports network,https://t.freetv.fun/live/marquee-sports-network.m3u8
[HD]nat geo wild,https://t.freetv.fun/live/nat-geo-wild-2.m3u8
[BD]women's sports network,https://t.freetv.fun/live/women-s-sports-network-1.m3u8
[HD]nat geo wild,https://t.freetv.fun/live/nat-geo-wild-3.m3u8
[BD]chicago sports network,https://t.freetv.fun/live/chicago-sports-network.m3u8
[BD]wild nature,https://t.freetv.fun/live/wild-nature.m3u8
[BD]fubo sports network,https://t.freetv.fun/live/fubo-sports-network-1.m3u8
[BD]nba tv,https://t.freetv.fun/live/nba-tv.m3u8
[BD]cowboy plus sports,https://t.freetv.fun/live/cowboy-plus-sports.m3u8
[BD]nbc,https://t.freetv.fun/live/nbc.m3u8
[HD]sportsnet new york,https://t.freetv.fun/live/sportsnet-new-york.ts
[HD]wabc abc new york,https://t.freetv.fun/live/wabc-abc-new-york.m3u8
[HD]sportsnet new york,https://t.freetv.fun/live/sportsnet-new-york-1.m3u8
[BD]wnbc nbc new york,https://t.freetv.fun/live/wnbc-nbc-new-york.m3u8
[BD]sportsnet one ca,https://t.freetv.fun/live/sportsnet-one-ca.m3u8
[BD]nbc news now,https://t.freetv.fun/live/nbc-news-now-2.m3u8
[BD]sportsnet 360,https://t.freetv.fun/live/sportsnet-360.ts
[BD]nbc news now,https://t.freetv.fun/live/nbc-news-now-3.m3u8
[BD]sportsnet ca,https://t.freetv.fun/live/sportsnet-ca.m3u8
[BD]nbc sports boston,https://t.freetv.fun/live/nbc-sports-boston.m3u8
[BD]sportsnet east,https://t.freetv.fun/live/sportsnet-east.ts
[BD]nbc sports bay area,https://t.freetv.fun/live/nbc-sports-bay-area.m3u8
[HD]stadium,https://t.freetv.fun/live/stadium.m3u8
[HD]nbcsn,https://t.freetv.fun/live/nbcsn.m3u8
[BD]star cinema,https://t.freetv.fun/live/star-cinema.m3u8
[BD]gnn tv,https://t.freetv.fun/live/gnn-tv.m3u8
[BD]star cinema,https://t.freetv.fun/live/star-cinema-1.m3u8
[BD]黔南,rtmp://tv.qntv.net/channellive/ch1
[SD]star crime,https://t.freetv.fun/live/star-crime.m3u8
[BD]nbt,https://t.freetv.fun/live/nbt.m3u8
[HD]lone star,https://t.freetv.fun/live/lone-star.m3u8
[HD]ndtv india,https://t.freetv.fun/live/ndtv-india.m3u8
[BD]star,https://t.freetv.fun/live/star-1.m3u8
[HD]ndtv,https://t.freetv.fun/live/ndtv.m3u8
[SD]ocko star,https://t.freetv.fun/live/ocko-star.m3u8
[HD]印度ndtv india,https://t.freetv.fun/live/yin-du-ndtv-india.m3u8
[BD]star,https://t.freetv.fun/live/star-2.m3u8
[BD]eko tv,https://t.freetv.fun/live/eko-tv-1.m3u8
[SD]tve star,https://t.freetv.fun/live/tve-star.m3u8
[HD]neo tv,https://t.freetv.fun/live/neo-tv-1.m3u8
[BD]tve star,https://t.freetv.fun/live/tve-star-1.m3u8
[BD]nesn,https://t.freetv.fun/live/nesn.m3u8
[SD]star life,https://t.freetv.fun/live/star-life.m3u8
[HD]lao net tv,https://t.freetv.fun/live/lao-net-tv.m3u8
[BD]ocko star,https://t.freetv.fun/live/ocko-star-2.m3u8
[BD]nhk world,https://t.freetv.fun/live/nhk-world.m3u8
[BD]star,https://t.freetv.fun/live/star-4.m3u8
[BD]nhk world-japan,https://t.freetv.fun/live/nhk-world-japan-1.m3u8
[HD]gold star,https://t.freetv.fun/live/gold-star.m3u8
[BD]nfl network,https://t.freetv.fun/live/nfl-network.m3u8
[HD]start tv,https://t.freetv.fun/live/start-tv.m3u8
[HD]nfl network,https://t.freetv.fun/live/nfl-network-1.m3u8
[HD]start tv,https://t.freetv.fun/live/start-tv-1.m3u8
[BD]nhl network,https://t.freetv.fun/live/nhl-network-1.m3u8
[BD]stryk tv (1080p),https://t.freetv.fun/live/stryk-tv-1080p.m3u8
[HD]sonic tv,https://t.freetv.fun/live/sonic-tv.m3u8
[SD]start world,https://t.freetv.fun/live/start-world-1.m3u8
[SD]noursat,https://t.freetv.fun/live/noursat.m3u8
[BD]cars stars tv,https://t.freetv.fun/live/cars-stars-tv.m3u8
[BD]now新聞,https://t.freetv.fun/live/nowxin-wen.m3u8
[HD]starz,https://t.freetv.fun/live/starz.m3u8
[BD]now新聞,https://t.freetv.fun/live/nowxin-wen-1.php
[HD]starz,https://t.freetv.fun/live/starz-1.m3u8
[BD]bnt 3,https://t.freetv.fun/live/bnt-3.m3u8
[BD]Starz Cinema,https://t.freetv.fun/live/starz-cinema-vt.m3u8
[HD]ntn,https://t.freetv.fun/live/ntn.m3u8
[BD]starz cinema,https://t.freetv.fun/live/starz-cinema.m3u8
[BD]ntn,https://t.freetv.fun/live/ntn-1.m3u8
[HD]Starz Cinema *tv,https://t.freetv.fun/live/starz-cinema-tv.ts
[VGA]canal n,https://t.freetv.fun/live/canal-n.m3u8
[BD]starz cinema,https://t.freetv.fun/live/starz-cinema-1.m3u8
[HD]ntv,https://t.freetv.fun/live/ntv.m3u8
[BD]starz edge,https://t.freetv.fun/live/starz-edge.m3u8
[HD]ntv,https://t.freetv.fun/live/ntv-1.m3u8
[HD]Starz Edge *tv,https://t.freetv.fun/live/starz-edge-tv.ts
[HD]nhtv,https://t.freetv.fun/live/nhtv.m3u8
[BD]starz encore action,https://t.freetv.fun/live/starz-encore-action.m3u8
[SD]ntv mir,https://t.freetv.fun/live/ntv-mir.m3u8
[HD]starz encore westerns,https://t.freetv.fun/live/starz-encore-westerns.m3u8
[HD]national geographic,https://t.freetv.fun/live/national-geographic.m3u8
[BD]Starz Encore *tv,https://t.freetv.fun/live/starz-encore-tv.ts
[SD]national geographic wild,https://t.freetv.fun/live/national-geographic-wild.m3u8
[BD]Starz West *tv,https://t.freetv.fun/live/starz-west-tv.ts
[BD]national geographic,https://t.freetv.fun/live/national-geographic-1.m3u8
[BD]sundance tv,https://t.freetv.fun/live/sundance-tv.m3u8
[BD]national geographic,https://t.freetv.fun/live/national-geographic-2.m3u8
[BD]suyai tv,https://t.freetv.fun/live/suyai-tv.m3u8
[HD]national geographic wild,https://t.freetv.fun/live/national-geographic-wild-2.m3u8
[BD]SYFY,https://t.freetv.fun/live/syfy-1-1.m3u8
[HD]national geographic,https://t.freetv.fun/live/national-geographic-3.m3u8
[HD]syfy,https://t.freetv.fun/live/syfy-1.m3u8
[SD]national geographic,https://t.freetv.fun/live/national-geographic-5.m3u8
[BD]syfy,https://t.freetv.fun/live/syfy-2.m3u8
[SD]national geographic,https://t.freetv.fun/live/national-geographic-6.m3u8
[SD]syfy,https://t.freetv.fun/live/syfy-3.m3u8
[BD]national geographic wild,https://t.freetv.fun/live/national-geographic-wild-4.m3u8
[VGA]ta3,https://t.freetv.fun/live/ta3.php
[HD]national geographic west,https://t.freetv.fun/live/national-geographic-west.m3u8
[SD]tbn,https://t.freetv.fun/live/tbn.m3u8
[HD]national geographic wild,https://t.freetv.fun/live/national-geographic-wild-5.m3u8
[BD]tbn,https://t.freetv.fun/live/tbn-1.m3u8
[BD]105 national geographic,https://t.freetv.fun/live/105-national-geographic.m3u8
[SD]cctv-2财经,https://t.freetv.fun/live/cctv-2cai-jing-1.m3u8
[BD]national geographic latin america,https://t.freetv.fun/live/national-geographic-latin-america.m3u8
[BD]cctv-2财经,https://t.freetv.fun/live/cctv-2cai-jing-3.m3u8
[HD]latina tv,https://t.freetv.fun/live/latina-tv-1.m3u8
[SD]cctv-2财经,https://t.freetv.fun/live/cctv-2cai-jing-4.m3u8
[HD]newkid4,https://t.freetv.fun/live/newkid4.m3u8
[HD]cctv-2财经,https://t.freetv.fun/live/cctv-2cai-jing-5.m3u8
[HD]newkid4,https://t.freetv.fun/live/newkid4-1.m3u8
[HD]cctv-2财经,https://t.freetv.fun/live/cctv-2cai-jing-6.m3u8
[BD]newsnation,https://t.freetv.fun/live/newsnation.m3u8
[SD]cctv-2财经,https://t.freetv.fun/live/cctv-2cai-jing-7.m3u8
[BD]nesn nation,https://t.freetv.fun/live/nesn-nation.m3u8
[SD]cctv-2财经,https://t.freetv.fun/live/cctv-2cai-jing-8.m3u8
[BD]newsnation,https://t.freetv.fun/live/newsnation-2.m3u8
[BD]cctv-2财经,https://t.freetv.fun/live/cctv-2cai-jing-9.m3u8
[BD]newsmax tv,https://t.freetv.fun/live/newsmax-tv.m3u8
[BD]cctv-2财经,https://t.freetv.fun/live/cctv-2cai-jing-10.m3u8
[BD]newsmax spanish,https://t.freetv.fun/live/newsmax-spanish.m3u8
[SD]cctv-2财经,https://t.freetv.fun/live/cctv-2cai-jing-11.m3u8
[BD]newsmax balkans,https://t.freetv.fun/live/newsmax-balkans.m3u8
[SD]cctv-2财经,https://t.freetv.fun/live/cctv-2cai-jing-12.m3u8
[BD]靖洋卡通nice bingo,https://t.freetv.fun/live/jing-yang-qia-tong-nice-bingo.m3u8
[HD]tea tv,https://t.freetv.fun/live/tea-tv.m3u8
[HD]nick jr,https://t.freetv.fun/live/nick-jr-3-1.m3u8
[HD]telecanal santa cruz,https://t.freetv.fun/live/telecanal-santa-cruz.m3u8
[BD]nick jr.,https://t.freetv.fun/live/nick-jr-2.m3u8
[SD]telerama,https://t.freetv.fun/live/telerama.m3u8
[SD]nick jr.,https://t.freetv.fun/live/nick-jr-1-1.m3u8
[HD]telemas,https://t.freetv.fun/live/telemas-1.m3u8
[SD]nick jr.,https://t.freetv.fun/live/nick-jr-2-1.m3u8
[BD]tet,https://t.freetv.fun/live/tet-3.m3u8
[BD]nick jr.,https://t.freetv.fun/live/nick-jr-3.m3u8
[HD]tf1,https://t.freetv.fun/live/tf1.m3u8
[BD]nick jr.,https://t.freetv.fun/live/nick-jr-4.m3u8
[SD]trt haber,https://t.freetv.fun/live/trt-haber.m3u8
[VGA]nick jr.,https://t.freetv.fun/live/nick-jr-6.m3u8
[HD]tgrt haber,https://t.freetv.fun/live/tgrt-haber.m3u8
[HD]Nick Jr. *tv,https://t.freetv.fun/live/nick-jr-tv.ts
[BD]sports grid,https://t.freetv.fun/live/sports-grid.m3u8
[BD]Nick Jr. *$,https://t.freetv.fun/live/nick-jr-5.m3u8
[BD]ttv,https://t.freetv.fun/live/ttv.m3u8
[HD]NIcktoons *tv,https://t.freetv.fun/live/nicktoons-tv.ts
[HD]tlc,https://t.freetv.fun/live/tlc-1.m3u8
[BD]Nickelodeon,https://t.freetv.fun/live/nickelodeon-vt.m3u8
[BD]tlc,https://t.freetv.fun/live/tlc-2.m3u8
[BD]nickelodeon,https://t.freetv.fun/live/nickelodeon.m3u8
[BD]tlc,https://t.freetv.fun/live/tlc-5.m3u8
[BD]nickelodeon,https://t.freetv.fun/live/nickelodeon-1.m3u8
[BD]ntn24,https://t.freetv.fun/live/ntn24.m3u8
[BD]nickelodeon,https://t.freetv.fun/live/nickelodeon-2.m3u8
[SD]t24,https://t.freetv.fun/live/t24.m3u8
[SD]nickelodeon,https://t.freetv.fun/live/nickelodeon-4.m3u8
[BD]tnt,https://t.freetv.fun/live/tnt-1.m3u8
[SD]nickelodeon,https://t.freetv.fun/live/nickelodeon-5.m3u8
[SD]tnt,https://t.freetv.fun/live/tnt-1-1.m3u8
[SD]nickelodeon,https://t.freetv.fun/live/nickelodeon-7.m3u8
[BD]tntsports1,https://t.freetv.fun/live/tntsports1.php
[BD]nickelodeon,https://t.freetv.fun/live/nickelodeon-9.m3u8
[BD]tnt sports 1,https://t.freetv.fun/live/tnt-sports-1-1.m3u8
[BD]099 nickelodeon,https://t.freetv.fun/live/099-nickelodeon.m3u8
[BD]tnt sports 1 50fps,https://t.freetv.fun/live/tnt-sports-1-50fps.m3u8
[BD]nickelodeon cis,https://t.freetv.fun/live/nickelodeon-cis.m3u8
[BD]tnt sports 1 bola rusia,https://t.freetv.fun/live/tnt-sports-1-bola-rusia.m3u8
[BD]nicktoons,https://t.freetv.fun/live/nicktoons-1.m3u8
[HD]tnt sports 2,https://t.freetv.fun/live/tnt-sports-2.m3u8
[BD]nicktoons,https://t.freetv.fun/live/nicktoons-3.m3u8
[BD]tnt sports,https://t.freetv.fun/live/tnt-sports.m3u8
[BD]nicktoons cis,https://t.freetv.fun/live/nicktoons-cis.m3u8
[BD]tnt sports 3,https://t.freetv.fun/live/tnt-sports-3.m3u8
[SD]nicktoons,https://t.freetv.fun/live/nicktoons-4.m3u8
[BD]tnt sports 4,https://t.freetv.fun/live/tnt-sports-4-2.m3u8
[HD]bx culture,https://t.freetv.fun/live/bx-culture.m3u8
[BD]toonami,https://t.freetv.fun/live/toonami.m3u8
[HD]sbn tv international,https://t.freetv.fun/live/sbn-tv-international.m3u8
[BD]toonami,https://t.freetv.fun/live/toonami-1.m3u8
[BD]dubai tv international,https://t.freetv.fun/live/dubai-tv-international.m3u8
[SD]cape town tv,https://t.freetv.fun/live/cape-town-tv.m3u8
[BD]action hollywood movies,https://t.freetv.fun/live/action-hollywood-movies.m3u8
[SD]cape town tv (576p),https://t.freetv.fun/live/cape-town-tv-576p.m3u8
[BD]noor tv,https://t.freetv.fun/live/noor-tv-1.m3u8
[BD]intravel,https://t.freetv.fun/live/intravel-1.m3u8
[HD]noor tv (720p),https://t.freetv.fun/live/noor-tv-720p.m3u8
[VGA]travel,https://t.freetv.fun/live/travel.m3u8
[HD]ozono tv,https://t.freetv.fun/live/ozono-tv.m3u8
[BD]pbs travel,https://t.freetv.fun/live/pbs-travel.m3u8
[BD]rtv noord,https://t.freetv.fun/live/rtv-noord.m3u8
[HD]trt,https://t.freetv.fun/live/trt.m3u8
[BD]rtv noord,https://t.freetv.fun/live/rtv-noord-1.m3u8
[HD]trt,https://t.freetv.fun/live/trt-2.m3u8
[BD]nova,https://t.freetv.fun/live/nova.m3u8
[BD]trt avaz,https://t.freetv.fun/live/trt-avaz.m3u8
[SD]nova,https://t.freetv.fun/live/nova-2.m3u8
[BD]trt avaz,https://t.freetv.fun/live/trt-avaz-1.m3u8
[SD]kino nova,https://t.freetv.fun/live/kino-nova.m3u8
[BD]trt müzik,https://t.freetv.fun/live/trt-muzik.m3u8
[SD]nova gold,https://t.freetv.fun/live/nova-gold.php
[SD]trt müzik,https://t.freetv.fun/live/trt-muzik-1.m3u8
[SD]nova lady,https://t.freetv.fun/live/nova-lady.php
[BD]tvri world,https://t.freetv.fun/live/tvri-world.m3u8
[BD]nw sport 2,https://t.freetv.fun/live/nw-sport-2.m3u8
[BD]trt world,https://t.freetv.fun/live/trt-world.m3u8
[HD]kos tv,https://t.freetv.fun/live/kos-tv.m3u8
[BD]trt world,https://t.freetv.fun/live/trt-world-1.m3u8
[HD]sony movies,https://t.freetv.fun/live/sony-movies.m3u8
[BD]trt world tr,https://t.freetv.fun/live/trt-world-tr.m3u8
[BD]ok wernigerode,https://t.freetv.fun/live/ok-wernigerode.m3u8
[BD]trt world,https://t.freetv.fun/live/trt-world-3.m3u8
[BD]oman tv,https://t.freetv.fun/live/oman-tv.m3u8
[BD]tsn5,https://t.freetv.fun/live/tsn5.m3u8
[HD]company tv,https://t.freetv.fun/live/company-tv.m3u8
[BD]tsn1,https://t.freetv.fun/live/tsn1-1.ts
[SD]komsan tv,https://t.freetv.fun/live/komsan-tv.m3u8
[BD]tsn1,https://t.freetv.fun/live/tsn1-2.m3u8
[VGA]oman tv,https://t.freetv.fun/live/oman-tv-1.m3u8
[BD]tsn1 ca 02,https://t.freetv.fun/live/tsn1-ca-02.m3u8
[BD]tn live,https://t.freetv.fun/live/tn-live.php
[BD]tsn1 ca 01,https://t.freetv.fun/live/tsn1-ca-01.m3u8
[BD]oan plus,https://t.freetv.fun/live/oan-plus.m3u8
[BD]tsn2,https://t.freetv.fun/live/tsn2.m3u8
[BD]joj plus,https://t.freetv.fun/live/joj-plus.php
[HD]tsn3,https://t.freetv.fun/live/tsn3.m3u8
[HD]onni tv,https://t.freetv.fun/live/onni-tv.m3u8
[HD]tsn3 ca,https://t.freetv.fun/live/tsn3-ca.m3u8
[SD]onda tv,https://t.freetv.fun/live/onda-tv-1.m3u8
[HD]tsn4,https://t.freetv.fun/live/tsn4.m3u8
[BD]ocn tv,https://t.freetv.fun/live/ocn-tv.m3u8
[BD]tsn4 ca,https://t.freetv.fun/live/tsn4-ca.m3u8
[HD]onda tv,https://t.freetv.fun/live/onda-tv-2.m3u8
[SD]az tv,https://t.freetv.fun/live/az-tv.m3u8
[HD]tv one,https://t.freetv.fun/live/tv-one-2.m3u8
[BD]di tv,https://t.freetv.fun/live/di-tv.m3u8
[HD]tv one,https://t.freetv.fun/live/tv-one-3.m3u8
[VGA]fb tv,https://t.freetv.fun/live/fb-tv-1.m3u8
[HD]orf 2,https://t.freetv.fun/live/orf-2.m3u8
[BD]gp tv,https://t.freetv.fun/live/gp-tv.m3u8
[BD]premiere clubes,https://t.freetv.fun/live/premiere-clubes.m3u8
[SD]fb tv,https://t.freetv.fun/live/fb-tv-1.m3u8
[BD]otv lbn,https://t.freetv.fun/live/otv-lbn.m3u8
[SD]az tv,https://t.freetv.fun/live/az-tv-1.m3u8
[BD]otv,https://t.freetv.fun/live/otv-1.m3u8
[SD]az tv,https://t.freetv.fun/live/az-tv-2.m3u8
[BD]own,https://t.freetv.fun/live/own.m3u8
[HD]tu tv,https://t.freetv.fun/live/tu-tv.m3u8
[HD]onda tv,https://t.freetv.fun/live/onda-tv.m3u8
[BD]tsv,https://t.freetv.fun/live/tsv.m3u8
[BD]one america news network,https://t.freetv.fun/live/one-america-news-network.m3u8
[HD]ap tv,https://t.freetv.fun/live/ap-tv.m3u8
[BD]outdoor channel,https://t.freetv.fun/live/outdoor-channel-1.m3u8
[HD]comedy tv,https://t.freetv.fun/live/comedy-tv.m3u8
[BD]outdoor channel,https://t.freetv.fun/live/outdoor-channel-2.m3u8
[BD]vip megahit,https://t.freetv.fun/live/vip-megahit.m3u8
[HD]music,https://t.freetv.fun/live/music.m3u8
[BD]tvr 2,https://t.freetv.fun/live/tvr-2.m3u8
[BD]Paramount,https://t.freetv.fun/live/paramount-1.m3u8
[VGA]tv-3,https://t.freetv.fun/live/tv-3.m3u8
[HD]pbs kids,https://t.freetv.fun/live/pbs-kids.m3u8
[SD]3tv,https://t.freetv.fun/live/3tv.m3u8
[BD]pbs kids,https://t.freetv.fun/live/pbs-kids-1.m3u8
[BD]tvr 3,https://t.freetv.fun/live/tvr-3.m3u8
[BD]pet club tv,https://t.freetv.fun/live/pet-club-tv.m3u8
[SD]tv-3,https://t.freetv.fun/live/tv-3-1-1.m3u8
[BD]pet club tv,https://t.freetv.fun/live/pet-club-tv-1.m3u8
[HD]tv 538,https://t.freetv.fun/live/tv-538.m3u8
[BD]pop tv,https://t.freetv.fun/live/pop-tv.m3u8
[HD]hadi tv 7,https://t.freetv.fun/live/hadi-tv-7.m3u8
[VGA]canal 1,https://t.freetv.fun/live/canal-1.m3u8
[BD]7tv,https://t.freetv.fun/live/7tv-1.m3u8
[SD]press tv,https://t.freetv.fun/live/press-tv.m3u8
[BD]tv aparecida,https://t.freetv.fun/live/tv-aparecida.m3u8
[SD]iran press (720p),https://t.freetv.fun/live/iran-press-720p.m3u8
[BD]tv aparecida,https://t.freetv.fun/live/tv-aparecida-1.m3u8
[VGA]iran press,https://t.freetv.fun/live/iran-press.m3u8
[HD]tv brasil,https://t.freetv.fun/live/tv-brasil-1.m3u8
[HD]ptv,https://t.freetv.fun/live/ptv.m3u8
[BD]trace brasil,https://t.freetv.fun/live/trace-brasil-1.m3u8
[VGA]tvs sports (720p) [not 24/7],https://t.freetv.fun/live/tvs-sports-720p-not-24-7.m3u8
[BD]itv brazil,https://t.freetv.fun/live/itv-brazil.m3u8
[BD]tvp world,https://t.freetv.fun/live/tvp-world.m3u8
[BD]tv brics,https://t.freetv.fun/live/tv-brics.m3u8
[BD]tvp world,https://t.freetv.fun/live/tvp-world-1.m3u8
[HD]tv chosun 2,https://t.freetv.fun/live/tv-chosun-2.m3u8
[SD]ptv,https://t.freetv.fun/live/ptv-1.m3u8
[SD]creta,https://t.freetv.fun/live/creta.m3u8
[BD]paramount network,https://t.freetv.fun/live/paramount-network.m3u8
[SD]tv cultura,https://t.freetv.fun/live/tv-cultura-1.m3u8
[BD]paramount network,https://t.freetv.fun/live/paramount-network-1.m3u8
[BD]tve cultura,https://t.freetv.fun/live/tve-cultura.m3u8
[BD]paramount network latin america,https://t.freetv.fun/live/paramount-network-latin-america.m3u8
[BD]cultura fast,https://t.freetv.fun/live/cultura-fast.m3u8
[HD]tvr parlemen,https://t.freetv.fun/live/tvr-parlemen.m3u8
[BD]tv escola,https://t.freetv.fun/live/tv-escola.m3u8
[BD]payam tv,https://t.freetv.fun/live/payam-tv.m3u8
[BD]tv gazeta,https://t.freetv.fun/live/tv-gazeta.m3u8
[BD]pixel tv,https://t.freetv.fun/live/pixel-tv.m3u8
[HD]tv gazeta,https://t.freetv.fun/live/tv-gazeta-1.m3u8
[BD]big planet,https://t.freetv.fun/live/big-planet.m3u8
[BD]joj,https://t.freetv.fun/live/joj.php
[BD]planète plus fr,https://t.freetv.fun/live/planete-plus-fr.m3u8
[BD]jojko,https://t.freetv.fun/live/jojko.php
[BD]popcorn central,https://t.freetv.fun/live/popcorn-central.m3u8
[BD]play tv,https://t.freetv.fun/live/play-tv.m3u8
[BD]polo tv,https://t.freetv.fun/live/polo-tv.m3u8
[BD]play tv,https://t.freetv.fun/live/play-tv-2.m3u8
[BD]polsat,https://t.freetv.fun/live/polsat.m3u8
[HD]play tv,https://t.freetv.fun/live/play-tv-3.m3u8
[BD]sky sport premier league de,https://t.freetv.fun/live/sky-sport-premier-league-de.m3u8
[BD]nove,https://t.freetv.fun/live/nove.m3u8
[BD]premier sports 1,https://t.freetv.fun/live/premier-sports-1.ts
[BD]nove,https://t.freetv.fun/live/nove-1.m3u8
[BD]premier sports 2,https://t.freetv.fun/live/premier-sports-2-1.ts
[BD]tv pirveli,https://t.freetv.fun/live/tv-pirveli.m3u8
[BD]premier sports 1 uk,https://t.freetv.fun/live/premier-sports-1-uk.m3u8
[SD]tv senado,https://t.freetv.fun/live/tv-senado.m3u8
[HD]prima,https://t.freetv.fun/live/prima-1.php
[HD]tv senado,https://t.freetv.fun/live/tv-senado-1.m3u8
[BD]qvc,https://t.freetv.fun/live/qvc.m3u8
[HD]tv senado,https://t.freetv.fun/live/tv-senado-2.m3u8
[BD]qvc,https://t.freetv.fun/live/qvc-2.m3u8
[BD]tvri sport,https://t.freetv.fun/live/tvri-sport.m3u8
[BD]qvc,https://t.freetv.fun/live/qvc-3.m3u8
[HD]čt sport,https://t.freetv.fun/live/ct-sport.m3u8
[BD]rtc quarta rete,https://t.freetv.fun/live/rtc-quarta-rete.m3u8
[BD]ktv sport (1080p),https://t.freetv.fun/live/ktv-sport-1080p.m3u8
[HD]uranio tv,https://t.freetv.fun/live/uranio-tv.m3u8
[VGA]ktv sport,https://t.freetv.fun/live/ktv-sport.m3u8
[HD]radio 51 tv,https://t.freetv.fun/live/radio-51-tv.m3u8
[BD]tvr sport,https://t.freetv.fun/live/tvr-sport.m3u8
[HD]radio 51 tv,https://t.freetv.fun/live/radio-51-tv-1.m3u8
[BD]sport tv plus pt,https://t.freetv.fun/live/sport-tv-plus-pt.m3u8
[BD]rbw,https://t.freetv.fun/live/rbw.m3u8
[BD]sport tv 1 pt,https://t.freetv.fun/live/sport-tv-1-pt.m3u8
[BD].red,https://t.freetv.fun/live/red-1.m3u8
[BD]sport tv 2 pt,https://t.freetv.fun/live/sport-tv-2-pt.m3u8
[SD].red,https://t.freetv.fun/live/red-2.m3u8
[BD]sport tv plus,https://t.freetv.fun/live/sport-tv-plus.m3u8
[BD].red,https://t.freetv.fun/live/red-3.m3u8
[HD]super tv,https://t.freetv.fun/live/super-tv.m3u8
[BD]rede tv!,https://t.freetv.fun/live/rede-tv.m3u8
[BD]super,https://t.freetv.fun/live/super.m3u8
[BD]ren tv,https://t.freetv.fun/live/ren-tv.m3u8
[HD]tv1,https://t.freetv.fun/live/tv1.m3u8
[BD]rewind tv,https://t.freetv.fun/live/rewind-tv.m3u8
[BD]tvp1,https://t.freetv.fun/live/tvp1.m3u8
[SD]ren tv,https://t.freetv.fun/live/ren-tv-1.m3u8
[HD]tv1,https://t.freetv.fun/live/tv1-1.m3u8
[SD]retro tv,https://t.freetv.fun/live/retro-tv-1.m3u8
[BD]ltv1,https://t.freetv.fun/live/ltv1.m3u8
[BD]retro tv,https://t.freetv.fun/live/retro-tv-2.m3u8
[SD]tv1000,https://t.freetv.fun/live/tv1000.m3u8
[BD]rfd-tv,https://t.freetv.fun/live/rfd-tv-1.m3u8
[SD]viju tv1000,https://t.freetv.fun/live/viju-tv1000-1.m3u8
[HD]agr fm tv,https://t.freetv.fun/live/agr-fm-tv.m3u8
[SD]viju tv1000,https://t.freetv.fun/live/viju-tv1000-2.m3u8
[HD]rmc decouverte,https://t.freetv.fun/live/rmc-decouverte.m3u8
[SD]tv1000,https://t.freetv.fun/live/tv1000-2.m3u8
[HD]rock entertainment,https://t.freetv.fun/live/rock-entertainment.m3u8
[SD]viju tv1000 action,https://t.freetv.fun/live/viju-tv1000-action-2.m3u8
[HD]rsi la 1,https://t.freetv.fun/live/rsi-la-1.m3u8
[BD]viju tv1000 action,https://t.freetv.fun/live/viju-tv1000-action-3.m3u8
[BD]rtu,https://t.freetv.fun/live/rtu.m3u8
[BD]tv1000 русское кино,https://t.freetv.fun/live/tv1000-russkoe-kino.m3u8
[BD]rt,https://t.freetv.fun/live/rt.m3u8
[SD]tv1000 русское кино,https://t.freetv.fun/live/tv1000-russkoe-kino-1.m3u8
[VGA]abn africa (480p),https://t.freetv.fun/live/abn-africa-480p.m3u8
[BD]tv2,https://t.freetv.fun/live/tv2.m3u8
[BD]rtg,https://t.freetv.fun/live/rtg.m3u8
[BD]tvp2,https://t.freetv.fun/live/tvp2.m3u8
[HD]rtg tv,https://t.freetv.fun/live/rtg-tv.m3u8
[HD]tv3,https://t.freetv.fun/live/tv3.m3u8
[SD]rtg int.,https://t.freetv.fun/live/rtg-int.m3u8
[HD]la 1 catalunya,https://t.freetv.fun/live/la-1-catalunya-1.m3u8
[BD]rthk31,https://t.freetv.fun/live/rthk31.php
[VGA]tv4,https://t.freetv.fun/live/tv4.m3u8
[BD]rthk31,https://t.freetv.fun/live/rthk31-1.m3u8
[BD]tv4,https://t.freetv.fun/live/tv4-1.m3u8
[BD]rthk31,https://t.freetv.fun/live/rthk31-2.php
[BD]tv4,https://t.freetv.fun/live/tv4-2.m3u8
[BD]rthk32,https://t.freetv.fun/live/rthk32.php
[SD]tv5 kannada,https://t.freetv.fun/live/tv5-kannada.m3u8
[BD]rthk32,https://t.freetv.fun/live/rthk32-1.m3u8
[BD]tv5 monde info,https://t.freetv.fun/live/tv5-monde-info.m3u8
[SD]kbs world,https://t.freetv.fun/live/kbs-world.m3u8
[VGA]tv5,https://t.freetv.fun/live/tv5.m3u8
[HD]kbs world,https://t.freetv.fun/live/kbs-world-1.m3u8
[BD]tv5monde style,https://t.freetv.fun/live/tv5monde-style.m3u8
[BD]kbs world,https://t.freetv.fun/live/kbs-world-2.m3u8
[HD]tv8,https://t.freetv.fun/live/tv8.m3u8
[SD]rtp açores,https://t.freetv.fun/live/rtp-acores.m3u8
[SD]tv8,https://t.freetv.fun/live/tv8-1.m3u8
[HD]rtp açores,https://t.freetv.fun/live/rtp-acores-1.m3u8
[HD]tva,https://t.freetv.fun/live/tva.m3u8
[BD]azteca internacional,https://t.freetv.fun/live/azteca-internacional.m3u8
[HD]tva,https://t.freetv.fun/live/tva-1-1.m3u8
[BD]azteca internacional,https://t.freetv.fun/live/azteca-internacional-1.m3u8
[BD]tva,https://t.freetv.fun/live/tva-2.m3u8
[BD]nuestra tele internacional,https://t.freetv.fun/live/nuestra-tele-internacional.m3u8
[BD]tvbj1,https://t.freetv.fun/live/tvbj1-1.php
[VGA]waldivision internacional,https://t.freetv.fun/live/waldivision-internacional.m3u8
[BD]atv plus,https://t.freetv.fun/live/atv-plus.m3u8
[SD]rtp madeira,https://t.freetv.fun/live/rtp-madeira.m3u8
[HD]tvb plus,https://t.freetv.fun/live/tvb-plus.m3u8
[SD]rtp madeira,https://t.freetv.fun/live/rtp-madeira-1.m3u8
[HD]tvb plus,https://t.freetv.fun/live/tvb-plus-2.m3u8
[BD]rts,https://t.freetv.fun/live/rts.m3u8
[BD]tvb plus,https://t.freetv.fun/live/tvb-plus-3.m3u8
[HD]rts 1,https://t.freetv.fun/live/rts-1.m3u8
[HD]metv plus,https://t.freetv.fun/live/metv-plus.m3u8
[BD]rtv,https://t.freetv.fun/live/rtv.m3u8
[HD]metv plus,https://t.freetv.fun/live/metv-plus-1.m3u8
[BD]tv 7 albania,https://t.freetv.fun/live/tv-7-albania.m3u8
[BD]asian,https://t.freetv.fun/live/asian.m3u8
[HD]afghanistan international (720p),https://t.freetv.fun/live/afghanistan-international-720p.m3u8
[HD]tvb亚洲武侠,https://t.freetv.fun/live/tvbya-zhou-wu-xia.php
[BD]tvr international,https://t.freetv.fun/live/tvr-international.m3u8
[BD]tvb1,https://t.freetv.fun/live/tvb1.php
[BD]iran international,https://t.freetv.fun/live/iran-international-1.m3u8
[HD]TVBS *$,https://t.freetv.fun/live/tvbs-2.m3u8
[SD]033 тнт4 international,https://t.freetv.fun/live/033-tnt4-international.m3u8
[HD]tvbs,https://t.freetv.fun/live/tvbs.m3u8
[SD]037 5 international,https://t.freetv.fun/live/037-5-international.m3u8
[BD]tvbs,https://t.freetv.fun/live/tvbs-1.m3u8
[SD]sts international,https://t.freetv.fun/live/sts-international-1.m3u8
[BD]TVBS News *$,https://t.freetv.fun/live/tvbs-news.m3u8
[BD]rtv rijnmond,https://t.freetv.fun/live/rtv-rijnmond.m3u8
[BD]tvbs新闻,https://t.freetv.fun/live/tvbsxin-wen.m3u8
[HD]rté one ie,https://t.freetv.fun/live/rte-one-ie.m3u8
[BD]tvbs新聞,https://t.freetv.fun/live/tvbsxin-wen-1.m3u8
[SD]rtéjr ie,https://t.freetv.fun/live/rtejr-ie.m3u8
[BD]tvbs新闻,https://t.freetv.fun/live/tvbsxin-wen-1-1.m3u8
[BD]ru tv,https://t.freetv.fun/live/ru-tv.m3u8
[BD]tvbs新聞,https://t.freetv.fun/live/tvbsxin-wen-1-2.php
[BD]ru tv,https://t.freetv.fun/live/ru-tv-1.m3u8
[BD]tvbs精采,https://t.freetv.fun/live/tvbsjing-cai-1.php
[BD]cruz tv,https://t.freetv.fun/live/cruz-tv-1.m3u8
[BD]tvbs亞洲,https://t.freetv.fun/live/tvbsya-zhou.m3u8
[SD]cruz tv,https://t.freetv.fun/live/cruz-tv-1.m3u8
[BD]tvb星河,https://t.freetv.fun/live/tvbxing-he.m3u8
[SD]ru tv,https://t.freetv.fun/live/ru-tv-2.m3u8
[HD]tvb星河,https://t.freetv.fun/live/tvbxing-he-3.m3u8
[BD]usa today,https://t.freetv.fun/live/usa-today.m3u8
[BD]tvc,https://t.freetv.fun/live/tvc.m3u8
[BD]russia today ⓖ,https://t.freetv.fun/live/russia-today-g.m3u8
[BD]tve rs,https://t.freetv.fun/live/tve-rs.m3u8
[HD]fanduel racing,https://t.freetv.fun/live/fanduel-racing.m3u8
[BD]tve rs,https://t.freetv.fun/live/tve-rs-1.m3u8
[BD]sky sports racing uk,https://t.freetv.fun/live/sky-sports-racing-uk.m3u8
[BD]tvm 3,https://t.freetv.fun/live/tvm-3.m3u8
[HD]radio italia trend,https://t.freetv.fun/live/radio-italia-trend-1.m3u8
[HD]tvm,https://t.freetv.fun/live/tvm.m3u8
[HD]radio fantasia tv,https://t.freetv.fun/live/radio-fantasia-tv.m3u8
[BD]tvn5,https://t.freetv.fun/live/tvn5.m3u8
[BD]radio camila tv,https://t.freetv.fun/live/radio-camila-tv.m3u8
[BD]tvn,https://t.freetv.fun/live/tvn-1.m3u8
[BD]radio maria tv,https://t.freetv.fun/live/radio-maria-tv.m3u8
[BD]tvn,https://t.freetv.fun/live/tvn-2.m3u8
[BD]radio norba tv,https://t.freetv.fun/live/radio-norba-tv.m3u8
[HD]tvokids,https://t.freetv.fun/live/tvokids.m3u8
[BD]radio norba tv,https://t.freetv.fun/live/radio-norba-tv-1.m3u8
[BD]tvp 1,https://t.freetv.fun/live/tvp-1-1.m3u8
[BD]rhema tv,https://t.freetv.fun/live/rhema-tv-1.m3u8
[BD]tvp historia,https://t.freetv.fun/live/tvp-historia.m3u8
[BD]rai 1,https://t.freetv.fun/live/rai-1.m3u8
[BD]tv land,https://t.freetv.fun/live/tv-land.m3u8
[HD]rai 1,https://t.freetv.fun/live/rai-1-2.m3u8
[BD]tv land,https://t.freetv.fun/live/tv-land-1.m3u8
[SD]rik 1,https://t.freetv.fun/live/rik-1-1.m3u8
[BD]tvp sport,https://t.freetv.fun/live/tvp-sport.m3u8
[BD]rai 2,https://t.freetv.fun/live/rai-2-1.m3u8
[BD]tvri,https://t.freetv.fun/live/tvri.m3u8
[SD]rik 2,https://t.freetv.fun/live/rik-2-1.m3u8
[SD]tvt,https://t.freetv.fun/live/tvt.m3u8
[HD]rai 3,https://t.freetv.fun/live/rai-3-1.m3u8
[BD]tele antillas,https://t.freetv.fun/live/tele-antillas.m3u8
[BD]rai 4,https://t.freetv.fun/live/rai-4.m3u8
[HD]tele pavia,https://t.freetv.fun/live/tele-pavia.m3u8
[SD]rai italia asia,https://t.freetv.fun/live/rai-italia-asia.m3u8
[HD]teleantioquia colombia,https://t.freetv.fun/live/teleantioquia-colombia-1.m3u8
[BD]rai italia americas,https://t.freetv.fun/live/rai-italia-americas.m3u8
[BD]telemax,https://t.freetv.fun/live/telemax.m3u8
[BD]rai italia australia,https://t.freetv.fun/live/rai-italia-australia.m3u8
[BD]telemax,https://t.freetv.fun/live/telemax-2.m3u8
[BD]rai italia,https://t.freetv.fun/live/rai-italia.m3u8
[SD]telecentro,https://t.freetv.fun/live/telecentro.m3u8
[BD]rai movie,https://t.freetv.fun/live/rai-movie.m3u8
[BD]telemetro,https://t.freetv.fun/live/telemetro.m3u8
[BD]rai storia,https://t.freetv.fun/live/rai-storia.m3u8
[BD]telemundo florida,https://t.freetv.fun/live/telemundo-florida-1.m3u8
[BD]rai storia,https://t.freetv.fun/live/rai-storia-1.m3u8
[BD]tele uno,https://t.freetv.fun/live/tele-uno-1.m3u8
[BD]rai world premium,https://t.freetv.fun/live/rai-world-premium.m3u8
[BD]telemundo,https://t.freetv.fun/live/telemundo.m3u8
[BD]rai premium,https://t.freetv.fun/live/rai-premium.m3u8
[HD]telemundo al día,https://t.freetv.fun/live/telemundo-al-dia.m3u8
[VGA]real madrid tv,https://t.freetv.fun/live/real-madrid-tv.m3u8
[HD]telemundo,https://t.freetv.fun/live/telemundo-1.m3u8
[HD]record news,https://t.freetv.fun/live/record-news.m3u8
[HD]telemundo al día,https://t.freetv.fun/live/telemundo-al-dia-1.m3u8
[BD]rede cnt rio de janeiro,https://t.freetv.fun/live/rede-cnt-rio-de-janeiro.m3u8
[BD]telemundo internacional,https://t.freetv.fun/live/telemundo-internacional.m3u8
[BD]red bull tv,https://t.freetv.fun/live/red-bull-tv-2.m3u8
[HD]telepasto,https://t.freetv.fun/live/telepasto.m3u8
[SD]red bull tv,https://t.freetv.fun/live/red-bull-tv-1.m3u8
[HD]teleticino,https://t.freetv.fun/live/teleticino.m3u8
[BD]red bull tv,https://t.freetv.fun/live/red-bull-tv-3.m3u8
[HD]teleticino,https://t.freetv.fun/live/teleticino-1.m3u8
[BD]red bull tv,https://t.freetv.fun/live/red-bull-tv-2.m3u8
[BD]televida,https://t.freetv.fun/live/televida.m3u8
[SD].red,https://t.freetv.fun/live/red-5.m3u8
[BD]dvojka,https://t.freetv.fun/live/dvojka.m3u8
[BD]rede brasil,https://t.freetv.fun/live/rede-brasil.m3u8
[BD]dvojka,https://t.freetv.fun/live/dvojka-1.php
[HD]rede brasil,https://t.freetv.fun/live/rede-brasil-1.m3u8
[VGA]televízia osem,https://t.freetv.fun/live/televizia-osem.m3u8
[HD]rede minas,https://t.freetv.fun/live/rede-minas.m3u8
[BD]tennis plus,https://t.freetv.fun/live/tennis-plus.m3u8
[HD]super!,https://t.freetv.fun/live/super-1.m3u8
[HD]terra,https://t.freetv.fun/live/terra.m3u8
[HD]rede vida,https://t.freetv.fun/live/rede-vida.m3u8
[SD]terra,https://t.freetv.fun/live/terra-3.m3u8
[BD]rede vida,https://t.freetv.fun/live/rede-vida-1.m3u8
[BD]terra viva,https://t.freetv.fun/live/terra-viva.m3u8
[BD]axn cee czech republic,https://t.freetv.fun/live/axn-cee-czech-republic.m3u8
[BD]the design network,https://t.freetv.fun/live/the-design-network.m3u8
[BD]rete 4,https://t.freetv.fun/live/rete-4.m3u8
[BD]watc the point network,https://t.freetv.fun/live/watc-the-point-network.m3u8
[BD]reuters,https://t.freetv.fun/live/reuters.m3u8
[BD]hdnet movies,https://t.freetv.fun/live/hdnet-movies.m3u8
[BD]reuters,https://t.freetv.fun/live/reuters-1.m3u8
[BD]the weather channel,https://t.freetv.fun/live/the-weather-channel.m3u8
[BD]reuters 60,https://t.freetv.fun/live/reuters-60.m3u8
[SD]tiji,https://t.freetv.fun/live/tiji-1.m3u8
[HD]karibeña tv,https://t.freetv.fun/live/karibena-tv.m3u8
[HD]tiji,https://t.freetv.fun/live/tiji-2.m3u8
[BD]rig tv,https://t.freetv.fun/live/rig-tv-1.m3u8
[SD]tiji,https://t.freetv.fun/live/tiji-3.m3u8
[BD]ring,https://t.freetv.fun/live/ring.m3u8
[HD]music latino,https://t.freetv.fun/live/music-latino.m3u8
[BD]rock action,https://t.freetv.fun/live/rock-action-1.m3u8
[BD]top tv,https://t.freetv.fun/live/top-tv-1.m3u8
[BD]rock action,https://t.freetv.fun/live/rock-action-2.m3u8
[HD]tooncast,https://t.freetv.fun/live/tooncast.m3u8
[BD]ROCK Action *$,https://t.freetv.fun/live/rock-action.m3u8
[BD]topcrime,https://t.freetv.fun/live/topcrime.m3u8
[BD]rock tv,https://t.freetv.fun/live/rock-tv.m3u8
[HD]trace gospel africa franco,https://t.freetv.fun/live/trace-gospel-africa-franco.m3u8
[HD]rock tv,https://t.freetv.fun/live/rock-tv-1.m3u8
[SD]trace sport stars,https://t.freetv.fun/live/trace-sport-stars-1.m3u8
[HD]folklore tv,https://t.freetv.fun/live/folklore-tv.m3u8
[BD]trace sport stars,https://t.freetv.fun/live/trace-sport-stars-2.m3u8
[HD]folklore tv,https://t.freetv.fun/live/folklore-tv-1.m3u8
[BD]trace sport stars,https://t.freetv.fun/live/trace-sport-stars-3.m3u8
[BD]ronahi tv,https://t.freetv.fun/live/ronahi-tv.m3u8
[HD]trace sport stars,https://t.freetv.fun/live/trace-sport-stars-5.m3u8
[BD]ryan and friends (1080p),https://t.freetv.fun/live/ryan-and-friends-1080p.m3u8
[SD]trace sport stars sd,https://t.freetv.fun/live/trace-sport-stars-sd.m3u8
[HD]salaam tv,https://t.freetv.fun/live/salaam-tv.m3u8
[BD]trace urban,https://t.freetv.fun/live/trace-urban-3.m3u8
[BD]apa tv,https://t.freetv.fun/live/apa-tv.m3u8
[BD]trace urban,https://t.freetv.fun/live/trace-urban-1.m3u8
[HD]sbs,https://t.freetv.fun/live/sbs.m3u8
[HD]trace urban,https://t.freetv.fun/live/trace-urban-2.m3u8
[HD]sbs cjb,https://t.freetv.fun/live/sbs-cjb.m3u8
[BD]trace urban,https://t.freetv.fun/live/trace-urban-3.m3u8
[BD]sv plus,https://t.freetv.fun/live/sv-plus.m3u8
[SD]trace urban (australia) (1080p),https://t.freetv.fun/live/trace-urban-australia-1080p.m3u8
[BD]scorch tv,https://t.freetv.fun/live/scorch-tv.m3u8
[SD]trace urban *y,https://t.freetv.fun/live/trace-urban-y.m3u8
[BD]sky sport bundesliga de,https://t.freetv.fun/live/sky-sport-bundesliga-de.m3u8
[HD]trace urban africa franco,https://t.freetv.fun/live/trace-urban-africa-franco.m3u8
[SD]sky news,https://t.freetv.fun/live/sky-news.m3u8
[BD]vip comedy,https://t.freetv.fun/live/vip-comedy.m3u8
[BD]sky sports football 50fps,https://t.freetv.fun/live/sky-sports-football-50fps.m3u8
[BD]nina tv,https://t.freetv.fun/live/nina-tv.m3u8
[BD]sky sports football,https://t.freetv.fun/live/sky-sports-football-3.ts
[SD]sport tv,https://t.freetv.fun/live/sport-tv.m3u8
[HD]soltv,https://t.freetv.fun/live/soltv.m3u8
[HD]TVN Movies *tv,https://t.freetv.fun/live/tvn-movies-tv.ts
[HD]cine sony,https://t.freetv.fun/live/cine-sony.m3u8
[HD]tyc sports 2,https://t.freetv.fun/live/tyc-sports-2.m3u8
[HD]sony movies,https://t.freetv.fun/live/sony-movies-1.m3u8
[HD]ucv tv,https://t.freetv.fun/live/ucv-tv.m3u8
[BD]sportklub,https://t.freetv.fun/live/sportklub.m3u8
[BD]tudn,https://t.freetv.fun/live/tudn.m3u8
[BD]sportv 2,https://t.freetv.fun/live/sportv-2.m3u8
[BD]ufc,https://t.freetv.fun/live/ufc.m3u8
[BD]spotv,https://t.freetv.fun/live/spotv.m3u8
[BD]ufc,https://t.freetv.fun/live/ufc-1.m3u8
[BD]spotv 2,https://t.freetv.fun/live/spotv-2.m3u8
[HD]xfc tv,https://t.freetv.fun/live/xfc-tv.m3u8
[BD]star channel,https://t.freetv.fun/live/star-channel.m3u8
[BD]universal monsters,https://t.freetv.fun/live/universal-monsters.m3u8
[BD]star channel,https://t.freetv.fun/live/star-channel-1.m3u8
[BD]universal action,https://t.freetv.fun/live/universal-action.m3u8
[SD]star channel,https://t.freetv.fun/live/star-channel-2.m3u8
[BD]universal crime,https://t.freetv.fun/live/universal-crime.m3u8
[SD]star movies india,https://t.freetv.fun/live/star-movies-india.m3u8
[HD]universal cinema,https://t.freetv.fun/live/universal-cinema.m3u8
[VGA]studio universal,https://t.freetv.fun/live/studio-universal.m3u8
[HD]universal comedy,https://t.freetv.fun/live/universal-comedy.m3u8
[BD]studio universal,https://t.freetv.fun/live/studio-universal-1.m3u8
[HD]universal reality,https://t.freetv.fun/live/universal-reality.m3u8
[BD]m-studio,https://t.freetv.fun/live/m-studio.m3u8
[BD]universal crime,https://t.freetv.fun/live/universal-crime-1.m3u8
[BD]stvr,https://t.freetv.fun/live/stvr.php
[BD]universo,https://t.freetv.fun/live/universo.m3u8
[BD]stvr,https://t.freetv.fun/live/stvr-1.php
[HD]universal crime,https://t.freetv.fun/live/universal-crime-2.m3u8
[HD]bstv,https://t.freetv.fun/live/bstv.m3u8
[BD]universal action,https://t.freetv.fun/live/universal-action-1.m3u8
[SD]abai tv,https://t.freetv.fun/live/abai-tv.m3u8
[BD]universal action,https://t.freetv.fun/live/universal-action-2.m3u8
[BD]abai tv,https://t.freetv.fun/live/abai-tv-1.m3u8
[HD]universal premier,https://t.freetv.fun/live/universal-premier-1.m3u8
[BD]musawachannel,https://t.freetv.fun/live/musawachannel.m3u8
[HD]universal comedy,https://t.freetv.fun/live/universal-comedy-1.m3u8
[BD]anand tv,https://t.freetv.fun/live/anand-tv.m3u8
[HD]radio universal,https://t.freetv.fun/live/radio-universal.m3u8
[SD]lana tv,https://t.freetv.fun/live/lana-tv.m3u8
[BD]universal tv,https://t.freetv.fun/live/universal-tv.m3u8
[BD]sivan tv,https://t.freetv.fun/live/sivan-tv.m3u8
[VGA]univision,https://t.freetv.fun/live/univision.m3u8
[HD]anand tv,https://t.freetv.fun/live/anand-tv-1.m3u8
[HD]univision west,https://t.freetv.fun/live/univision-west.m3u8
[SD]astana tv,https://t.freetv.fun/live/astana-tv.m3u8
[SD]dd urdu,https://t.freetv.fun/live/dd-urdu.m3u8
[SD]box tv,https://t.freetv.fun/live/box-tv.m3u8
[BD]usa network,https://t.freetv.fun/live/usa-network.m3u8
[BD]showcase ca,https://t.freetv.fun/live/showcase-ca.m3u8
[BD]usa network,https://t.freetv.fun/live/usa-network-1.m3u8
[HD]showtime women,https://t.freetv.fun/live/showtime-women.m3u8
[BD]usa network latin america,https://t.freetv.fun/live/usa-network-latin-america.m3u8
[HD]showtime 2,https://t.freetv.fun/live/showtime-2.m3u8
[HD]acc network,https://t.freetv.fun/live/acc-network-1.m3u8
[HD]showtime extreme,https://t.freetv.fun/live/showtime-extreme.m3u8
[BD]usa network,https://t.freetv.fun/live/usa-network-2.m3u8
[BD]showtime next,https://t.freetv.fun/live/showtime-next.m3u8
[HD]acc network,https://t.freetv.fun/live/acc-network-2.m3u8
[HD]Showtime Next *tv,https://t.freetv.fun/live/showtime-next-tv.ts
[BD]up network,https://t.freetv.fun/live/up-network.m3u8
[BD]Showtime Showcase *tv,https://t.freetv.fun/live/showtime-showcase-tv.ts
[BD]usa network west,https://t.freetv.fun/live/usa-network-west.m3u8
[HD]skai tv,https://t.freetv.fun/live/skai-tv.m3u8
[BD]ultra tv,https://t.freetv.fun/live/ultra-tv.m3u8
[BD]sky sports uhd 2 uk,https://t.freetv.fun/live/sky-sports-uhd-2-uk.m3u8
[BD]rumba tv,https://t.freetv.fun/live/rumba-tv.m3u8
[BD]sky sports action uk,https://t.freetv.fun/live/sky-sports-action-uk.m3u8
[BD]unbeaten,https://t.freetv.fun/live/unbeaten.m3u8
[BD]sky cinema premiere uk,https://t.freetv.fun/live/sky-cinema-premiere-uk.m3u8
[BD]unimas,https://t.freetv.fun/live/unimas.m3u8
[BD]sky cinema greats uk,https://t.freetv.fun/live/sky-cinema-greats-uk.m3u8
[BD]unimas west,https://t.freetv.fun/live/unimas-west.m3u8
[BD]sky cinema hits uk,https://t.freetv.fun/live/sky-cinema-hits-uk.m3u8
[BD]vevo pop,https://t.freetv.fun/live/vevo-pop.m3u8
[HD]music classics,https://t.freetv.fun/live/music-classics.m3u8
[BD]vevo pop,https://t.freetv.fun/live/vevo-pop-1.m3u8
[BD]cartoon classics,https://t.freetv.fun/live/cartoon-classics.m3u8
[BD]vevo '90s '00s italy,https://t.freetv.fun/live/vevo-90s-00s-italy.m3u8
[BD]sky cinema comedy uk,https://t.freetv.fun/live/sky-cinema-comedy-uk.m3u8
[BD]vevo schlager pop,https://t.freetv.fun/live/vevo-schlager-pop.m3u8
[BD]sky cinema drama uk,https://t.freetv.fun/live/sky-cinema-drama-uk.m3u8
[BD]vevo pop,https://t.freetv.fun/live/vevo-pop-2.m3u8
[BD]sky cinema family uk,https://t.freetv.fun/live/sky-cinema-family-uk.m3u8
[BD]vevo pop italy,https://t.freetv.fun/live/vevo-pop-italy.m3u8
[SD]krimi,https://t.freetv.fun/live/krimi.php
[BD]vevo latino,https://t.freetv.fun/live/vevo-latino.m3u8
[BD]sky cinema sci-fi horror uk,https://t.freetv.fun/live/sky-cinema-sci-fi-horror-uk.m3u8
[SD]vevo latino (1080p),https://t.freetv.fun/live/vevo-latino-1080p.m3u8
[BD]sky news arabia,https://t.freetv.fun/live/sky-news-arabia.m3u8
[BD]vevo country rewind,https://t.freetv.fun/live/vevo-country-rewind.m3u8
[BD]sky news arabia,https://t.freetv.fun/live/sky-news-arabia-1.m3u8
[BD]vevo country rewind,https://t.freetv.fun/live/vevo-country-rewind-1.m3u8
[BD]sky news arabia,https://t.freetv.fun/live/sky-news-arabia-2.m3u8
[BD]vevo rock,https://t.freetv.fun/live/vevo-rock.m3u8
[BD]sky news arabia,https://t.freetv.fun/live/sky-news-arabia-3.m3u8
[BD]vevo 2010s,https://t.freetv.fun/live/vevo-2010s.m3u8
[HD]live,https://t.freetv.fun/live/live.ts
[BD]vevo 2010s,https://t.freetv.fun/live/vevo-2010s-1.m3u8
[BD]sky news urdu,https://t.freetv.fun/live/sky-news-urdu.m3u8
[BD]vh1,https://t.freetv.fun/live/vh1.m3u8
[BD]sky sports plus uk,https://t.freetv.fun/live/sky-sports-plus-uk.m3u8
[BD]vh1,https://t.freetv.fun/live/vh1-2.m3u8
[BD]sky sports cricket uk,https://t.freetv.fun/live/sky-sports-cricket-uk.m3u8
[VGA]mtv classic,https://t.freetv.fun/live/mtv-classic.m3u8
[BD]sky sports f1 uk,https://t.freetv.fun/live/sky-sports-f1-uk.m3u8
[SD]kvn tv,https://t.freetv.fun/live/kvn-tv.m3u8
[BD]sky sports f1 uk,https://t.freetv.fun/live/sky-sports-f1-uk-1.m3u8
[BD]virgin radio,https://t.freetv.fun/live/virgin-radio.m3u8
[HD]sky sport golf,https://t.freetv.fun/live/sky-sport-golf.m3u8
[BD]voa persian,https://t.freetv.fun/live/voa-persian.m3u8
[BD]sky sports golf uk,https://t.freetv.fun/live/sky-sports-golf-uk.m3u8
[BD]voa tv,https://t.freetv.fun/live/voa-tv.m3u8
[BD]sky sports main event 50fps,https://t.freetv.fun/live/sky-sports-main-event-50fps.m3u8
[HD]velayat tv,https://t.freetv.fun/live/velayat-tv-1.m3u8
[BD]sky sports main event 50fps,https://t.freetv.fun/live/sky-sports-main-event-50fps-1.m3u8
[HD]vilayet tv,https://t.freetv.fun/live/vilayet-tv.m3u8
[BD]sky sports main event uk,https://t.freetv.fun/live/sky-sports-main-event-uk-2.m3u8
[VGA]venevision,https://t.freetv.fun/live/venevision.m3u8
[BD]sky sports news,https://t.freetv.fun/live/sky-sports-news.ts
[HD]venevision,https://t.freetv.fun/live/venevision-1.m3u8
[BD]sky sports news uk,https://t.freetv.fun/live/sky-sports-news-uk.m3u8
[SD]viasat kino comedy,https://t.freetv.fun/live/viasat-kino-comedy.m3u8
[BD]sky sports premier league,https://t.freetv.fun/live/sky-sports-premier-league-1.ts
[BD]viasat kino comedy,https://t.freetv.fun/live/viasat-kino-comedy-1.m3u8
[BD]sky sports premier league 50fps,https://t.freetv.fun/live/sky-sports-premier-league-50fps.m3u8
[BD]viasat explore classic,https://t.freetv.fun/live/viasat-explore-classic.m3u8
[BD]sky sports premier league uk,https://t.freetv.fun/live/sky-sports-premier-league-uk.m3u8
[BD]viasat explore,https://t.freetv.fun/live/viasat-explore.m3u8
[BD]sky sports tennis uk,https://t.freetv.fun/live/sky-sports-tennis-uk.m3u8
[SD]viasat explore,https://t.freetv.fun/live/viasat-explore-1.m3u8
[HD]smithsonian channel,https://t.freetv.fun/live/smithsonian-channel.m3u8
[HD]viasat explore,https://t.freetv.fun/live/viasat-explore-3.m3u8
[SD]smithsonian channel,https://t.freetv.fun/live/smithsonian-channel-1.m3u8
[SD]viasat history,https://t.freetv.fun/live/viasat-history-1.m3u8
[HD]samay national,https://t.freetv.fun/live/samay-national.m3u8
[HD]viasat history,https://t.freetv.fun/live/viasat-history-3.m3u8
[HD]sony channel,https://t.freetv.fun/live/sony-channel.m3u8
[HD]viasat nature,https://t.freetv.fun/live/viasat-nature.m3u8
[BD]sony channel,https://t.freetv.fun/live/sony-channel-1.m3u8
[SD]viasat nature,https://t.freetv.fun/live/viasat-nature-1.m3u8
[BD]sony movie channel,https://t.freetv.fun/live/sony-movie-channel.m3u8
[SD]viasat nature,https://t.freetv.fun/live/viasat-nature-2.m3u8
[BD]sony channel andes,https://t.freetv.fun/live/sony-channel-andes.m3u8
[SD]viasat nature,https://t.freetv.fun/live/viasat-nature-3.m3u8
[HD]liv,https://t.freetv.fun/live/liv.m3u8
[SD]viasat sport,https://t.freetv.fun/live/viasat-sport.m3u8
[SD]india,https://t.freetv.fun/live/india.m3u8
[BD]tvb vietnam,https://t.freetv.fun/live/tvb-vietnam.m3u8
[SD].sci-fi,https://t.freetv.fun/live/sci-fi-2.m3u8
[BD]hype visual radio (1080p),https://t.freetv.fun/live/hype-visual-radio-1080p.m3u8
[SD].sci-fi,https://t.freetv.fun/live/sci-fi-3.m3u8
[BD]vizion plus al,https://t.freetv.fun/live/vizion-plus-al.m3u8
[SD].sci-fi,https://t.freetv.fun/live/sci-fi-4.m3u8
[BD]wnbc-dt1,https://t.freetv.fun/live/wnbc-dt1.m3u8
[SD]sci fi,https://t.freetv.fun/live/sci-fi-1.m3u8
[BD]w network,https://t.freetv.fun/live/w-network.m3u8
[BD]sony sports ten 1,https://t.freetv.fun/live/sony-sports-ten-1.ts
[BD]watan egypt,https://t.freetv.fun/live/watan-egypt.m3u8
[SD]spacetoon arabic,https://t.freetv.fun/live/spacetoon-arabic.m3u8
[BD]waterbear,https://t.freetv.fun/live/waterbear.m3u8
[BD]sport 1 baltic,https://t.freetv.fun/live/sport-1-baltic.m3u8
[BD]waterbear,https://t.freetv.fun/live/waterbear-1.m3u8
[BD]nw sport 1,https://t.freetv.fun/live/nw-sport-1.m3u8
[HD]we tv,https://t.freetv.fun/live/we-tv.m3u8
[SD]viju plus sport,https://t.freetv.fun/live/viju-plus-sport-1.m3u8
[BD]we tv,https://t.freetv.fun/live/we-tv-1.m3u8
[BD]ktv sport plus,https://t.freetv.fun/live/ktv-sport-plus.m3u8
[BD]we tv,https://t.freetv.fun/live/we-tv-2.m3u8
[SD]sport plus kazakhstan,https://t.freetv.fun/live/sport-plus-kazakhstan.m3u8
[HD]weathernation,https://t.freetv.fun/live/weathernation.m3u8
[SD]viju plus sport,https://t.freetv.fun/live/viju-plus-sport-2.m3u8
[SD]weathernation,https://t.freetv.fun/live/weathernation-1.m3u8
[BD]marquee sports network,https://t.freetv.fun/live/marquee-sports-network.m3u8
[VGA]wild earth,https://t.freetv.fun/live/wild-earth.m3u8
[BD]women's sports network,https://t.freetv.fun/live/women-s-sports-network-1.m3u8
[BD]willow sports,https://t.freetv.fun/live/willow-sports.m3u8
[BD]chicago sports network,https://t.freetv.fun/live/chicago-sports-network.m3u8
[BD]willow sports,https://t.freetv.fun/live/willow-sports-1.m3u8
[BD]cowboy plus sports,https://t.freetv.fun/live/cowboy-plus-sports.m3u8
[BD]willow sports,https://t.freetv.fun/live/willow-sports-2.m3u8
[HD]sportsnet new york,https://t.freetv.fun/live/sportsnet-new-york.ts
[BD]win sports,https://t.freetv.fun/live/win-sports.m3u8
[HD]sportsnet new york,https://t.freetv.fun/live/sportsnet-new-york-1.m3u8
[HD]winsports,https://t.freetv.fun/live/winsports-1.m3u8
[BD]sportsnet one ca,https://t.freetv.fun/live/sportsnet-one-ca.m3u8
[HD]win sports premium col,https://t.freetv.fun/live/win-sports-premium-col-1.m3u8
[BD]sportsnet 360,https://t.freetv.fun/live/sportsnet-360.ts
[BD]world fishing network,https://t.freetv.fun/live/world-fishing-network.m3u8
[BD]sportsnet ca,https://t.freetv.fun/live/sportsnet-ca.m3u8
[BD]world fishing network,https://t.freetv.fun/live/world-fishing-network-1.m3u8
[BD]sportsnet east,https://t.freetv.fun/live/sportsnet-east.ts
[SD]world fishing network,https://t.freetv.fun/live/world-fishing-network-2.m3u8
[BD]star cinema,https://t.freetv.fun/live/star-cinema.m3u8
[BD]world poker tour,https://t.freetv.fun/live/world-poker-tour-1.m3u8
[BD]star cinema,https://t.freetv.fun/live/star-cinema-1.m3u8
[HD]ytv ca,https://t.freetv.fun/live/ytv-ca.m3u8
[SD]star crime,https://t.freetv.fun/live/star-crime.m3u8
[HD]zee tv,https://t.freetv.fun/live/zee-tv-1.m3u8
[BD]star,https://t.freetv.fun/live/star-1.m3u8
[BD]tv zoom,https://t.freetv.fun/live/tv-zoom.m3u8
[SD]ocko star,https://t.freetv.fun/live/ocko-star.m3u8
[BD]tv zoom,https://t.freetv.fun/live/tv-zoom-1.m3u8
[BD]star,https://t.freetv.fun/live/star-2.m3u8
[BD]zoom,https://t.freetv.fun/live/zoom.m3u8
[SD]star life,https://t.freetv.fun/live/star-life.m3u8
[SD]dd bangla,https://t.freetv.fun/live/dd-bangla.m3u8
[BD]ocko star,https://t.freetv.fun/live/ocko-star-2.m3u8
[VGA]zee bangla sonar,https://t.freetv.fun/live/zee-bangla-sonar.m3u8
[HD]gold star,https://t.freetv.fun/live/gold-star.m3u8
[SD]zee cinema uk,https://t.freetv.fun/live/zee-cinema-uk.m3u8
[HD]start tv,https://t.freetv.fun/live/start-tv.m3u8
[HD]rtp,https://t.freetv.fun/live/rtp.m3u8
[HD]start tv,https://t.freetv.fun/live/start-tv-1.m3u8
[BD]zvezda,https://t.freetv.fun/live/zvezda-1.m3u8
[BD]stryk tv (1080p),https://t.freetv.fun/live/stryk-tv-1080p.m3u8
[BD]zvezda,https://t.freetv.fun/live/zvezda-1-1.m3u8
[SD]start world,https://t.freetv.fun/live/start-world-1.m3u8
[BD]a haber,https://t.freetv.fun/live/a-haber.m3u8
[BD]cars stars tv,https://t.freetv.fun/live/cars-stars-tv.m3u8
[BD]amazing facts tv,https://t.freetv.fun/live/amazing-facts-tv.m3u8
[HD]starz,https://t.freetv.fun/live/starz.m3u8
[VGA]atv,https://t.freetv.fun/live/atv.m3u8
[HD]starz,https://t.freetv.fun/live/starz-1.m3u8
[BD]atv,https://t.freetv.fun/live/atv-1.m3u8
[BD]Starz Cinema,https://t.freetv.fun/live/starz-cinema-vt.m3u8
[BD]atv,https://t.freetv.fun/live/atv-2.m3u8
[BD]starz cinema,https://t.freetv.fun/live/starz-cinema.m3u8
[HD]atv,https://t.freetv.fun/live/atv-4.m3u8
[HD]Starz Cinema *tv,https://t.freetv.fun/live/starz-cinema-tv.ts
[HD]atv,https://t.freetv.fun/live/atv-5.m3u8
[BD]starz cinema,https://t.freetv.fun/live/starz-cinema-1.m3u8
[BD]max sport 2,https://t.freetv.fun/live/max-sport-2.m3u8
[BD]starz edge,https://t.freetv.fun/live/starz-edge.m3u8
[BD]max sport 3,https://t.freetv.fun/live/max-sport-3.m3u8
[HD]Starz Edge *tv,https://t.freetv.fun/live/starz-edge-tv.ts
[BD]max sport 4,https://t.freetv.fun/live/max-sport-4.m3u8
[BD]starz encore action,https://t.freetv.fun/live/starz-encore-action.m3u8
[SD]zee aflam,https://t.freetv.fun/live/zee-aflam.m3u8
[HD]starz encore westerns,https://t.freetv.fun/live/starz-encore-westerns.m3u8
[HD]tv5monde africa,https://t.freetv.fun/live/tv5monde-africa.m3u8
[BD]Starz Encore *tv,https://t.freetv.fun/live/starz-encore-tv.ts
[VGA]voa tv africa,https://t.freetv.fun/live/voa-tv-africa.m3u8
[BD]Starz West *tv,https://t.freetv.fun/live/starz-west-tv.ts
[HD]salira tv,https://t.freetv.fun/live/salira-tv.m3u8
[BD]sundance tv,https://t.freetv.fun/live/sundance-tv.m3u8
[BD]hala tv,https://t.freetv.fun/live/hala-tv-1.m3u8
[BD]suyai tv,https://t.freetv.fun/live/suyai-tv.m3u8
[SD]amedia 1,https://t.freetv.fun/live/amedia-1.m3u8
[BD]SYFY,https://t.freetv.fun/live/syfy-1-1.m3u8
[SD]amedia 1,https://t.freetv.fun/live/amedia-1-1.m3u8
[BD]syfy,https://t.freetv.fun/live/syfy-2.m3u8
[SD]amedia 1,https://t.freetv.fun/live/amedia-1-2.m3u8
[SD]syfy,https://t.freetv.fun/live/syfy-3.m3u8
[SD]amedia 2,https://t.freetv.fun/live/amedia-2.m3u8
[VGA]ta3,https://t.freetv.fun/live/ta3.php
[SD]amedia 2,https://t.freetv.fun/live/amedia-2-1.m3u8
[SD]tbn,https://t.freetv.fun/live/tbn.m3u8
[SD]amedia 2,https://t.freetv.fun/live/amedia-2-2.m3u8
[BD]tbn,https://t.freetv.fun/live/tbn-1.m3u8
[SD]amedia 2,https://t.freetv.fun/live/amedia-2-3.m3u8
[SD]cctv-2财经,https://t.freetv.fun/live/cctv-2cai-jing-1.m3u8
[SD]amedia 2 (576p),https://t.freetv.fun/live/amedia-2-576p.m3u8
[BD]cctv-2财经,https://t.freetv.fun/live/cctv-2cai-jing-3.m3u8
[HD]andina rtv,https://t.freetv.fun/live/andina-rtv.m3u8
[SD]cctv-2财经,https://t.freetv.fun/live/cctv-2cai-jing-4.m3u8
[HD]andina rtv,https://t.freetv.fun/live/andina-rtv-1.m3u8
[HD]cctv-2财经,https://t.freetv.fun/live/cctv-2cai-jing-5.m3u8
[BD]canal capital,https://t.freetv.fun/live/canal-capital.m3u8
[HD]cctv-2财经,https://t.freetv.fun/live/cctv-2cai-jing-6.m3u8
[BD]caras tv,https://t.freetv.fun/live/caras-tv.m3u8
[SD]cctv-2财经,https://t.freetv.fun/live/cctv-2cai-jing-7.m3u8
[BD]cira tv,https://t.freetv.fun/live/cira-tv.m3u8
[SD]cctv-2财经,https://t.freetv.fun/live/cctv-2cai-jing-8.m3u8
[HD]dtv,https://t.freetv.fun/live/dtv.m3u8
[BD]cctv-2财经,https://t.freetv.fun/live/cctv-2cai-jing-9.m3u8
[BD]extra tv,https://t.freetv.fun/live/extra-tv.m3u8
[BD]cctv-2财经,https://t.freetv.fun/live/cctv-2cai-jing-10.m3u8
[BD]extra tv,https://t.freetv.fun/live/extra-tv-1.m3u8
[SD]cctv-2财经,https://t.freetv.fun/live/cctv-2cai-jing-11.m3u8
[HD]hakka tv,https://t.freetv.fun/live/hakka-tv.m3u8
[SD]cctv-2财经,https://t.freetv.fun/live/cctv-2cai-jing-12.m3u8
[BD]i24 news hebrew,https://t.freetv.fun/live/i24-news-hebrew.m3u8
[HD]tea tv,https://t.freetv.fun/live/tea-tv.m3u8
[BD]kurdsat news,https://t.freetv.fun/live/kurdsat-news.m3u8
[HD]telecanal santa cruz,https://t.freetv.fun/live/telecanal-santa-cruz.m3u8
[SD]lale,https://t.freetv.fun/live/lale.m3u8
[SD]telerama,https://t.freetv.fun/live/telerama.m3u8
[HD]awtv,https://t.freetv.fun/live/awtv.m3u8
[HD]telemas,https://t.freetv.fun/live/telemas-1.m3u8
[BD]golf life,https://t.freetv.fun/live/golf-life.m3u8
[BD]tet,https://t.freetv.fun/live/tet-3.m3u8
[BD]gb news,https://t.freetv.fun/live/gb-news.m3u8
[HD]tf1,https://t.freetv.fun/live/tf1.m3u8
[BD]rt news,https://t.freetv.fun/live/rt-news.m3u8
[SD]trt haber,https://t.freetv.fun/live/trt-haber.m3u8
[SD]atn news,https://t.freetv.fun/live/atn-news.ts
[HD]tgrt haber,https://t.freetv.fun/live/tgrt-haber.m3u8
[BD]tvd news,https://t.freetv.fun/live/tvd-news.m3u8
[BD]sports grid,https://t.freetv.fun/live/sports-grid.m3u8
[VGA]sabc news,https://t.freetv.fun/live/sabc-news-1.m3u8
[BD]ttv,https://t.freetv.fun/live/ttv.m3u8
[BD]ntd news,https://t.freetv.fun/live/ntd-news.m3u8
[HD]tlc,https://t.freetv.fun/live/tlc-1.m3u8
[HD]dd news,https://t.freetv.fun/live/dd-news.m3u8
[BD]tlc,https://t.freetv.fun/live/tlc-2.m3u8
[BD]gb news,https://t.freetv.fun/live/gb-news-2.m3u8
[BD]tlc,https://t.freetv.fun/live/tlc-5.m3u8
[BD]newsy,https://t.freetv.fun/live/newsy-1.m3u8
[BD]ntn24,https://t.freetv.fun/live/ntn24.m3u8
[BD]crtv news,https://t.freetv.fun/live/crtv-news.m3u8
[SD]t24,https://t.freetv.fun/live/t24.m3u8
[HD]band news,https://t.freetv.fun/live/band-news.m3u8
[BD]tnt,https://t.freetv.fun/live/tnt-1.m3u8
[BD]etv news,https://t.freetv.fun/live/etv-news.m3u8
[SD]tnt,https://t.freetv.fun/live/tnt-1-1.m3u8
[BD]sbt news,https://t.freetv.fun/live/sbt-news.m3u8
[BD]tntsports1,https://t.freetv.fun/live/tntsports1.php
[HD]sbt news,https://t.freetv.fun/live/sbt-news-1.m3u8
[BD]tnt sports 1,https://t.freetv.fun/live/tnt-sports-1-1.m3u8
[BD]dd news,https://t.freetv.fun/live/dd-news-1.m3u8
[BD]tnt sports 1 50fps,https://t.freetv.fun/live/tnt-sports-1-50fps.m3u8
[BD]nova news,https://t.freetv.fun/live/nova-news.m3u8
[BD]tnt sports 1 bola rusia,https://t.freetv.fun/live/tnt-sports-1-bola-rusia.m3u8
[BD]salem news channel,https://t.freetv.fun/live/salem-news-channel.m3u8
[HD]tnt sports 2,https://t.freetv.fun/live/tnt-sports-2.m3u8
[BD]salem news channel,https://t.freetv.fun/live/salem-news-channel-1.m3u8
[BD]tnt sports,https://t.freetv.fun/live/tnt-sports.m3u8
[BD]nbc sports now,https://t.freetv.fun/live/nbc-sports-now.m3u8
[BD]tnt sports 3,https://t.freetv.fun/live/tnt-sports-3.m3u8
[BD]now sports 616 hk,https://t.freetv.fun/live/now-sports-616-hk.m3u8
[BD]tnt sports 4,https://t.freetv.fun/live/tnt-sports-4-2.m3u8
[BD]now sports 616 ᵁᴴᴰ,https://t.freetv.fun/live/now-sports-616-uhd.m3u8
[BD]toonami,https://t.freetv.fun/live/toonami.m3u8
[HD]prime,https://t.freetv.fun/live/prime.m3u8
[BD]toonami,https://t.freetv.fun/live/toonami-1.m3u8
[HD]fonte tv,https://t.freetv.fun/live/fonte-tv.m3u8
[SD]cape town tv,https://t.freetv.fun/live/cape-town-tv.m3u8
[HD]jne tv,https://t.freetv.fun/live/jne-tv.m3u8
[SD]cape town tv (576p),https://t.freetv.fun/live/cape-town-tv-576p.m3u8
[HD]once tv,https://t.freetv.fun/live/once-tv.m3u8
[BD]intravel,https://t.freetv.fun/live/intravel-1.m3u8
[HD]jne tv,https://t.freetv.fun/live/jne-tv-1.m3u8
[VGA]travel,https://t.freetv.fun/live/travel.m3u8
[BD]tv one,https://t.freetv.fun/live/tv-one-4.m3u8
[HD]trt,https://t.freetv.fun/live/trt.m3u8
[BD]cinema,https://t.freetv.fun/live/cinema.m3u8
[HD]trt,https://t.freetv.fun/live/trt-2.m3u8
[SD]cinema,https://t.freetv.fun/live/cinema-1.m3u8
[BD]trt avaz,https://t.freetv.fun/live/trt-avaz.m3u8
[SD]food food,https://t.freetv.fun/live/food-food.m3u8
[BD]trt avaz,https://t.freetv.fun/live/trt-avaz-1.m3u8
[VGA]pasand tv,https://t.freetv.fun/live/pasand-tv.m3u8
[BD]trt müzik,https://t.freetv.fun/live/trt-muzik.m3u8
[BD]rcn 2,https://t.freetv.fun/live/rcn-2.m3u8
[SD]trt müzik,https://t.freetv.fun/live/trt-muzik-1.m3u8
[HD]rodja tv,https://t.freetv.fun/live/rodja-tv.m3u8
[BD]tvri world,https://t.freetv.fun/live/tvri-world.m3u8
[HD]slopes tv,https://t.freetv.fun/live/slopes-tv.m3u8
[BD]trt world,https://t.freetv.fun/live/trt-world.m3u8
[VGA]supertv,https://t.freetv.fun/live/supertv.m3u8
[BD]trt world,https://t.freetv.fun/live/trt-world-1.m3u8
[SD]ctc kids,https://t.freetv.fun/live/ctc-kids-1.m3u8
[BD]trt world tr,https://t.freetv.fun/live/trt-world-tr.m3u8
[HD]10 tv,https://t.freetv.fun/live/10-tv.m3u8
[BD]trt world,https://t.freetv.fun/live/trt-world-3.m3u8
[BD]tvr 1,https://t.freetv.fun/live/tvr-1.m3u8
[BD]tsn5,https://t.freetv.fun/live/tsn5.m3u8
[BD]himlen tv7,https://t.freetv.fun/live/himlen-tv7.m3u8
[BD]tsn1,https://t.freetv.fun/live/tsn1-1.ts
[BD]himlen tv7,https://t.freetv.fun/live/himlen-tv7-1.m3u8
[BD]tsn1,https://t.freetv.fun/live/tsn1-2.m3u8
[BD]tvnet,https://t.freetv.fun/live/tvnet.m3u8
[BD]tsn1 ca 02,https://t.freetv.fun/live/tsn1-ca-02.m3u8
[HD]xite,https://t.freetv.fun/live/xite.m3u8
[BD]tsn1 ca 01,https://t.freetv.fun/live/tsn1-ca-01.m3u8
[HD]sol tv,https://t.freetv.fun/live/sol-tv-1.m3u8
[BD]tsn2,https://t.freetv.fun/live/tsn2.m3u8
[BD]oli tv,https://t.freetv.fun/live/oli-tv.m3u8
[HD]tsn3,https://t.freetv.fun/live/tsn3.m3u8
[BD]oli tv,https://t.freetv.fun/live/oli-tv-1.m3u8
[HD]tsn3 ca,https://t.freetv.fun/live/tsn3-ca.m3u8
[SD]zagros,https://t.freetv.fun/live/zagros.m3u8
[HD]tsn4,https://t.freetv.fun/live/tsn4.m3u8
[BD]zagros tv,https://t.freetv.fun/live/zagros-tv-2.m3u8
[BD]tsn4 ca,https://t.freetv.fun/live/tsn4-ca.m3u8
[BD]čt 2,https://t.freetv.fun/live/ct-2.m3u8
[SD]az tv,https://t.freetv.fun/live/az-tv.m3u8
[BD]filmbox premium czech republic,https://t.freetv.fun/live/filmbox-premium-czech-republic.m3u8
[BD]di tv,https://t.freetv.fun/live/di-tv.m3u8
[BD]filmbox czech republic,https://t.freetv.fun/live/filmbox-czech-republic.m3u8
[VGA]fb tv,https://t.freetv.fun/live/fb-tv-1.m3u8
[BD]filmbox extra czech republic,https://t.freetv.fun/live/filmbox-extra-czech-republic.m3u8
[BD]gp tv,https://t.freetv.fun/live/gp-tv.m3u8
[HD]filmbox stars czech republic,https://t.freetv.fun/live/filmbox-stars-czech-republic.m3u8
[SD]fb tv,https://t.freetv.fun/live/fb-tv-1.m3u8
[VGA]th đồng nai,https://t.freetv.fun/live/th-dong-nai.m3u8
[SD]az tv,https://t.freetv.fun/live/az-tv-1.m3u8
[SD]авто 24,https://t.freetv.fun/live/avto-24.m3u8
[SD]az tv,https://t.freetv.fun/live/az-tv-2.m3u8
[SD]авто 24,https://t.freetv.fun/live/avto-24-1.m3u8
[HD]tu tv,https://t.freetv.fun/live/tu-tv.m3u8
[SD]авто24,https://t.freetv.fun/live/avto24.m3u8
[BD]tsv,https://t.freetv.fun/live/tsv.m3u8
[SD]авто плюс,https://t.freetv.fun/live/avto-plius.m3u8
[HD]ap tv,https://t.freetv.fun/live/ap-tv.m3u8
[SD]авто плюс,https://t.freetv.fun/live/avto-plius-2.m3u8
[HD]comedy tv,https://t.freetv.fun/live/comedy-tv.m3u8
[SD]103 авто плюс,https://t.freetv.fun/live/103-avto-plius.m3u8
[BD]vip megahit,https://t.freetv.fun/live/vip-megahit.m3u8
[BD]беларусь 1,https://t.freetv.fun/live/belarus-1.m3u8
[BD]tvr 2,https://t.freetv.fun/live/tvr-2.m3u8
[BD]беларусь 24,https://t.freetv.fun/live/belarus-24.m3u8
[VGA]tv-3,https://t.freetv.fun/live/tv-3.m3u8
[BD]беларусь 2,https://t.freetv.fun/live/belarus-2.m3u8
[SD]3tv,https://t.freetv.fun/live/3tv.m3u8
[SD]беларусь 24,https://t.freetv.fun/live/belarus-24-1.m3u8
[BD]tvr 3,https://t.freetv.fun/live/tvr-3.m3u8
[BD]беларусь 24,https://t.freetv.fun/live/belarus-24-2.m3u8
[SD]tv-3,https://t.freetv.fun/live/tv-3-1-1.m3u8
[BD]беларусь 5,https://t.freetv.fun/live/belarus-5.m3u8
[HD]tv 538,https://t.freetv.fun/live/tv-538.m3u8
[BD]беларусь 3,https://t.freetv.fun/live/belarus-3-1-1.m3u8
[HD]hadi tv 7,https://t.freetv.fun/live/hadi-tv-7.m3u8
[BD]беларусь 5,https://t.freetv.fun/live/belarus-5-2.m3u8
[BD]7tv,https://t.freetv.fun/live/7tv-1.m3u8
[SD]бобер,https://t.freetv.fun/live/bober.m3u8
[BD]tv aparecida,https://t.freetv.fun/live/tv-aparecida.m3u8
[SD]бобёр,https://t.freetv.fun/live/bober-1-1.m3u8
[BD]tv aparecida,https://t.freetv.fun/live/tv-aparecida-1.m3u8
[SD]время,https://t.freetv.fun/live/vremia.m3u8
[HD]tv brasil,https://t.freetv.fun/live/tv-brasil-1.m3u8
[SD]время,https://t.freetv.fun/live/vremia-1.m3u8
[BD]trace brasil,https://t.freetv.fun/live/trace-brasil-1.m3u8
[SD]вопросы и ответы,https://t.freetv.fun/live/voprosy-i-otvety.m3u8
[BD]itv brazil,https://t.freetv.fun/live/itv-brazil.m3u8
[BD]дождь,https://t.freetv.fun/live/dozhd.m3u8
[BD]tv brics,https://t.freetv.fun/live/tv-brics.m3u8
[BD]дождь (1080p) [geo-blocked],https://t.freetv.fun/live/dozhd-1080p-geo-blocked.m3u8
[HD]tv chosun 2,https://t.freetv.fun/live/tv-chosun-2.m3u8
[BD]дом кино премиум,https://t.freetv.fun/live/dom-kino-premium.m3u8
[SD]creta,https://t.freetv.fun/live/creta.m3u8
[BD]дом кино премиум,https://t.freetv.fun/live/dom-kino-premium-2.m3u8
[SD]tv cultura,https://t.freetv.fun/live/tv-cultura-1.m3u8
[SD]дом кино премиум (1080p),https://t.freetv.fun/live/dom-kino-premium-1080p.m3u8
[BD]tve cultura,https://t.freetv.fun/live/tve-cultura.m3u8
[SD]077 дом кино премиум,https://t.freetv.fun/live/077-dom-kino-premium.m3u8
[BD]cultura fast,https://t.freetv.fun/live/cultura-fast.m3u8
[SD]дом кино,https://t.freetv.fun/live/dom-kino-1.m3u8
[BD]tv escola,https://t.freetv.fun/live/tv-escola.m3u8
[SD]дом кино,https://t.freetv.fun/live/dom-kino-2.m3u8
[BD]tv gazeta,https://t.freetv.fun/live/tv-gazeta.m3u8
[SD]076 дом кино,https://t.freetv.fun/live/076-dom-kino.m3u8
[HD]tv gazeta,https://t.freetv.fun/live/tv-gazeta-1.m3u8
[SD]домашний,https://t.freetv.fun/live/domashnii.m3u8
[BD]joj,https://t.freetv.fun/live/joj.php
[SD]домашний,https://t.freetv.fun/live/domashnii-1.m3u8
[BD]jojko,https://t.freetv.fun/live/jojko.php
[SD]домашний,https://t.freetv.fun/live/domashnii-2.m3u8
[BD]play tv,https://t.freetv.fun/live/play-tv.m3u8
[SD]домашний,https://t.freetv.fun/live/domashnii-3.m3u8
[BD]play tv,https://t.freetv.fun/live/play-tv-2.m3u8
[SD]домашний,https://t.freetv.fun/live/domashnii-4.m3u8
[HD]play tv,https://t.freetv.fun/live/play-tv-3.m3u8
[SD]042 домашний,https://t.freetv.fun/live/042-domashnii.m3u8
[BD]nove,https://t.freetv.fun/live/nove.m3u8
[BD]живи!,https://t.freetv.fun/live/zhivi.m3u8
[BD]nove,https://t.freetv.fun/live/nove-1.m3u8
[SD]живи,https://t.freetv.fun/live/zhivi-1.m3u8
[BD]tv pirveli,https://t.freetv.fun/live/tv-pirveli.m3u8
[BD]інтер,https://t.freetv.fun/live/inter.m3u8
[SD]tv senado,https://t.freetv.fun/live/tv-senado.m3u8
[BD]інтер,https://t.freetv.fun/live/inter-1.m3u8
[HD]tv senado,https://t.freetv.fun/live/tv-senado-1.m3u8
[VGA]к16,https://t.freetv.fun/live/k16.m3u8
[BD]tvri sport,https://t.freetv.fun/live/tvri-sport.m3u8
[BD]к1,https://t.freetv.fun/live/k1-1.m3u8
[HD]čt sport,https://t.freetv.fun/live/ct-sport.m3u8
[BD]к1,https://t.freetv.fun/live/k1-1-1.m3u8
[BD]ktv sport (1080p),https://t.freetv.fun/live/ktv-sport-1080p.m3u8
[SD]к16 (саров) (406p) [not 24/7],https://t.freetv.fun/live/k16-sarov-406p-not-24-7.m3u8
[VGA]ktv sport,https://t.freetv.fun/live/ktv-sport.m3u8
[HD]кинокомедия,https://t.freetv.fun/live/kinokomediia-1.m3u8
[BD]tvr sport,https://t.freetv.fun/live/tvr-sport.m3u8
[SD]кинокомедия,https://t.freetv.fun/live/kinokomediia-2.m3u8
[HD]super tv,https://t.freetv.fun/live/super-tv.m3u8
[SD]кинокомедия,https://t.freetv.fun/live/kinokomediia-4.m3u8
[BD]super,https://t.freetv.fun/live/super.m3u8
[SD]068 кинокомедия,https://t.freetv.fun/live/068-kinokomediia.m3u8
[HD]tv1,https://t.freetv.fun/live/tv1.m3u8
[HD]киносерия,https://t.freetv.fun/live/kinoseriia-1.m3u8
[BD]tvp1,https://t.freetv.fun/live/tvp1.m3u8
[SD]киносерия,https://t.freetv.fun/live/kinoseriia-2.m3u8
[HD]tv1,https://t.freetv.fun/live/tv1-1.m3u8
[BD]киносерия,https://t.freetv.fun/live/kinoseriia-4.m3u8
[BD]ltv1,https://t.freetv.fun/live/ltv1.m3u8
[SD]065 киносерия,https://t.freetv.fun/live/065-kinoseriia.m3u8
[SD]tv1000,https://t.freetv.fun/live/tv1000.m3u8
[SD]кинохит,https://t.freetv.fun/live/kinokhit-1.m3u8
[SD]viju tv1000,https://t.freetv.fun/live/viju-tv1000-1.m3u8
[HD]кинохит,https://t.freetv.fun/live/kinokhit-2.m3u8
[SD]viju tv1000,https://t.freetv.fun/live/viju-tv1000-2.m3u8
[SD]070 кинохит,https://t.freetv.fun/live/070-kinokhit.m3u8
[SD]tv1000,https://t.freetv.fun/live/tv1000-2.m3u8
[SD]кхл,https://t.freetv.fun/live/kkhl.m3u8
[SD]viju tv1000 action,https://t.freetv.fun/live/viju-tv1000-action-2.m3u8
[SD]кхл,https://t.freetv.fun/live/kkhl-1.m3u8
[BD]viju tv1000 action,https://t.freetv.fun/live/viju-tv1000-action-3.m3u8
[SD]карусель,https://t.freetv.fun/live/karusel-1.m3u8
[BD]tv1000 русское кино,https://t.freetv.fun/live/tv1000-russkoe-kino.m3u8
[BD]карусель,https://t.freetv.fun/live/karusel-2.m3u8
[SD]tv1000 русское кино,https://t.freetv.fun/live/tv1000-russkoe-kino-1.m3u8
[SD]карусель,https://t.freetv.fun/live/karusel-3.m3u8
[BD]tv2,https://t.freetv.fun/live/tv2.m3u8
[SD]карусель,https://t.freetv.fun/live/karusel-4.m3u8
[BD]tvp2,https://t.freetv.fun/live/tvp2.m3u8
[SD]карусель,https://t.freetv.fun/live/karusel-5.m3u8
[HD]tv3,https://t.freetv.fun/live/tv3.m3u8
[SD]карусель,https://t.freetv.fun/live/karusel-6.m3u8
[HD]la 1 catalunya,https://t.freetv.fun/live/la-1-catalunya-1.m3u8
[SD]карусель,https://t.freetv.fun/live/karusel-7.m3u8
[VGA]tv4,https://t.freetv.fun/live/tv4.m3u8
[SD]карусель ⓢ,https://t.freetv.fun/live/karusel-s.m3u8
[BD]tv4,https://t.freetv.fun/live/tv4-1.m3u8
[SD]098 карусель,https://t.freetv.fun/live/098-karusel.m3u8
[BD]tv4,https://t.freetv.fun/live/tv4-2.m3u8
[HD]кино тв,https://t.freetv.fun/live/kino-tv.m3u8
[SD]tv5 kannada,https://t.freetv.fun/live/tv5-kannada.m3u8
[SD]союз,https://t.freetv.fun/live/soiuz.m3u8
[BD]tv5 monde info,https://t.freetv.fun/live/tv5-monde-info.m3u8
[BD]союз,https://t.freetv.fun/live/soiuz-1.m3u8
[VGA]tv5,https://t.freetv.fun/live/tv5.m3u8
[BD]союз,https://t.freetv.fun/live/soiuz-2.m3u8
[BD]tv5monde style,https://t.freetv.fun/live/tv5monde-style.m3u8
[SD]кто есть кто,https://t.freetv.fun/live/kto-est-kto-1.m3u8
[HD]tv8,https://t.freetv.fun/live/tv8.m3u8
[SD]кто есть кто,https://t.freetv.fun/live/kto-est-kto-2.m3u8
[SD]tv8,https://t.freetv.fun/live/tv8-1.m3u8
[SD]050 кто есть кто,https://t.freetv.fun/live/050-kto-est-kto.m3u8
[HD]tva,https://t.freetv.fun/live/tva.m3u8
[SD]матч! боец,https://t.freetv.fun/live/match-boets.m3u8
[HD]tva,https://t.freetv.fun/live/tva-1-1.m3u8
[SD]матч боец,https://t.freetv.fun/live/match-boets-1.m3u8
[BD]tva,https://t.freetv.fun/live/tva-2.m3u8
[SD]матч! боец,https://t.freetv.fun/live/match-boets-3.m3u8
[BD]tvbj1,https://t.freetv.fun/live/tvbj1-1.php
[SD]матч! боец,https://t.freetv.fun/live/match-boets-4.m3u8
[BD]atv plus,https://t.freetv.fun/live/atv-plus.m3u8
[BD]мир 24,https://t.freetv.fun/live/mir-24.m3u8
[BD]tvb plus,https://t.freetv.fun/live/tvb-plus-3.m3u8
[SD]мир 24,https://t.freetv.fun/live/mir-24-2.m3u8
[HD]metv plus,https://t.freetv.fun/live/metv-plus.m3u8
[BD]мир 24,https://t.freetv.fun/live/mir-24-3.m3u8
[HD]metv plus,https://t.freetv.fun/live/metv-plus-1.m3u8
[SD]мир 24,https://t.freetv.fun/live/mir-24-4.m3u8
[BD]asian,https://t.freetv.fun/live/asian.m3u8
[BD]мир 24,https://t.freetv.fun/live/mir-24-5.m3u8
[HD]tvb亚洲武侠,https://t.freetv.fun/live/tvbya-zhou-wu-xia.php
[SD]мир 24 (1080p),https://t.freetv.fun/live/mir-24-1080p.m3u8
[BD]tvb1,https://t.freetv.fun/live/tvb1.php
[SD]муз тв,https://t.freetv.fun/live/muz-tv.m3u8
[HD]tvbs,https://t.freetv.fun/live/tvbs.m3u8
[SD]музтв,https://t.freetv.fun/live/muztv-1.m3u8
[BD]tvbs,https://t.freetv.fun/live/tvbs-1.m3u8
[SD]муз тв,https://t.freetv.fun/live/muz-tv-1-1.m3u8
[BD]TVBS News *$,https://t.freetv.fun/live/tvbs-news.m3u8
[SD]муз тв,https://t.freetv.fun/live/muz-tv-2.m3u8
[BD]tvbs新闻,https://t.freetv.fun/live/tvbsxin-wen.m3u8
[SD]муз-тв ⓢ,https://t.freetv.fun/live/muz-tv-s.m3u8
[BD]tvbs新聞,https://t.freetv.fun/live/tvbsxin-wen-1.m3u8
[SD]муз тв,https://t.freetv.fun/live/muz-tv-3.m3u8
[BD]tvbs新闻,https://t.freetv.fun/live/tvbsxin-wen-1-1.m3u8
[SD]094 муз тв,https://t.freetv.fun/live/094-muz-tv.m3u8
[BD]tvbs新聞,https://t.freetv.fun/live/tvbsxin-wen-1-2.php
[SD]матч тв,https://t.freetv.fun/live/match-tv-1.m3u8
[BD]tvbs精采,https://t.freetv.fun/live/tvbsjing-cai-1.php
[BD]матч тв,https://t.freetv.fun/live/match-tv-2.m3u8
[BD]tvbs亞洲,https://t.freetv.fun/live/tvbsya-zhou.m3u8
[SD]матч тв,https://t.freetv.fun/live/match-tv-3.m3u8
[BD]tvb星河,https://t.freetv.fun/live/tvbxing-he.m3u8
[SD]матч! игра,https://t.freetv.fun/live/match-igra.m3u8
[BD]tvc,https://t.freetv.fun/live/tvc.m3u8
[SD]матч! арена,https://t.freetv.fun/live/match-arena.m3u8
[BD]tve rs,https://t.freetv.fun/live/tve-rs.m3u8
[HD]матч! арена,https://t.freetv.fun/live/match-arena-1.m3u8
[BD]tve rs,https://t.freetv.fun/live/tve-rs-1.m3u8
[SD]матч! игра,https://t.freetv.fun/live/match-igra-3.m3u8
[BD]tvm 3,https://t.freetv.fun/live/tvm-3.m3u8
[HD]матч! игра,https://t.freetv.fun/live/match-igra-4.m3u8
[BD]tvn5,https://t.freetv.fun/live/tvn5.m3u8
[SD]матч! арена,https://t.freetv.fun/live/match-arena-4.m3u8
[BD]tvn,https://t.freetv.fun/live/tvn-1.m3u8
[SD]матч!,https://t.freetv.fun/live/match-1.m3u8
[BD]tvn,https://t.freetv.fun/live/tvn-2.m3u8
[SD]матч! арена (720p),https://t.freetv.fun/live/match-arena-720p.m3u8
[HD]tvokids,https://t.freetv.fun/live/tvokids.m3u8
[SD]мир,https://t.freetv.fun/live/mir.m3u8
[BD]tvp 1,https://t.freetv.fun/live/tvp-1-1.m3u8
[BD]мир,https://t.freetv.fun/live/mir-2.m3u8
[BD]tvp historia,https://t.freetv.fun/live/tvp-historia.m3u8
[SD]мир,https://t.freetv.fun/live/mir-3.m3u8
[BD]tv land,https://t.freetv.fun/live/tv-land.m3u8
[SD]мир,https://t.freetv.fun/live/mir-4.m3u8
[BD]tv land,https://t.freetv.fun/live/tv-land-1.m3u8
[SD]мир,https://t.freetv.fun/live/mir-5.m3u8
[BD]tvp sport,https://t.freetv.fun/live/tvp-sport.m3u8
[SD]мир,https://t.freetv.fun/live/mir-6.m3u8
[BD]tvri,https://t.freetv.fun/live/tvri.m3u8
[SD]мир,https://t.freetv.fun/live/mir-7.m3u8
[SD]tvt,https://t.freetv.fun/live/tvt.m3u8
[SD]музыка первого,https://t.freetv.fun/live/muzyka-pervogo-1.m3u8
[BD]tele antillas,https://t.freetv.fun/live/tele-antillas.m3u8
[SD]079 музыка первого,https://t.freetv.fun/live/079-muzyka-pervogo.m3u8
[HD]tele pavia,https://t.freetv.fun/live/tele-pavia.m3u8
[SD]мультиландия,https://t.freetv.fun/live/multilandiia.m3u8
[BD]telemax,https://t.freetv.fun/live/telemax.m3u8
[SD]мультиландия (576p),https://t.freetv.fun/live/multilandiia-576p.m3u8
[BD]telemax,https://t.freetv.fun/live/telemax-2.m3u8
[SD]нст,https://t.freetv.fun/live/nst-2.m3u8
[SD]telecentro,https://t.freetv.fun/live/telecentro.m3u8
[SD]нст,https://t.freetv.fun/live/nst-3.m3u8
[BD]telemetro,https://t.freetv.fun/live/telemetro.m3u8
[SD]нтв хит,https://t.freetv.fun/live/ntv-khit-1.m3u8
[BD]telemundo florida,https://t.freetv.fun/live/telemundo-florida-1.m3u8
[SD]нтв,https://t.freetv.fun/live/ntv-2-1.m3u8
[BD]tele uno,https://t.freetv.fun/live/tele-uno-1.m3u8
[SD]нтв,https://t.freetv.fun/live/ntv-3.m3u8
[BD]telemundo,https://t.freetv.fun/live/telemundo.m3u8
[SD]нтв,https://t.freetv.fun/live/ntv-4.m3u8
[HD]telemundo al día,https://t.freetv.fun/live/telemundo-al-dia.m3u8
[SD]нтв,https://t.freetv.fun/live/ntv-5.m3u8
[BD]telemundo internacional,https://t.freetv.fun/live/telemundo-internacional.m3u8
[SD]нтв,https://t.freetv.fun/live/ntv-6.m3u8
[HD]teleticino,https://t.freetv.fun/live/teleticino.m3u8
[SD]нтв,https://t.freetv.fun/live/ntv-7.m3u8
[HD]teleticino,https://t.freetv.fun/live/teleticino-1.m3u8
[SD]нтв хит (576p),https://t.freetv.fun/live/ntv-khit-576p.m3u8
[BD]televida,https://t.freetv.fun/live/televida.m3u8
[SD]нтв сериал,https://t.freetv.fun/live/ntv-serial-1.m3u8
[BD]dvojka,https://t.freetv.fun/live/dvojka.m3u8
[SD]041 нтв сериал,https://t.freetv.fun/live/041-ntv-serial.m3u8
[BD]dvojka,https://t.freetv.fun/live/dvojka-1.php
[SD]отр,https://t.freetv.fun/live/otr-1.m3u8
[VGA]televízia osem,https://t.freetv.fun/live/televizia-osem.m3u8
[SD]отр,https://t.freetv.fun/live/otr-2.m3u8
[BD]tennis plus,https://t.freetv.fun/live/tennis-plus.m3u8
[SD]отр,https://t.freetv.fun/live/otr-3.m3u8
[HD]terra,https://t.freetv.fun/live/terra.m3u8
[SD]отр,https://t.freetv.fun/live/otr-4.m3u8
[SD]terra,https://t.freetv.fun/live/terra-3.m3u8
[SD]первый канал,https://t.freetv.fun/live/pervyi-kanal-2.m3u8
[BD]terra viva,https://t.freetv.fun/live/terra-viva.m3u8
[SD]первый канал,https://t.freetv.fun/live/pervyi-kanal-3.m3u8
[BD]the design network,https://t.freetv.fun/live/the-design-network.m3u8
[SD]первый канал евразия,https://t.freetv.fun/live/pervyi-kanal-evraziia.m3u8
[BD]watc the point network,https://t.freetv.fun/live/watc-the-point-network.m3u8
[SD]первый канал,https://t.freetv.fun/live/pervyi-kanal-4.m3u8
[BD]hdnet movies,https://t.freetv.fun/live/hdnet-movies.m3u8
[SD]первый канал,https://t.freetv.fun/live/pervyi-kanal-5.m3u8
[BD]the weather channel,https://t.freetv.fun/live/the-weather-channel.m3u8
[BD]первый канал,https://t.freetv.fun/live/pervyi-kanal-6.m3u8
[SD]tiji,https://t.freetv.fun/live/tiji-1.m3u8
[SD]028 первый канал,https://t.freetv.fun/live/028-pervyi-kanal.m3u8
[HD]tiji,https://t.freetv.fun/live/tiji-2.m3u8
[BD]перший,https://t.freetv.fun/live/pershii-2.m3u8
[SD]tiji,https://t.freetv.fun/live/tiji-3.m3u8
[SD]живая планета,https://t.freetv.fun/live/zhivaia-planeta.m3u8
[HD]music latino,https://t.freetv.fun/live/music-latino.m3u8
[HD]тнв-планета,https://t.freetv.fun/live/tnv-planeta.m3u8
[BD]top tv,https://t.freetv.fun/live/top-tv-1.m3u8
[SD]моя планета,https://t.freetv.fun/live/moia-planeta.m3u8
[HD]tooncast,https://t.freetv.fun/live/tooncast.m3u8
[SD]моя планета,https://t.freetv.fun/live/moia-planeta-2.m3u8
[BD]topcrime,https://t.freetv.fun/live/topcrime.m3u8
[SD]моя планета,https://t.freetv.fun/live/moia-planeta-3.m3u8
[HD]trace gospel africa franco,https://t.freetv.fun/live/trace-gospel-africa-franco.m3u8
[SD]живая планета,https://t.freetv.fun/live/zhivaia-planeta-1.m3u8
[SD]trace sport stars,https://t.freetv.fun/live/trace-sport-stars-1.m3u8
[BD]моя планета,https://t.freetv.fun/live/moia-planeta-4.m3u8
[BD]trace sport stars,https://t.freetv.fun/live/trace-sport-stars-2.m3u8
[SD]моя планета,https://t.freetv.fun/live/moia-planeta-5.m3u8
[BD]trace sport stars,https://t.freetv.fun/live/trace-sport-stars-3.m3u8
[SD]живая планета,https://t.freetv.fun/live/zhivaia-planeta-2.m3u8
[HD]trace sport stars,https://t.freetv.fun/live/trace-sport-stars-5.m3u8
[HD]моя планета,https://t.freetv.fun/live/moia-planeta-6.m3u8
[SD]trace sport stars sd,https://t.freetv.fun/live/trace-sport-stars-sd.m3u8
[SD]живая планета (576p),https://t.freetv.fun/live/zhivaia-planeta-576p.m3u8
[BD]trace urban,https://t.freetv.fun/live/trace-urban-3.m3u8
[SD]045 моя планета,https://t.freetv.fun/live/045-moia-planeta.m3u8
[BD]trace urban,https://t.freetv.fun/live/trace-urban-1.m3u8
[SD]пятница!,https://t.freetv.fun/live/piatnitsa.m3u8
[HD]trace urban,https://t.freetv.fun/live/trace-urban-2.m3u8
[SD]рен тв,https://t.freetv.fun/live/ren-tv-2.m3u8
[BD]trace urban,https://t.freetv.fun/live/trace-urban-3.m3u8
[SD]рен тв,https://t.freetv.fun/live/ren-tv-3.m3u8
[SD]trace urban (australia) (1080p),https://t.freetv.fun/live/trace-urban-australia-1080p.m3u8
[SD]рен,https://t.freetv.fun/live/ren.m3u8
[SD]trace urban *y,https://t.freetv.fun/live/trace-urban-y.m3u8
[SD]030 рен тв,https://t.freetv.fun/live/030-ren-tv.m3u8
[HD]trace urban africa franco,https://t.freetv.fun/live/trace-urban-africa-franco.m3u8
[SD]россия 24,https://t.freetv.fun/live/rossiia-24-1.m3u8
[BD]vip comedy,https://t.freetv.fun/live/vip-comedy.m3u8
[SD]россия 24,https://t.freetv.fun/live/rossiia-24-2.m3u8
[SD]sport tv,https://t.freetv.fun/live/sport-tv.m3u8
[SD]россия 24,https://t.freetv.fun/live/rossiia-24-3.m3u8
[HD]TVN Movies *tv,https://t.freetv.fun/live/tvn-movies-tv.ts
[SD]россия 24,https://t.freetv.fun/live/rossiia-24-4.m3u8
[HD]tyc sports 2,https://t.freetv.fun/live/tyc-sports-2.m3u8
[SD]россия 24,https://t.freetv.fun/live/rossiia-24-5.m3u8
[HD]ucv tv,https://t.freetv.fun/live/ucv-tv.m3u8
[SD]029 россия 24,https://t.freetv.fun/live/029-rossiia-24.m3u8
[BD]tudn,https://t.freetv.fun/live/tudn.m3u8
[BD]россия 1,https://t.freetv.fun/live/rossiia-1.m3u8
[BD]ufc,https://t.freetv.fun/live/ufc.m3u8
[SD]россия 1,https://t.freetv.fun/live/rossiia-1-3.m3u8
[BD]ufc,https://t.freetv.fun/live/ufc-1.m3u8
[SD]россия 1,https://t.freetv.fun/live/rossiia-1-4.m3u8
[HD]xfc tv,https://t.freetv.fun/live/xfc-tv.m3u8
[SD]россия 1,https://t.freetv.fun/live/rossiia-1-5.m3u8
[BD]universal monsters,https://t.freetv.fun/live/universal-monsters.m3u8
[SD]россия 1,https://t.freetv.fun/live/rossiia-1-6.m3u8
[BD]universal action,https://t.freetv.fun/live/universal-action.m3u8
[BD]россия 1,https://t.freetv.fun/live/rossiia-1-7.m3u8
[BD]universal crime,https://t.freetv.fun/live/universal-crime.m3u8
[SD]россия 1,https://t.freetv.fun/live/rossiia-1-8.m3u8
[BD]universal crime,https://t.freetv.fun/live/universal-crime-1.m3u8
[SD]россия 1,https://t.freetv.fun/live/rossiia-1-9.m3u8
[BD]universo,https://t.freetv.fun/live/universo.m3u8
[SD]россия 1,https://t.freetv.fun/live/rossiia-1-10.m3u8
[BD]universal action,https://t.freetv.fun/live/universal-action-1.m3u8
[BD]россия 1 (1080p),https://t.freetv.fun/live/rossiia-1-1080p.m3u8
[BD]universal action,https://t.freetv.fun/live/universal-action-2.m3u8
[SD]россия 1 ( plus 6) (576p),https://t.freetv.fun/live/rossiia-1-plus-6-576p.m3u8
[HD]radio universal,https://t.freetv.fun/live/radio-universal.m3u8
[SD]025 россия ртр,https://t.freetv.fun/live/025-rossiia-rtr.m3u8
[BD]universal tv,https://t.freetv.fun/live/universal-tv.m3u8
[SD]россия к,https://t.freetv.fun/live/rossiia-k.m3u8
[VGA]univision,https://t.freetv.fun/live/univision.m3u8
[SD]россия к,https://t.freetv.fun/live/rossiia-k-1.m3u8
[SD]dd urdu,https://t.freetv.fun/live/dd-urdu.m3u8
[SD]россия к,https://t.freetv.fun/live/rossiia-k-2.m3u8
[BD]usa network,https://t.freetv.fun/live/usa-network.m3u8
[SD]россия к,https://t.freetv.fun/live/rossiia-k-3.m3u8
[BD]usa network,https://t.freetv.fun/live/usa-network-1.m3u8
[SD]россия к,https://t.freetv.fun/live/rossiia-k-4.m3u8
[BD]usa network latin america,https://t.freetv.fun/live/usa-network-latin-america.m3u8
[SD]россия к,https://t.freetv.fun/live/rossiia-k-5.m3u8
[HD]acc network,https://t.freetv.fun/live/acc-network-1.m3u8
[SD]026 россия к,https://t.freetv.fun/live/026-rossiia-k.m3u8
[BD]usa network,https://t.freetv.fun/live/usa-network-2.m3u8
[SD]русский роман,https://t.freetv.fun/live/russkii-roman.m3u8
[HD]acc network,https://t.freetv.fun/live/acc-network-2.m3u8
[SD]русский роман,https://t.freetv.fun/live/russkii-roman-2.m3u8
[BD]up network,https://t.freetv.fun/live/up-network.m3u8
[SD]русский роман,https://t.freetv.fun/live/russkii-roman-3.m3u8
[BD]usa network west,https://t.freetv.fun/live/usa-network-west.m3u8
[BD]русский роман,https://t.freetv.fun/live/russkii-roman-5.m3u8
[BD]ultra tv,https://t.freetv.fun/live/ultra-tv.m3u8
[SD]русский бестселлер,https://t.freetv.fun/live/russkii-bestseller-1.m3u8
[BD]rumba tv,https://t.freetv.fun/live/rumba-tv.m3u8
[SD]русский бестселлер,https://t.freetv.fun/live/russkii-bestseller-2.m3u8
[BD]vevo pop,https://t.freetv.fun/live/vevo-pop-1.m3u8
[SD]рыжий,https://t.freetv.fun/live/ryzhii.m3u8
[BD]vevo '90s '00s italy,https://t.freetv.fun/live/vevo-90s-00s-italy.m3u8
[SD]стс,https://t.freetv.fun/live/sts-2.m3u8
[BD]vevo schlager pop,https://t.freetv.fun/live/vevo-schlager-pop.m3u8
[SD]стс,https://t.freetv.fun/live/sts-3.m3u8
[BD]vevo pop,https://t.freetv.fun/live/vevo-pop-2.m3u8
[BD]стс,https://t.freetv.fun/live/sts-4.m3u8
[BD]vevo pop italy,https://t.freetv.fun/live/vevo-pop-italy.m3u8
[SD]стс,https://t.freetv.fun/live/sts-5.m3u8
[BD]vevo latino,https://t.freetv.fun/live/vevo-latino.m3u8
[SD]стс,https://t.freetv.fun/live/sts-6.m3u8
[SD]vevo latino (1080p),https://t.freetv.fun/live/vevo-latino-1080p.m3u8
[SD]097 стс kids,https://t.freetv.fun/live/097-sts-kids.m3u8
[BD]vevo rock,https://t.freetv.fun/live/vevo-rock.m3u8
[BD]сибирь 24,https://t.freetv.fun/live/sibir-24.m3u8
[BD]vh1,https://t.freetv.fun/live/vh1.m3u8
[BD]сибирь 24,https://t.freetv.fun/live/sibir-24-1.m3u8
[BD]vh1,https://t.freetv.fun/live/vh1-2.m3u8
[BD]сибирь 24,https://t.freetv.fun/live/sibir-24-2.m3u8
[VGA]mtv classic,https://t.freetv.fun/live/mtv-classic.m3u8
[SD]тнт,https://t.freetv.fun/live/tnt.m3u8
[SD]kvn tv,https://t.freetv.fun/live/kvn-tv.m3u8
[SD]тнт 4,https://t.freetv.fun/live/tnt-4.m3u8
[BD]virgin radio,https://t.freetv.fun/live/virgin-radio.m3u8
[SD]тнт4,https://t.freetv.fun/live/tnt4.m3u8
[BD]voa persian,https://t.freetv.fun/live/voa-persian.m3u8
[SD]тнт4,https://t.freetv.fun/live/tnt4-1.m3u8
[BD]voa tv,https://t.freetv.fun/live/voa-tv.m3u8
[SD]тнт,https://t.freetv.fun/live/tnt-3.m3u8
[HD]velayat tv,https://t.freetv.fun/live/velayat-tv-1.m3u8
[SD]тнт,https://t.freetv.fun/live/tnt-4-1.m3u8
[HD]vilayet tv,https://t.freetv.fun/live/vilayet-tv.m3u8
[SD]тнт int.,https://t.freetv.fun/live/tnt-int.m3u8
[VGA]venevision,https://t.freetv.fun/live/venevision.m3u8
[SD]точка тв,https://t.freetv.fun/live/tochka-tv.m3u8
[HD]venevision,https://t.freetv.fun/live/venevision-1.m3u8
[SD]точка тв,https://t.freetv.fun/live/tochka-tv-1.m3u8
[SD]viasat kino comedy,https://t.freetv.fun/live/viasat-kino-comedy.m3u8
[BD]дом,https://t.freetv.fun/live/dom.m3u8
[BD]viasat kino comedy,https://t.freetv.fun/live/viasat-kino-comedy-1.m3u8
[HD]теледом,https://t.freetv.fun/live/teledom.m3u8
[BD]viasat explore,https://t.freetv.fun/live/viasat-explore.m3u8
[BD]звезда,https://t.freetv.fun/live/zvezda.m3u8
[SD]viasat explore,https://t.freetv.fun/live/viasat-explore-1.m3u8
[SD]звезда,https://t.freetv.fun/live/zvezda-2.m3u8
[HD]viasat explore,https://t.freetv.fun/live/viasat-explore-3.m3u8
[SD]звезда,https://t.freetv.fun/live/zvezda-3.m3u8
[SD]viasat history,https://t.freetv.fun/live/viasat-history-1.m3u8
[SD]звезда,https://t.freetv.fun/live/zvezda-4.m3u8
[HD]viasat history,https://t.freetv.fun/live/viasat-history-3.m3u8
[SD]телекафе,https://t.freetv.fun/live/telekafe-1.m3u8
[HD]viasat nature,https://t.freetv.fun/live/viasat-nature.m3u8
[SD]телекафе,https://t.freetv.fun/live/telekafe-2.m3u8
[SD]viasat nature,https://t.freetv.fun/live/viasat-nature-1.m3u8
[SD]телекафе,https://t.freetv.fun/live/telekafe-3.m3u8
[SD]viasat nature,https://t.freetv.fun/live/viasat-nature-2.m3u8
[SD]шансон тв,https://t.freetv.fun/live/shanson-tv.m3u8
[SD]viasat nature,https://t.freetv.fun/live/viasat-nature-3.m3u8
[HD]радио шансон,https://t.freetv.fun/live/radio-shanson-1.m3u8
[SD]viasat sport,https://t.freetv.fun/live/viasat-sport.m3u8
[SD]шансон тв,https://t.freetv.fun/live/shanson-tv-1.m3u8
[BD]tvb vietnam,https://t.freetv.fun/live/tvb-vietnam.m3u8
[SD]086 шансон тв,https://t.freetv.fun/live/086-shanson-tv.m3u8
[BD]hype visual radio (1080p),https://t.freetv.fun/live/hype-visual-radio-1080p.m3u8
[SD]ностальгия,https://t.freetv.fun/live/nostalgiia.m3u8
[BD]vizion plus al,https://t.freetv.fun/live/vizion-plus-al.m3u8
[SD]ностальгия,https://t.freetv.fun/live/nostalgiia-2.m3u8
[BD]w network,https://t.freetv.fun/live/w-network.m3u8
[SD]ностальгия,https://t.freetv.fun/live/nostalgiia-4.m3u8
[BD]watan egypt,https://t.freetv.fun/live/watan-egypt.m3u8
[BD]三沙卫视,https://t.freetv.fun/live/san-sha-wei-shi.m3u8
[BD]waterbear,https://t.freetv.fun/live/waterbear.m3u8
[BD]三沙卫视,https://t.freetv.fun/live/san-sha-wei-shi-4.m3u8
[BD]waterbear,https://t.freetv.fun/live/waterbear-1.m3u8
[VGA]三沙卫视,https://t.freetv.fun/live/san-sha-wei-shi-8.m3u8
[HD]we tv,https://t.freetv.fun/live/we-tv.m3u8
[SD]三沙卫视,https://t.freetv.fun/live/san-sha-wei-shi-10.m3u8
[BD]we tv,https://t.freetv.fun/live/we-tv-1.m3u8
[SD]三沙卫视,https://t.freetv.fun/live/san-sha-wei-shi-2.m3u8
[BD]we tv,https://t.freetv.fun/live/we-tv-2.m3u8
[BD]三沙卫视,https://t.freetv.fun/live/san-sha-wei-shi-3.m3u8
[VGA]wild earth,https://t.freetv.fun/live/wild-earth.m3u8
[SD]三沙卫视,https://t.freetv.fun/live/san-sha-wei-shi-5.m3u8
[BD]win sports,https://t.freetv.fun/live/win-sports.m3u8
[BD]三沙卫视,https://t.freetv.fun/live/san-sha-wei-shi-7.m3u8
[BD]world fishing network,https://t.freetv.fun/live/world-fishing-network.m3u8
[VGA]三沙卫视,https://t.freetv.fun/live/san-sha-wei-shi-9.m3u8
[SD]world fishing network,https://t.freetv.fun/live/world-fishing-network-2.m3u8
[BD]三沙卫视,https://t.freetv.fun/live/san-sha-wei-shi-12.m3u8
[HD]ytv ca,https://t.freetv.fun/live/ytv-ca.m3u8
[SD]三沙卫视,https://t.freetv.fun/live/san-sha-wei-shi-13.m3u8
[HD]zee tv,https://t.freetv.fun/live/zee-tv-1.m3u8
[BD]三立新聞inews,https://t.freetv.fun/live/san-li-xin-wen-inews.m3u8
[BD]tv zoom,https://t.freetv.fun/live/tv-zoom.m3u8
[BD]三立綜合,https://t.freetv.fun/live/san-li-zong-he.m3u8
[BD]tv zoom,https://t.freetv.fun/live/tv-zoom-1.m3u8
[SD]上海新闻综合,https://t.freetv.fun/live/shang-hai-xin-wen-zong-he.m3u8
[BD]zoom,https://t.freetv.fun/live/zoom.m3u8
[HD]上海新闻综合,https://t.freetv.fun/live/shang-hai-xin-wen-zong-he-1.m3u8
[SD]dd bangla,https://t.freetv.fun/live/dd-bangla.m3u8
[HD]上海新闻综合,https://t.freetv.fun/live/shang-hai-xin-wen-zong-he-2.m3u8
[VGA]zee bangla sonar,https://t.freetv.fun/live/zee-bangla-sonar.m3u8
[SD]上海新闻综合,https://t.freetv.fun/live/shang-hai-xin-wen-zong-he-3.m3u8
[SD]zee cinema uk,https://t.freetv.fun/live/zee-cinema-uk.m3u8
[BD]上海新闻综合,https://t.freetv.fun/live/shang-hai-xin-wen-zong-he-4.m3u8
[HD]rtp,https://t.freetv.fun/live/rtp.m3u8
[SD]上海都市,https://t.freetv.fun/live/shang-hai-du-shi.m3u8
[BD]zvezda,https://t.freetv.fun/live/zvezda-1.m3u8
[SD]上海都市,https://t.freetv.fun/live/shang-hai-du-shi-1.m3u8
[BD]zvezda,https://t.freetv.fun/live/zvezda-1-1.m3u8
[HD]上海都市,https://t.freetv.fun/live/shang-hai-du-shi-2.m3u8
[BD]a haber,https://t.freetv.fun/live/a-haber.m3u8
[BD]上海都市,https://t.freetv.fun/live/shang-hai-du-shi-4.m3u8
[BD]amazing facts tv,https://t.freetv.fun/live/amazing-facts-tv.m3u8
[BD]上虞文化影院,https://t.freetv.fun/live/shang-yu-wen-hua-ying-yuan-2.m3u8zzhed
[VGA]atv,https://t.freetv.fun/live/atv.m3u8
[BD]上虞新商都,https://t.freetv.fun/live/shang-yu-xin-shang-du.m3u8
[BD]atv,https://t.freetv.fun/live/atv-1.m3u8
[BD]上虞新商都,https://t.freetv.fun/live/shang-yu-xin-shang-du-1.m3u8
[HD]atv,https://t.freetv.fun/live/atv-4.m3u8
[VGA]上虞新商都,https://t.freetv.fun/live/shang-yu-xin-shang-du-2.m3u8
[HD]atv,https://t.freetv.fun/live/atv-5.m3u8
[HD]中天娱乐 *$,https://t.freetv.fun/live/zhong-tian-yu-le.m3u8
[BD]max sport 2,https://t.freetv.fun/live/max-sport-2.m3u8
[BD]中天新闻,https://t.freetv.fun/live/zhong-tian-xin-wen.m3u8
[BD]max sport 3,https://t.freetv.fun/live/max-sport-3.m3u8
[BD]中天新聞,https://t.freetv.fun/live/zhong-tian-xin-wen-1.m3u8
[BD]max sport 4,https://t.freetv.fun/live/max-sport-4.m3u8
[VGA]中天新闻,https://t.freetv.fun/live/zhong-tian-xin-wen-1-1.m3u8
[SD]zee aflam,https://t.freetv.fun/live/zee-aflam.m3u8
[BD]中天新闻,rtmp://media.atmsiot.com/live/ztxw
[HD]tv5monde africa,https://t.freetv.fun/live/tv5monde-africa.m3u8
[BD]中天新闻,https://t.freetv.fun/live/zhong-tian-xin-wen-3.m3u8
[VGA]voa tv africa,https://t.freetv.fun/live/voa-tv-africa.m3u8
[BD]中天新闻,rtmp://ai.gdjs.net.cn/live/332000-ztxw2
[HD]salira tv,https://t.freetv.fun/live/salira-tv.m3u8
[BD]中天新闻,rtmp://www.ipanlian.com/live/ztxw
[BD]hala tv,https://t.freetv.fun/live/hala-tv-1.m3u8
[SD]中天新闻 *$,https://t.freetv.fun/live/zhong-tian-xin-wen-6.m3u8
[SD]amedia 1,https://t.freetv.fun/live/amedia-1.m3u8
[BD]中视,https://t.freetv.fun/live/zhong-shi.ts
[SD]amedia 1,https://t.freetv.fun/live/amedia-1-1.m3u8
[HD]中视,rtmp://f13h.mine.nu/sat/tv091
[SD]amedia 1,https://t.freetv.fun/live/amedia-1-2.m3u8
[HD]中视,rtmp://f13h.mine.nu:1935/sat/tv091
[SD]amedia 2,https://t.freetv.fun/live/amedia-2.m3u8
[BD]中视 *$,https://t.freetv.fun/live/zhong-shi-3.m3u8
[SD]amedia 2,https://t.freetv.fun/live/amedia-2-1.m3u8
[BD]中視,https://t.freetv.fun/live/zhong-shi-2.ts
[SD]amedia 2,https://t.freetv.fun/live/amedia-2-2.m3u8
[BD]中視,https://t.freetv.fun/live/zhong-shi-1-1.m3u8
[SD]amedia 2,https://t.freetv.fun/live/amedia-2-3.m3u8
[BD]中視新聞hd *$,https://t.freetv.fun/live/zhong-shi-xin-wen-hd.m3u8
[SD]amedia 2 (576p),https://t.freetv.fun/live/amedia-2-576p.m3u8
[BD]中視新聞,https://t.freetv.fun/live/zhong-shi-xin-wen.m3u8
[HD]andina rtv,https://t.freetv.fun/live/andina-rtv.m3u8
[BD]中视新闻 *$,https://t.freetv.fun/live/zhong-shi-xin-wen-1.m3u8
[HD]andina rtv,https://t.freetv.fun/live/andina-rtv-1.m3u8
[BD]中视经典 *$,https://t.freetv.fun/live/zhong-shi-jing-dian.m3u8
[BD]canal capital,https://t.freetv.fun/live/canal-capital.m3u8
[HD]中视菁采 *$,https://t.freetv.fun/live/zhong-shi-jing-cai.m3u8
[BD]caras tv,https://t.freetv.fun/live/caras-tv.m3u8
[BD]五星体育,https://t.freetv.fun/live/wu-xing-ti-yu-1.m3u8
[BD]cira tv,https://t.freetv.fun/live/cira-tv.m3u8
[BD]五星体育,https://t.freetv.fun/live/wu-xing-ti-yu.m3u8
[HD]dtv,https://t.freetv.fun/live/dtv.m3u8
[BD]五星体育,https://t.freetv.fun/live/wu-xing-ti-yu-2.m3u8
[BD]extra tv,https://t.freetv.fun/live/extra-tv.m3u8
[SD]五星体育,https://t.freetv.fun/live/wu-xing-ti-yu-3.m3u8
[HD]hakka tv,https://t.freetv.fun/live/hakka-tv.m3u8
[BD]五星体育,https://t.freetv.fun/live/wu-xing-ti-yu-4.m3u8
[BD]i24 news hebrew,https://t.freetv.fun/live/i24-news-hebrew.m3u8
[BD]五星体育,https://t.freetv.fun/live/wu-xing-ti-yu-6.m3u8
[BD]kurdsat news,https://t.freetv.fun/live/kurdsat-news.m3u8
[HD]人间卫视,https://t.freetv.fun/live/ren-jian-wei-shi-1.m3u8
[SD]lale,https://t.freetv.fun/live/lale.m3u8
[BD]人間衛視,https://t.freetv.fun/live/ren-jian-wei-shi-1-1.m3u8
[HD]awtv,https://t.freetv.fun/live/awtv.m3u8
[SD]珲春新闻综合,https://t.freetv.fun/live/hun-chun-xin-wen-zong-he-4.m3u8
[BD]golf life,https://t.freetv.fun/live/golf-life.m3u8
[BD]伊春新闻综合,https://t.freetv.fun/live/yi-chun-xin-wen-zong-he.m3u8
[BD]gb news,https://t.freetv.fun/live/gb-news.m3u8
[VGA]凉山新闻综合,https://t.freetv.fun/live/liang-shan-xin-wen-zong-he.m3u8
[BD]rt news,https://t.freetv.fun/live/rt-news.m3u8
[VGA]象山新闻综合,https://t.freetv.fun/live/xiang-shan-xin-wen-zong-he.m3u8
[VGA]sabc news,https://t.freetv.fun/live/sabc-news-1.m3u8
[HD]萧山新闻综合,https://t.freetv.fun/live/xiao-shan-xin-wen-zong-he-2.m3u8
[BD]ntd news,https://t.freetv.fun/live/ntd-news.m3u8
[SD]优漫卡通,https://t.freetv.fun/live/you-man-qia-tong-2.m3u8
[HD]dd news,https://t.freetv.fun/live/dd-news.m3u8
[SD]优漫卡通,https://t.freetv.fun/live/you-man-qia-tong-4.m3u8
[BD]newsy,https://t.freetv.fun/live/newsy-1.m3u8
[SD]优漫卡通,https://t.freetv.fun/live/you-man-qia-tong.m3u8
[BD]crtv news,https://t.freetv.fun/live/crtv-news.m3u8
[SD]优漫卡通,https://t.freetv.fun/live/you-man-qia-tong-3.m3u8
[HD]band news,https://t.freetv.fun/live/band-news.m3u8
[SD]优漫卡通,https://t.freetv.fun/live/you-man-qia-tong-5.m3u8
[BD]etv news,https://t.freetv.fun/live/etv-news.m3u8
[VGA]优漫卡通,https://t.freetv.fun/live/you-man-qia-tong-6.m3u8
[BD]sbt news,https://t.freetv.fun/live/sbt-news.m3u8
[HD]内江科教生活,https://t.freetv.fun/live/nei-jiang-ke-jiao-sheng-huo.m3u8
[BD]dd news,https://t.freetv.fun/live/dd-news-1.m3u8
[VGA]内江综合,https://t.freetv.fun/live/nei-jiang-zong-he-1.m3u8
[BD]nova news,https://t.freetv.fun/live/nova-news.m3u8
[BD]内江资中综合,https://t.freetv.fun/live/nei-jiang-zi-zhong-zong-he.m3u8
[BD]salem news channel,https://t.freetv.fun/live/salem-news-channel.m3u8
[HD]内江新闻,rtmp://njzb.scnj.tv:1938/live/xwzh_xwzh800
[BD]nbc sports now,https://t.freetv.fun/live/nbc-sports-now.m3u8
[BD]内蒙古卫视,https://t.freetv.fun/live/nei-meng-gu-wei-shi-2.m3u8
[BD]now sports 616 hk,https://t.freetv.fun/live/now-sports-616-hk.m3u8
[BD]内蒙古卫视,https://t.freetv.fun/live/nei-meng-gu-wei-shi-4.m3u8
[BD]now sports 616 ᵁᴴᴰ,https://t.freetv.fun/live/now-sports-616-uhd.m3u8
[SD]内蒙古卫视,https://t.freetv.fun/live/nei-meng-gu-wei-shi-7.m3u8
[HD]prime,https://t.freetv.fun/live/prime.m3u8
[SD]内蒙古卫视,https://t.freetv.fun/live/nei-meng-gu-wei-shi.m3u8
[HD]fonte tv,https://t.freetv.fun/live/fonte-tv.m3u8
[BD]内蒙古卫视,https://t.freetv.fun/live/nei-meng-gu-wei-shi-1.m3u8
[HD]jne tv,https://t.freetv.fun/live/jne-tv.m3u8
[BD]内蒙古卫视,https://t.freetv.fun/live/nei-meng-gu-wei-shi-17.m3u8
[HD]once tv,https://t.freetv.fun/live/once-tv.m3u8
[BD]内蒙古卫视,https://t.freetv.fun/live/nei-meng-gu-wei-shi-12.m3u8
[HD]jne tv,https://t.freetv.fun/live/jne-tv-1.m3u8
[BD]内蒙古卫视,https://t.freetv.fun/live/nei-meng-gu-wei-shi-14.m3u8
[BD]tv one,https://t.freetv.fun/live/tv-one-4.m3u8
[BD]内蒙古卫视,https://t.freetv.fun/live/nei-meng-gu-wei-shi-3.m3u8
[BD]cinema,https://t.freetv.fun/live/cinema.m3u8
[BD]内蒙古卫视,https://t.freetv.fun/live/nei-meng-gu-wei-shi-5.m3u8
[SD]cinema,https://t.freetv.fun/live/cinema-1.m3u8
[BD]内蒙古卫视,https://t.freetv.fun/live/nei-meng-gu-wei-shi-8.m3u8
[SD]food food,https://t.freetv.fun/live/food-food.m3u8
[SD]内蒙古卫视,https://t.freetv.fun/live/nei-meng-gu-wei-shi-9.m3u8
[VGA]pasand tv,https://t.freetv.fun/live/pasand-tv.m3u8
[BD]内蒙古卫视,https://t.freetv.fun/live/nei-meng-gu-wei-shi-11.m3u8
[BD]rcn 2,https://t.freetv.fun/live/rcn-2.m3u8
[SD]内蒙古卫视,https://t.freetv.fun/live/nei-meng-gu-wei-shi-13.m3u8
[HD]rodja tv,https://t.freetv.fun/live/rodja-tv.m3u8
[BD]内蒙古卫视,https://t.freetv.fun/live/nei-meng-gu-wei-shi-15.m3u8
[HD]slopes tv,https://t.freetv.fun/live/slopes-tv.m3u8
[BD]内蒙古卫视,https://t.freetv.fun/live/nei-meng-gu-wei-shi-16.m3u8
[VGA]supertv,https://t.freetv.fun/live/supertv.m3u8
[BD]内蒙古卫视,https://t.freetv.fun/live/nei-meng-gu-wei-shi-18.m3u8
[SD]ctc kids,https://t.freetv.fun/live/ctc-kids-1.m3u8
[SD]内蒙古卫视,https://t.freetv.fun/live/nei-meng-gu-wei-shi-19.m3u8
[HD]10 tv,https://t.freetv.fun/live/10-tv.m3u8
[BD]内蒙古卫视,https://t.freetv.fun/live/nei-meng-gu-wei-shi-20.m3u8
[BD]tvr 1,https://t.freetv.fun/live/tvr-1.m3u8
[BD]内蒙古卫视,https://t.freetv.fun/live/nei-meng-gu-wei-shi-21.m3u8
[BD]himlen tv7,https://t.freetv.fun/live/himlen-tv7.m3u8
[BD]八大精彩,https://t.freetv.fun/live/ba-da-jing-cai.m3u8
[BD]himlen tv7,https://t.freetv.fun/live/himlen-tv7-1.m3u8
[BD]公视,https://t.freetv.fun/live/gong-shi.ts
[BD]tvnet,https://t.freetv.fun/live/tvnet.m3u8
[BD]公視,https://t.freetv.fun/live/gong-shi-1.ts
[HD]xite,https://t.freetv.fun/live/xite.m3u8
[BD]公视 *$,https://t.freetv.fun/live/gong-shi-2.m3u8
[HD]sol tv,https://t.freetv.fun/live/sol-tv-1.m3u8
[BD]公視戲劇,https://t.freetv.fun/live/gong-shi-xi-ju.php
[BD]oli tv,https://t.freetv.fun/live/oli-tv.m3u8
[BD]公視戲劇,https://t.freetv.fun/live/gong-shi-xi-ju-1.m3u8
[BD]oli tv,https://t.freetv.fun/live/oli-tv-1.m3u8
[SD]兵团卫视,https://t.freetv.fun/live/bing-tuan-wei-shi-5.m3u8
[SD]zagros,https://t.freetv.fun/live/zagros.m3u8
[HD]兵团卫视,https://t.freetv.fun/live/bing-tuan-wei-shi.m3u8
[BD]zagros tv,https://t.freetv.fun/live/zagros-tv-2.m3u8
[SD]兵团卫视,https://t.freetv.fun/live/bing-tuan-wei-shi-2.m3u8
[BD]čt 2,https://t.freetv.fun/live/ct-2.m3u8
[SD]兵团卫视,https://t.freetv.fun/live/bing-tuan-wei-shi-11.m3u8
[BD]filmbox premium czech republic,https://t.freetv.fun/live/filmbox-premium-czech-republic.m3u8
[SD]兵团卫视,https://t.freetv.fun/live/bing-tuan-wei-shi-14.m3u8
[BD]filmbox czech republic,https://t.freetv.fun/live/filmbox-czech-republic.m3u8
[SD]兵团卫视,https://t.freetv.fun/live/bing-tuan-wei-shi-7.m3u8
[BD]filmbox extra czech republic,https://t.freetv.fun/live/filmbox-extra-czech-republic.m3u8
[SD]兵团卫视,https://t.freetv.fun/live/bing-tuan-wei-shi-8.m3u8
[HD]filmbox stars czech republic,https://t.freetv.fun/live/filmbox-stars-czech-republic.m3u8
[SD]兵团卫视,https://t.freetv.fun/live/bing-tuan-wei-shi-4.m3u8
[VGA]th đồng nai,https://t.freetv.fun/live/th-dong-nai.m3u8
[BD]兵团卫视,https://t.freetv.fun/live/bing-tuan-wei-shi-3.m3u8
[SD]авто 24,https://t.freetv.fun/live/avto-24.m3u8
[BD]兵团卫视,https://t.freetv.fun/live/bing-tuan-wei-shi-6.m3u8
[SD]авто 24,https://t.freetv.fun/live/avto-24-1.m3u8
[BD]兵团卫视,https://t.freetv.fun/live/bing-tuan-wei-shi-9.m3u8
[SD]авто24,https://t.freetv.fun/live/avto24.m3u8
[SD]兵团卫视,https://t.freetv.fun/live/bing-tuan-wei-shi-10.m3u8
[SD]авто плюс,https://t.freetv.fun/live/avto-plius.m3u8
[BD]兵团卫视,https://t.freetv.fun/live/bing-tuan-wei-shi-12.m3u8
[SD]авто плюс,https://t.freetv.fun/live/avto-plius-2.m3u8
[BD]兵团卫视,https://t.freetv.fun/live/bing-tuan-wei-shi-13.m3u8
[SD]103 авто плюс,https://t.freetv.fun/live/103-avto-plius.m3u8
[HD]兵团卫视,https://t.freetv.fun/live/bing-tuan-wei-shi-18.m3u8
[BD]беларусь 1,https://t.freetv.fun/live/belarus-1.m3u8
[SD]动漫秀场,https://t.freetv.fun/live/dong-man-xiu-chang.m3u8
[BD]беларусь 24,https://t.freetv.fun/live/belarus-24.m3u8
[BD]动漫秀场,https://t.freetv.fun/live/dong-man-xiu-chang-9.m3u8
[BD]беларусь 2,https://t.freetv.fun/live/belarus-2.m3u8
[SD]动漫秀场,https://t.freetv.fun/live/dong-man-xiu-chang-1.m3u8
[SD]беларусь 24,https://t.freetv.fun/live/belarus-24-1.m3u8
[BD]动漫秀场,https://t.freetv.fun/live/dong-man-xiu-chang-2.m3u8
[BD]беларусь 24,https://t.freetv.fun/live/belarus-24-2.m3u8
[SD]动漫秀场,https://t.freetv.fun/live/dong-man-xiu-chang-4.m3u8
[BD]беларусь 5,https://t.freetv.fun/live/belarus-5.m3u8
[HD]动物星球,https://t.freetv.fun/live/dong-wu-xing-qiu-1.m3u8
[BD]беларусь 3,https://t.freetv.fun/live/belarus-3-1-1.m3u8
[BD]动物星球 *$,https://t.freetv.fun/live/dong-wu-xing-qiu.m3u8
[BD]беларусь 5,https://t.freetv.fun/live/belarus-5-2.m3u8
[HD]南京教科,https://t.freetv.fun/live/nan-jing-jiao-ke-2.m3u8
[SD]бобер,https://t.freetv.fun/live/bober.m3u8
[VGA]南京教科,https://t.freetv.fun/live/nan-jing-jiao-ke-3.m3u8
[SD]бобёр,https://t.freetv.fun/live/bober-1-1.m3u8
[SD]辉南新闻综合,https://t.freetv.fun/live/hui-nan-xin-wen-zong-he.m3u8
[SD]время,https://t.freetv.fun/live/vremia.m3u8
[VGA]辉南新闻综合,https://t.freetv.fun/live/hui-nan-xin-wen-zong-he-1.m3u8
[SD]время,https://t.freetv.fun/live/vremia-1.m3u8
[VGA]南京新闻综合,https://t.freetv.fun/live/nan-jing-xin-wen-zong-he.m3u8
[SD]вопросы и ответы,https://t.freetv.fun/live/voprosy-i-otvety.m3u8
[HD]南京新闻综合,https://t.freetv.fun/live/nan-jing-xin-wen-zong-he-1.m3u8
[BD]дождь,https://t.freetv.fun/live/dozhd.m3u8
[VGA]南京新闻综合,https://t.freetv.fun/live/nan-jing-xin-wen-zong-he-2.m3u8
[BD]дождь (1080p) [geo-blocked],https://t.freetv.fun/live/dozhd-1080p-geo-blocked.m3u8
[BD]广州南国都市,https://t.freetv.fun/live/yan-zhou-nan-guo-du-shi-1.m3u8
[BD]дом кино премиум,https://t.freetv.fun/live/dom-kino-premium.m3u8
[BD]广州南国都市,https://t.freetv.fun/live/yan-zhou-nan-guo-du-shi-2.m3u8
[BD]дом кино премиум,https://t.freetv.fun/live/dom-kino-premium-2.m3u8
[BD]广州南国都市,https://t.freetv.fun/live/yan-zhou-nan-guo-du-shi.m3u8
[SD]дом кино премиум (1080p),https://t.freetv.fun/live/dom-kino-premium-1080p.m3u8
[BD]南国都市,https://t.freetv.fun/live/nan-guo-du-shi-1.m3u8
[SD]077 дом кино премиум,https://t.freetv.fun/live/077-dom-kino-premium.m3u8
[BD]南国都市,https://t.freetv.fun/live/nan-guo-du-shi-2.m3u8
[SD]дом кино,https://t.freetv.fun/live/dom-kino-1.m3u8
[HD]南宁新闻综合,https://t.freetv.fun/live/nan-zhu-xin-wen-zong-he.m3u8
[SD]дом кино,https://t.freetv.fun/live/dom-kino-2.m3u8
[HD]南通新闻综合,https://t.freetv.fun/live/nan-tong-xin-wen-zong-he-1.m3u8
[SD]076 дом кино,https://t.freetv.fun/live/076-dom-kino.m3u8
[VGA]平凉新闻综合,rtmp://play.kankanlive.com/live/1694661314645984
[SD]домашний,https://t.freetv.fun/live/domashnii.m3u8
[SD]辉南新闻综合,https://t.freetv.fun/live/hui-nan-xin-wen-zong-he-4.m3u8
[SD]домашний,https://t.freetv.fun/live/domashnii-1.m3u8
[VGA]辉南新闻综合,https://t.freetv.fun/live/hui-nan-xin-wen-zong-he-2.m3u8
[SD]домашний,https://t.freetv.fun/live/domashnii-2.m3u8
[HD]台视,rtmp://f13h.mine.nu/sat/tv071
[SD]домашний,https://t.freetv.fun/live/domashnii-3.m3u8
[HD]台视,rtmp://f13h.mine.nu:1935/sat/tv071
[SD]домашний,https://t.freetv.fun/live/domashnii-4.m3u8
[BD]台视 *$,https://t.freetv.fun/live/tai-shi-2.m3u8
[SD]042 домашний,https://t.freetv.fun/live/042-domashnii.m3u8
[BD]台视新闻 *$,https://t.freetv.fun/live/tai-shi-xin-wen-1.m3u8
[BD]живи!,https://t.freetv.fun/live/zhivi.m3u8
[SD]合肥新闻,https://t.freetv.fun/live/he-fei-xin-wen.m3u8
[SD]живи,https://t.freetv.fun/live/zhivi-1.m3u8
[VGA]合肥新闻,https://t.freetv.fun/live/he-fei-xin-wen-1.m3u8
[BD]інтер,https://t.freetv.fun/live/inter.m3u8
[SD]吉林生活,https://t.freetv.fun/live/ji-lin-sheng-huo.m3u8
[BD]інтер,https://t.freetv.fun/live/inter-1.m3u8
[SD]吉林生活,https://t.freetv.fun/live/ji-lin-sheng-huo-1.m3u8
[VGA]к16,https://t.freetv.fun/live/k16.m3u8
[SD]吉林综艺文化,https://t.freetv.fun/live/ji-lin-zong-yi-wen-hua-1.m3u8
[BD]к1,https://t.freetv.fun/live/k1-1.m3u8
[SD]吉林综艺文化,https://t.freetv.fun/live/ji-lin-zong-yi-wen-hua-1-1.m3u8
[BD]к1,https://t.freetv.fun/live/k1-1-1.m3u8
[SD]吉林综艺文化,https://t.freetv.fun/live/ji-lin-zong-yi-wen-hua-2.m3u8
[SD]к16 (саров) (406p) [not 24/7],https://t.freetv.fun/live/k16-sarov-406p-not-24-7.m3u8
[BD]吉林卫视,https://t.freetv.fun/live/ji-lin-wei-shi.m3u8
[HD]кинокомедия,https://t.freetv.fun/live/kinokomediia-1.m3u8
[SD]吉林卫视,https://t.freetv.fun/live/ji-lin-wei-shi-4.m3u8
[SD]кинокомедия,https://t.freetv.fun/live/kinokomediia-2.m3u8
[BD]吉林卫视,https://t.freetv.fun/live/ji-lin-wei-shi-6.m3u8
[SD]кинокомедия,https://t.freetv.fun/live/kinokomediia-4.m3u8
[BD]吉林卫视,https://t.freetv.fun/live/ji-lin-wei-shi-17.m3u8
[SD]068 кинокомедия,https://t.freetv.fun/live/068-kinokomediia.m3u8
[SD]吉林卫视,https://t.freetv.fun/live/ji-lin-wei-shi-12.m3u8
[HD]киносерия,https://t.freetv.fun/live/kinoseriia-1.m3u8
[BD]吉林卫视,https://t.freetv.fun/live/ji-lin-wei-shi-1.m3u8
[SD]киносерия,https://t.freetv.fun/live/kinoseriia-2.m3u8
[BD]吉林卫视,https://t.freetv.fun/live/ji-lin-wei-shi-15.m3u8
[BD]киносерия,https://t.freetv.fun/live/kinoseriia-4.m3u8
[VGA]吉林卫视,https://t.freetv.fun/live/ji-lin-wei-shi-10.m3u8
[SD]065 киносерия,https://t.freetv.fun/live/065-kinoseriia.m3u8
[BD]吉林卫视,https://t.freetv.fun/live/ji-lin-wei-shi-16.m3u8
[SD]кинохит,https://t.freetv.fun/live/kinokhit-1.m3u8
[SD]吉林卫视,https://t.freetv.fun/live/ji-lin-wei-shi-34.m3u8
[HD]кинохит,https://t.freetv.fun/live/kinokhit-2.m3u8
[VGA]吉林卫视,https://t.freetv.fun/live/ji-lin-wei-shi-22.m3u8
[SD]070 кинохит,https://t.freetv.fun/live/070-kinokhit.m3u8
[SD]吉林卫视,https://t.freetv.fun/live/ji-lin-wei-shi-2.m3u8
[SD]кхл,https://t.freetv.fun/live/kkhl.m3u8
[BD]吉林卫视,https://t.freetv.fun/live/ji-lin-wei-shi-3.m3u8
[SD]кхл,https://t.freetv.fun/live/kkhl-1.m3u8
[BD]吉林卫视,https://t.freetv.fun/live/ji-lin-wei-shi-5.m3u8
[SD]карусель,https://t.freetv.fun/live/karusel-1.m3u8
[HD]吉林卫视,https://t.freetv.fun/live/ji-lin-wei-shi-7.m3u8
[BD]карусель,https://t.freetv.fun/live/karusel-2.m3u8
[BD]吉林卫视,https://t.freetv.fun/live/ji-lin-wei-shi-8.m3u8
[SD]карусель,https://t.freetv.fun/live/karusel-3.m3u8
[SD]吉林卫视,https://t.freetv.fun/live/ji-lin-wei-shi-9.m3u8
[SD]карусель,https://t.freetv.fun/live/karusel-4.m3u8
[SD]吉林卫视,https://t.freetv.fun/live/ji-lin-wei-shi-11.m3u8
[SD]карусель,https://t.freetv.fun/live/karusel-5.m3u8
[BD]吉林卫视,https://t.freetv.fun/live/ji-lin-wei-shi-13.m3u8
[SD]карусель,https://t.freetv.fun/live/karusel-6.m3u8
[BD]吉林卫视,https://t.freetv.fun/live/ji-lin-wei-shi-14.m3u8
[SD]карусель,https://t.freetv.fun/live/karusel-7.m3u8
[BD]吉林卫视,https://t.freetv.fun/live/ji-lin-wei-shi-18.m3u8
[SD]карусель ⓢ,https://t.freetv.fun/live/karusel-s.m3u8
[SD]吉林卫视,https://t.freetv.fun/live/ji-lin-wei-shi-19.m3u8
[SD]098 карусель,https://t.freetv.fun/live/098-karusel.m3u8
[BD]吉林卫视,https://t.freetv.fun/live/ji-lin-wei-shi-20.m3u8
[HD]кино тв,https://t.freetv.fun/live/kino-tv.m3u8
[SD]吉林卫视,https://t.freetv.fun/live/ji-lin-wei-shi-21.m3u8
[SD]союз,https://t.freetv.fun/live/soiuz.m3u8
[BD]吉林卫视,https://t.freetv.fun/live/ji-lin-wei-shi-23.m3u8
[BD]союз,https://t.freetv.fun/live/soiuz-1.m3u8
[BD]吉林卫视,https://t.freetv.fun/live/ji-lin-wei-shi-24.m3u8
[BD]союз,https://t.freetv.fun/live/soiuz-2.m3u8
[BD]吉林卫视,https://t.freetv.fun/live/ji-lin-wei-shi-25.m3u8
[SD]кто есть кто,https://t.freetv.fun/live/kto-est-kto-1.m3u8
[SD]吉林都市,https://t.freetv.fun/live/ji-lin-du-shi.m3u8
[SD]кто есть кто,https://t.freetv.fun/live/kto-est-kto-2.m3u8
[SD]吉林都市,https://t.freetv.fun/live/ji-lin-du-shi-1.m3u8
[SD]050 кто есть кто,https://t.freetv.fun/live/050-kto-est-kto.m3u8
[SD]吉林都市,https://t.freetv.fun/live/ji-lin-du-shi-2.m3u8
[SD]матч! боец,https://t.freetv.fun/live/match-boets.m3u8
[BD]周星驰电影 *$,https://t.freetv.fun/live/zhou-xing-chi-dian-ying-4.m3u8
[SD]матч боец,https://t.freetv.fun/live/match-boets-1.m3u8
[HD]周润发电影 *$,https://t.freetv.fun/live/zhou-run-fa-dian-ying-4.m3u8
[SD]матч! боец,https://t.freetv.fun/live/match-boets-3.m3u8
[BD]咪咕体育,https://t.freetv.fun/live/mi-gu-ti-yu.m3u8
[SD]матч! боец,https://t.freetv.fun/live/match-boets-4.m3u8
[SD]哈哈炫动,https://t.freetv.fun/live/ha-ha-xuan-dong.m3u8
[BD]мир 24,https://t.freetv.fun/live/mir-24.m3u8
[SD]哈哈炫动,https://t.freetv.fun/live/ha-ha-xuan-dong-1.m3u8
[SD]мир 24,https://t.freetv.fun/live/mir-24-2.m3u8
[SD]哈哈炫动,https://t.freetv.fun/live/ha-ha-xuan-dong-2.m3u8
[BD]мир 24,https://t.freetv.fun/live/mir-24-3.m3u8
[SD]哈哈炫动,https://t.freetv.fun/live/ha-ha-xuan-dong-3.m3u8
[SD]мир 24,https://t.freetv.fun/live/mir-24-4.m3u8
[HD]哈哈炫动,https://t.freetv.fun/live/ha-ha-xuan-dong-4.m3u8
[BD]мир 24,https://t.freetv.fun/live/mir-24-5.m3u8
[SD]哈哈炫动,https://t.freetv.fun/live/ha-ha-xuan-dong-5.m3u8
[SD]мир 24 (1080p),https://t.freetv.fun/live/mir-24-1080p.m3u8
[VGA]哈尔滨娱乐,https://t.freetv.fun/live/ha-er-bin-yu-le-1.m3u8
[SD]муз тв,https://t.freetv.fun/live/muz-tv.m3u8
[VGA]哈尔滨影视,https://t.freetv.fun/live/ha-er-bin-ying-shi-1.m3u8
[SD]музтв,https://t.freetv.fun/live/muztv-1.m3u8
[VGA]哈尔滨影视,https://t.freetv.fun/live/ha-er-bin-ying-shi-4.m3u8
[SD]муз тв,https://t.freetv.fun/live/muz-tv-1-1.m3u8
[VGA]哈尔滨新闻综合,https://t.freetv.fun/live/ha-er-bin-xin-wen-zong-he-3.m3u8
[SD]муз тв,https://t.freetv.fun/live/muz-tv-2.m3u8
[VGA]哈尔滨新闻综合,https://t.freetv.fun/live/ha-er-bin-xin-wen-zong-he-2.m3u8
[SD]муз-тв ⓢ,https://t.freetv.fun/live/muz-tv-s.m3u8
[VGA]哈尔滨新闻综合,https://t.freetv.fun/live/ha-er-bin-xin-wen-zong-he-1.m3u8
[SD]муз тв,https://t.freetv.fun/live/muz-tv-3.m3u8
[VGA]哈尔滨新闻综合,https://t.freetv.fun/live/ha-er-bin-xin-wen-zong-he-4.m3u8
[SD]094 муз тв,https://t.freetv.fun/live/094-muz-tv.m3u8
[VGA]哈尔滨新闻综合,https://t.freetv.fun/live/ha-er-bin-xin-wen-zong-he-2.m3u8
[SD]матч тв,https://t.freetv.fun/live/match-tv-1.m3u8
[SD]哈尔滨综合,https://t.freetv.fun/live/ha-er-bin-zong-he-1.m3u8
[BD]матч тв,https://t.freetv.fun/live/match-tv-2.m3u8
[SD]哈尔滨综合,https://t.freetv.fun/live/ha-er-bin-zong-he-1.m3u8
[SD]матч тв,https://t.freetv.fun/live/match-tv-3.m3u8
[VGA]唯心电视,https://t.freetv.fun/live/wei-xin-dian-shi.m3u8
[SD]матч! игра,https://t.freetv.fun/live/match-igra.m3u8
[VGA]唯心电视,https://t.freetv.fun/live/wei-xin-dian-shi-1.m3u8
[SD]матч! арена,https://t.freetv.fun/live/match-arena.m3u8
[SD]嘉佳卡通,https://t.freetv.fun/live/jia-jia-qia-tong.m3u8
[HD]матч! арена,https://t.freetv.fun/live/match-arena-1.m3u8
[SD]嘉佳卡通,https://t.freetv.fun/live/jia-jia-qia-tong-2.m3u8
[SD]матч! игра,https://t.freetv.fun/live/match-igra-3.m3u8
[SD]嘉佳卡通,https://t.freetv.fun/live/jia-jia-qia-tong-8.m3u8
[HD]матч! игра,https://t.freetv.fun/live/match-igra-4.m3u8
[SD]嘉佳卡通,https://t.freetv.fun/live/jia-jia-qia-tong-1.m3u8
[SD]матч! арена,https://t.freetv.fun/live/match-arena-4.m3u8
[SD]嘉佳卡通,https://t.freetv.fun/live/jia-jia-qia-tong-3.m3u8
[SD]матч!,https://t.freetv.fun/live/match-1.m3u8
[HD]嘉佳卡通,https://t.freetv.fun/live/jia-jia-qia-tong-5.m3u8
[SD]матч! арена (720p),https://t.freetv.fun/live/match-arena-720p.m3u8
[SD]嘉佳卡通,https://t.freetv.fun/live/jia-jia-qia-tong-6.m3u8
[SD]мир,https://t.freetv.fun/live/mir.m3u8
[SD]嘉佳卡通,https://t.freetv.fun/live/jia-jia-qia-tong-9.m3u8
[BD]мир,https://t.freetv.fun/live/mir-2.m3u8
[VGA]嘉佳卡通,https://t.freetv.fun/live/jia-jia-qia-tong-10.m3u8
[SD]мир,https://t.freetv.fun/live/mir-3.m3u8
[SD]嘉佳卡通,https://t.freetv.fun/live/jia-jia-qia-tong-11.m3u8
[SD]мир,https://t.freetv.fun/live/mir-4.m3u8
[BD]嘉兴新闻综合,https://t.freetv.fun/live/jia-xing-xin-wen-zong-he.m3u8
[SD]мир,https://t.freetv.fun/live/mir-5.m3u8
[VGA]嘉兴新闻综合,https://t.freetv.fun/live/jia-xing-xin-wen-zong-he-1.m3u8
[SD]мир,https://t.freetv.fun/live/mir-6.m3u8
[VGA]嘉兴新闻综合,https://t.freetv.fun/live/jia-xing-xin-wen-zong-he-4.m3u8
[SD]мир,https://t.freetv.fun/live/mir-7.m3u8
[BD]大愛二,https://t.freetv.fun/live/da-ai-er-1.m3u8
[SD]музыка первого,https://t.freetv.fun/live/muzyka-pervogo-1.m3u8
[BD]大愛電視,https://t.freetv.fun/live/da-ai-dian-shi-1.m3u8
[SD]079 музыка первого,https://t.freetv.fun/live/079-muzyka-pervogo.m3u8
[BD]大竹新闻综合,https://t.freetv.fun/live/da-zhu-xin-wen-zong-he.m3u8
[SD]мультиландия,https://t.freetv.fun/live/multilandiia.m3u8
[VGA]大湾区卫视,https://t.freetv.fun/live/da-wan-qu-wei-shi.m3u8
[SD]мультиландия (576p),https://t.freetv.fun/live/multilandiia-576p.m3u8
[HD]大湾区卫视,https://t.freetv.fun/live/da-wan-qu-wei-shi-2.m3u8
[SD]нст,https://t.freetv.fun/live/nst-2.m3u8
[VGA]大湾区卫视,https://t.freetv.fun/live/da-wan-qu-wei-shi-6.m3u8
[SD]нст,https://t.freetv.fun/live/nst-3.m3u8
[HD]大湾区卫视,https://t.freetv.fun/live/da-wan-qu-wei-shi-7.m3u8
[SD]нтв хит,https://t.freetv.fun/live/ntv-khit-1.m3u8
[VGA]大湾区卫视,https://t.freetv.fun/live/da-wan-qu-wei-shi-1.m3u8
[SD]нтв,https://t.freetv.fun/live/ntv-2-1.m3u8
[BD]大湾区卫视,https://t.freetv.fun/live/da-wan-qu-wei-shi-3.m3u8
[SD]нтв,https://t.freetv.fun/live/ntv-3.m3u8
[HD]大湾区卫视,https://t.freetv.fun/live/da-wan-qu-wei-shi-4.m3u8
[SD]нтв,https://t.freetv.fun/live/ntv-4.m3u8
[HD]大湾区卫视,https://t.freetv.fun/live/da-wan-qu-wei-shi-5.m3u8
[SD]нтв,https://t.freetv.fun/live/ntv-5.m3u8
[BD]大湾区卫视,https://t.freetv.fun/live/da-wan-qu-wei-shi-8.m3u8
[SD]нтв,https://t.freetv.fun/live/ntv-6.m3u8
[BD]大湾区卫视,https://t.freetv.fun/live/da-wan-qu-wei-shi-12.m3u8
[SD]нтв,https://t.freetv.fun/live/ntv-7.m3u8
[BD]大湾区卫视,https://t.freetv.fun/live/da-wan-qu-wei-shi-13.m3u8
[SD]нтв хит (576p),https://t.freetv.fun/live/ntv-khit-576p.m3u8
[BD]大湾区卫视高清,https://t.freetv.fun/live/da-wan-qu-wei-shi-gao-qing.m3u8
[SD]нтв сериал,https://t.freetv.fun/live/ntv-serial-1.m3u8
[BD]大湾区卫视高清,https://t.freetv.fun/live/da-wan-qu-wei-shi-gao-qing-5.m3u8
[SD]041 нтв сериал,https://t.freetv.fun/live/041-ntv-serial.m3u8
[BD]大湾区卫视高清,https://t.freetv.fun/live/da-wan-qu-wei-shi-gao-qing-6.m3u8
[SD]отр,https://t.freetv.fun/live/otr-1.m3u8
[BD]大湾区卫视高清,https://t.freetv.fun/live/da-wan-qu-wei-shi-gao-qing-7.m3u8
[SD]отр,https://t.freetv.fun/live/otr-2.m3u8
[BD]大湾区卫视高清,https://t.freetv.fun/live/da-wan-qu-wei-shi-gao-qing-8.m3u8
[SD]отр,https://t.freetv.fun/live/otr-3.m3u8
[BD]大湾区卫视高清,https://t.freetv.fun/live/da-wan-qu-wei-shi-gao-qing-9.m3u8
[SD]отр,https://t.freetv.fun/live/otr-4.m3u8
[BD]大湾区卫视高清,https://t.freetv.fun/live/da-wan-qu-wei-shi-gao-qing-10.m3u8
[SD]первый канал,https://t.freetv.fun/live/pervyi-kanal-2.m3u8
[BD]大湾区卫视高清,https://t.freetv.fun/live/da-wan-qu-wei-shi-gao-qing-11.m3u8
[SD]первый канал,https://t.freetv.fun/live/pervyi-kanal-3.m3u8
[BD]大湾区卫视高清,https://t.freetv.fun/live/da-wan-qu-wei-shi-gao-qing-12.m3u8
[SD]первый канал евразия,https://t.freetv.fun/live/pervyi-kanal-evraziia.m3u8
[BD]大湾区卫视高清,https://t.freetv.fun/live/da-wan-qu-wei-shi-gao-qing-13.m3u8
[SD]первый канал,https://t.freetv.fun/live/pervyi-kanal-4.m3u8
[BD]大湾区卫视高清,https://t.freetv.fun/live/da-wan-qu-wei-shi-gao-qing-14.m3u8
[SD]первый канал,https://t.freetv.fun/live/pervyi-kanal-5.m3u8
[BD]大湾区卫视高清,https://t.freetv.fun/live/da-wan-qu-wei-shi-gao-qing-17.m3u8
[BD]первый канал,https://t.freetv.fun/live/pervyi-kanal-6.m3u8
[BD]大湾区卫视高清,https://t.freetv.fun/live/da-wan-qu-wei-shi-gao-qing-18.m3u8
[SD]028 первый канал,https://t.freetv.fun/live/028-pervyi-kanal.m3u8
[SD]天映经典,https://t.freetv.fun/live/tian-ying-jing-dian-3.m3u8
[BD]перший,https://t.freetv.fun/live/pershii-2.m3u8
[BD]天津卫视,https://t.freetv.fun/live/tian-jin-wei-shi-3.m3u8
[SD]живая планета,https://t.freetv.fun/live/zhivaia-planeta.m3u8
[BD]天津卫视,https://t.freetv.fun/live/tian-jin-wei-shi-4.m3u8
[HD]тнв-планета,https://t.freetv.fun/live/tnv-planeta.m3u8
[BD]天津卫视,https://t.freetv.fun/live/tian-jin-wei-shi-5.m3u8
[SD]моя планета,https://t.freetv.fun/live/moia-planeta.m3u8
[BD]天津卫视,https://t.freetv.fun/live/tian-jin-wei-shi-13.m3u8
[SD]моя планета,https://t.freetv.fun/live/moia-planeta-2.m3u8
[BD]天津卫视,https://t.freetv.fun/live/tian-jin-wei-shi-16.m3u8
[SD]моя планета,https://t.freetv.fun/live/moia-planeta-3.m3u8
[BD]天津卫视,https://t.freetv.fun/live/tian-jin-wei-shi-1.m3u8
[SD]живая планета,https://t.freetv.fun/live/zhivaia-planeta-1.m3u8
[BD]天津卫视,https://t.freetv.fun/live/tian-jin-wei-shi-7.m3u8
[BD]моя планета,https://t.freetv.fun/live/moia-planeta-4.m3u8
[VGA]天津卫视,https://t.freetv.fun/live/tian-jin-wei-shi.m3u8
[SD]моя планета,https://t.freetv.fun/live/moia-planeta-5.m3u8
[BD]天津卫视,https://t.freetv.fun/live/tian-jin-wei-shi-10.m3u8
[SD]живая планета,https://t.freetv.fun/live/zhivaia-planeta-2.m3u8
[BD]天津卫视,https://t.freetv.fun/live/tian-jin-wei-shi-11.m3u8
[HD]моя планета,https://t.freetv.fun/live/moia-planeta-6.m3u8
[SD]天津卫视,https://t.freetv.fun/live/tian-jin-wei-shi-18.m3u8
[SD]живая планета (576p),https://t.freetv.fun/live/zhivaia-planeta-576p.m3u8
[BD]天津卫视,https://t.freetv.fun/live/tian-jin-wei-shi-25.m3u8
[SD]045 моя планета,https://t.freetv.fun/live/045-moia-planeta.m3u8
[BD]天津卫视,https://t.freetv.fun/live/tian-jin-wei-shi-8.m3u8
[SD]пятница!,https://t.freetv.fun/live/piatnitsa.m3u8
[BD]天津卫视,https://t.freetv.fun/live/tian-jin-wei-shi-9.m3u8
[SD]рен тв,https://t.freetv.fun/live/ren-tv-2.m3u8
[BD]天津卫视,https://t.freetv.fun/live/tian-jin-wei-shi-12.m3u8
[SD]рен тв,https://t.freetv.fun/live/ren-tv-3.m3u8
[BD]天津卫视,https://t.freetv.fun/live/tian-jin-wei-shi-14.m3u8
[SD]рен,https://t.freetv.fun/live/ren.m3u8
[BD]天津卫视,https://t.freetv.fun/live/tian-jin-wei-shi-15.m3u8
[SD]030 рен тв,https://t.freetv.fun/live/030-ren-tv.m3u8
[BD]天津卫视,https://t.freetv.fun/live/tian-jin-wei-shi-17.m3u8
[SD]россия 24,https://t.freetv.fun/live/rossiia-24-1.m3u8
[BD]天津卫视,https://t.freetv.fun/live/tian-jin-wei-shi-19.m3u8
[SD]россия 24,https://t.freetv.fun/live/rossiia-24-2.m3u8
[BD]天津卫视,https://t.freetv.fun/live/tian-jin-wei-shi-20.m3u8
[SD]россия 24,https://t.freetv.fun/live/rossiia-24-3.m3u8
[BD]天津卫视,https://t.freetv.fun/live/tian-jin-wei-shi-22.m3u8
[SD]россия 24,https://t.freetv.fun/live/rossiia-24-4.m3u8
[HD]太谷新闻综合,https://t.freetv.fun/live/tai-gu-xin-wen-zong-he.m3u8
[SD]россия 24,https://t.freetv.fun/live/rossiia-24-5.m3u8
[HD]太谷新闻综合,https://t.freetv.fun/live/tai-gu-xin-wen-zong-he-1.m3u8
[SD]029 россия 24,https://t.freetv.fun/live/029-rossiia-24.m3u8
[HD]东莞新闻综合,https://t.freetv.fun/live/dong-wan-xin-wen-zong-he.m3u8
[BD]россия 1,https://t.freetv.fun/live/rossiia-1.m3u8
[VGA]东莞新闻综合,https://t.freetv.fun/live/dong-wan-xin-wen-zong-he-2.m3u8
[SD]россия 1,https://t.freetv.fun/live/rossiia-1-3.m3u8
[BD]安徽影视,https://t.freetv.fun/live/an-hui-ying-shi-2.m3u8
[SD]россия 1,https://t.freetv.fun/live/rossiia-1-4.m3u8
[BD]安徽综艺体育,https://t.freetv.fun/live/an-hui-zong-yi-ti-yu.m3u8
[SD]россия 1,https://t.freetv.fun/live/rossiia-1-5.m3u8
[VGA]安徽综艺体育,https://t.freetv.fun/live/an-hui-zong-yi-ti-yu-1.m3u8
[SD]россия 1,https://t.freetv.fun/live/rossiia-1-6.m3u8
[BD]安徽卫视,https://t.freetv.fun/live/an-hui-wei-shi-1.m3u8
[BD]россия 1,https://t.freetv.fun/live/rossiia-1-7.m3u8
[BD]安徽卫视,https://t.freetv.fun/live/an-hui-wei-shi-2.m3u8
[SD]россия 1,https://t.freetv.fun/live/rossiia-1-8.m3u8
[HD]安徽卫视,https://t.freetv.fun/live/an-hui-wei-shi-4.m3u8
[SD]россия 1,https://t.freetv.fun/live/rossiia-1-9.m3u8
[BD]安徽卫视,https://t.freetv.fun/live/an-hui-wei-shi-12.m3u8
[SD]россия 1,https://t.freetv.fun/live/rossiia-1-10.m3u8
[BD]安徽卫视,https://t.freetv.fun/live/an-hui-wei-shi-14.m3u8
[BD]россия 1 (1080p),https://t.freetv.fun/live/rossiia-1-1080p.m3u8
[BD]安徽卫视,https://t.freetv.fun/live/an-hui-wei-shi-18.m3u8
[SD]россия 1 ( plus 6) (576p),https://t.freetv.fun/live/rossiia-1-plus-6-576p.m3u8
[BD]安徽卫视,https://t.freetv.fun/live/an-hui-wei-shi-13.m3u8
[SD]025 россия ртр,https://t.freetv.fun/live/025-rossiia-rtr.m3u8
[BD]安徽卫视,https://t.freetv.fun/live/an-hui-wei-shi-3.m3u8
[SD]россия к,https://t.freetv.fun/live/rossiia-k.m3u8
[SD]安徽卫视,https://t.freetv.fun/live/an-hui-wei-shi-7.m3u8
[SD]россия к,https://t.freetv.fun/live/rossiia-k-1.m3u8
[BD]安徽卫视,https://t.freetv.fun/live/an-hui-wei-shi-23.m3u8
[SD]россия к,https://t.freetv.fun/live/rossiia-k-2.m3u8
[BD]安徽卫视,https://t.freetv.fun/live/an-hui-wei-shi.m3u8
[SD]россия к,https://t.freetv.fun/live/rossiia-k-3.m3u8
[BD]安徽卫视,https://t.freetv.fun/live/an-hui-wei-shi-6.m3u8
[SD]россия к,https://t.freetv.fun/live/rossiia-k-4.m3u8
[BD]安徽卫视,https://t.freetv.fun/live/an-hui-wei-shi-8.m3u8
[SD]россия к,https://t.freetv.fun/live/rossiia-k-5.m3u8
[BD]安徽卫视,https://t.freetv.fun/live/an-hui-wei-shi-9.m3u8
[SD]026 россия к,https://t.freetv.fun/live/026-rossiia-k.m3u8
[BD]安徽卫视,https://t.freetv.fun/live/an-hui-wei-shi-10.m3u8
[SD]русский роман,https://t.freetv.fun/live/russkii-roman.m3u8
[BD]安徽卫视,https://t.freetv.fun/live/an-hui-wei-shi-11.m3u8
[SD]русский роман,https://t.freetv.fun/live/russkii-roman-2.m3u8
[BD]安徽卫视,https://t.freetv.fun/live/an-hui-wei-shi-15.m3u8
[SD]русский роман,https://t.freetv.fun/live/russkii-roman-3.m3u8
[BD]安徽卫视,https://t.freetv.fun/live/an-hui-wei-shi-16.m3u8
[BD]русский роман,https://t.freetv.fun/live/russkii-roman-5.m3u8
[BD]安徽卫视,https://t.freetv.fun/live/an-hui-wei-shi-17.m3u8
[SD]русский бестселлер,https://t.freetv.fun/live/russkii-bestseller-1.m3u8
[BD]安徽卫视,https://t.freetv.fun/live/an-hui-wei-shi-19.m3u8
[SD]русский бестселлер,https://t.freetv.fun/live/russkii-bestseller-2.m3u8
[BD]安徽卫视,https://t.freetv.fun/live/an-hui-wei-shi-20.m3u8
[SD]рыжий,https://t.freetv.fun/live/ryzhii.m3u8
[BD]安徽卫视,https://t.freetv.fun/live/an-hui-wei-shi-21.m3u8
[SD]стс,https://t.freetv.fun/live/sts-2.m3u8
[SD]安徽卫视,https://t.freetv.fun/live/an-hui-wei-shi-22.m3u8
[SD]стс,https://t.freetv.fun/live/sts-3.m3u8
[BD]安徽卫视,https://t.freetv.fun/live/an-hui-wei-shi-25.m3u8
[BD]стс,https://t.freetv.fun/live/sts-4.m3u8
[BD]安徽卫视,https://t.freetv.fun/live/an-hui-wei-shi-28.m3u8
[SD]стс,https://t.freetv.fun/live/sts-5.m3u8
[BD]安徽卫视,https://t.freetv.fun/live/an-hui-wei-shi-31.m3u8
[SD]стс,https://t.freetv.fun/live/sts-6.m3u8
[HD]淳安新闻综合,https://t.freetv.fun/live/chun-an-xin-wen-zong-he.php
[SD]097 стс kids,https://t.freetv.fun/live/097-sts-kids.m3u8
[VGA]衡阳新闻综合,https://t.freetv.fun/live/heng-yang-xin-wen-zong-he.m3u8
[BD]сибирь 24,https://t.freetv.fun/live/sibir-24.m3u8
[VGA]涡阳新闻综合,https://t.freetv.fun/live/wo-yang-xin-wen-zong-he.m3u8
[BD]сибирь 24,https://t.freetv.fun/live/sibir-24-1.m3u8
[SD]大安新闻综合,https://t.freetv.fun/live/da-an-xin-wen-zong-he.m3u8
[BD]сибирь 24,https://t.freetv.fun/live/sibir-24-2.m3u8
[VGA]淮安新闻综合,https://t.freetv.fun/live/huai-an-xin-wen-zong-he-1.m3u8
[SD]тнт,https://t.freetv.fun/live/tnt.m3u8
[HD]宜兴新闻综合,https://t.freetv.fun/live/yi-xing-xin-wen-zong-he.m3u8
[SD]тнт 4,https://t.freetv.fun/live/tnt-4.m3u8
[VGA]宿迁新闻综合,https://t.freetv.fun/live/su-qian-xin-wen-zong-he.m3u8
[SD]тнт4,https://t.freetv.fun/live/tnt4.m3u8
[VGA]宿迁新闻综合,https://t.freetv.fun/live/su-qian-xin-wen-zong-he-1.m3u8
[SD]тнт4,https://t.freetv.fun/live/tnt4-1.m3u8
[SD]宁夏卫视,https://t.freetv.fun/live/zhu-xia-wei-shi-4.m3u8
[SD]тнт,https://t.freetv.fun/live/tnt-3.m3u8
[BD]宁夏卫视,https://t.freetv.fun/live/zhu-xia-wei-shi-9.m3u8
[SD]тнт,https://t.freetv.fun/live/tnt-4-1.m3u8
[BD]宁夏卫视,https://t.freetv.fun/live/zhu-xia-wei-shi-14.m3u8
[SD]тнт int.,https://t.freetv.fun/live/tnt-int.m3u8
[VGA]宁夏卫视,https://t.freetv.fun/live/zhu-xia-wei-shi-6.m3u8
[SD]точка тв,https://t.freetv.fun/live/tochka-tv.m3u8
[BD]宁夏卫视,https://t.freetv.fun/live/zhu-xia-wei-shi-3.m3u8
[SD]точка тв,https://t.freetv.fun/live/tochka-tv-1.m3u8
[VGA]宁夏卫视,https://t.freetv.fun/live/zhu-xia-wei-shi-5.m3u8
[BD]дом,https://t.freetv.fun/live/dom.m3u8
[BD]宁夏卫视,https://t.freetv.fun/live/zhu-xia-wei-shi-7.m3u8
[HD]теледом,https://t.freetv.fun/live/teledom.m3u8
[BD]宁夏卫视,https://t.freetv.fun/live/zhu-xia-wei-shi-10.m3u8
[BD]звезда,https://t.freetv.fun/live/zvezda.m3u8
[BD]宁夏卫视,https://t.freetv.fun/live/zhu-xia-wei-shi.m3u8
[SD]звезда,https://t.freetv.fun/live/zvezda-2.m3u8
[SD]宁夏卫视,https://t.freetv.fun/live/zhu-xia-wei-shi-1.m3u8
[SD]звезда,https://t.freetv.fun/live/zvezda-3.m3u8
[VGA]宁夏卫视,https://t.freetv.fun/live/zhu-xia-wei-shi-2.m3u8
[SD]звезда,https://t.freetv.fun/live/zvezda-4.m3u8
[BD]宁夏卫视,https://t.freetv.fun/live/zhu-xia-wei-shi-11.m3u8
[SD]телекафе,https://t.freetv.fun/live/telekafe-1.m3u8
[BD]宁夏卫视,https://t.freetv.fun/live/zhu-xia-wei-shi-12.m3u8
[SD]телекафе,https://t.freetv.fun/live/telekafe-2.m3u8
[BD]宁夏卫视,https://t.freetv.fun/live/zhu-xia-wei-shi-13.m3u8
[SD]телекафе,https://t.freetv.fun/live/telekafe-3.m3u8
[BD]宁夏卫视,https://t.freetv.fun/live/zhu-xia-wei-shi-15.m3u8
[SD]шансон тв,https://t.freetv.fun/live/shanson-tv.m3u8
[SD]宁夏卫视,https://t.freetv.fun/live/zhu-xia-wei-shi-16.m3u8
[HD]радио шансон,https://t.freetv.fun/live/radio-shanson-1.m3u8
[BD]宁夏卫视,https://t.freetv.fun/live/zhu-xia-wei-shi-22.m3u8
[SD]шансон тв,https://t.freetv.fun/live/shanson-tv-1.m3u8
[SD]宁夏卫视-,https://t.freetv.fun/live/zhu-xia-wei-shi-8.m3u8
[SD]086 шансон тв,https://t.freetv.fun/live/086-shanson-tv.m3u8
[BD]宁波新闻综合,https://t.freetv.fun/live/zhu-bo-xin-wen-zong-he.m3u8
[SD]ностальгия,https://t.freetv.fun/live/nostalgiia.m3u8
[VGA]寰宇新闻,https://t.freetv.fun/live/huan-yu-xin-wen.m3u8
[SD]ностальгия,https://t.freetv.fun/live/nostalgiia-2.m3u8
[BD]寰宇新闻,https://t.freetv.fun/live/huan-yu-xin-wen-1.m3u8
[SD]ностальгия,https://t.freetv.fun/live/nostalgiia-4.m3u8
[BD]寰宇新闻,https://t.freetv.fun/live/huan-yu-xin-wen-3.m3u8
[BD]三沙卫视,https://t.freetv.fun/live/san-sha-wei-shi.m3u8
[SD]寰宇新闻 *$,https://t.freetv.fun/live/huan-yu-xin-wen-4.m3u8
[BD]三沙卫视,https://t.freetv.fun/live/san-sha-wei-shi-4.m3u8
[BD]寰宇新聞台灣,https://t.freetv.fun/live/huan-yu-xin-wen-tai-wan-2.m3u8
[VGA]三沙卫视,https://t.freetv.fun/live/san-sha-wei-shi-8.m3u8
[BD]山东卫视,https://t.freetv.fun/live/shan-dong-wei-shi-2.m3u8
[SD]三沙卫视,https://t.freetv.fun/live/san-sha-wei-shi-10.m3u8
[BD]山东卫视,https://t.freetv.fun/live/shan-dong-wei-shi-5.m3u8
[SD]三沙卫视,https://t.freetv.fun/live/san-sha-wei-shi-2.m3u8
[BD]山东卫视,https://t.freetv.fun/live/shan-dong-wei-shi-3.m3u8
[BD]三沙卫视,https://t.freetv.fun/live/san-sha-wei-shi-3.m3u8
[HD]山东卫视,https://t.freetv.fun/live/shan-dong-wei-shi.m3u8
[SD]三沙卫视,https://t.freetv.fun/live/san-sha-wei-shi-5.m3u8
[BD]山东卫视,https://t.freetv.fun/live/shan-dong-wei-shi-28.m3u8
[BD]三沙卫视,https://t.freetv.fun/live/san-sha-wei-shi-7.m3u8
[BD]山东卫视,https://t.freetv.fun/live/shan-dong-wei-shi-1.m3u8
[VGA]三沙卫视,https://t.freetv.fun/live/san-sha-wei-shi-9.m3u8
[BD]山东卫视,https://t.freetv.fun/live/shan-dong-wei-shi-4.m3u8
[BD]三沙卫视,https://t.freetv.fun/live/san-sha-wei-shi-12.m3u8
[BD]山东卫视,https://t.freetv.fun/live/shan-dong-wei-shi-6.m3u8
[SD]三沙卫视,https://t.freetv.fun/live/san-sha-wei-shi-13.m3u8
[BD]山东卫视,https://t.freetv.fun/live/shan-dong-wei-shi-7.m3u8
[BD]三立新聞inews,https://t.freetv.fun/live/san-li-xin-wen-inews.m3u8
[BD]山东卫视,https://t.freetv.fun/live/shan-dong-wei-shi-8.m3u8
[BD]三立綜合,https://t.freetv.fun/live/san-li-zong-he.m3u8
[BD]山东卫视,https://t.freetv.fun/live/shan-dong-wei-shi-10.m3u8
[SD]上海新闻综合,https://t.freetv.fun/live/shang-hai-xin-wen-zong-he.m3u8
[BD]山东卫视,https://t.freetv.fun/live/shan-dong-wei-shi-11.m3u8
[HD]上海新闻综合,https://t.freetv.fun/live/shang-hai-xin-wen-zong-he-1.m3u8
[BD]山东卫视,https://t.freetv.fun/live/shan-dong-wei-shi-12.m3u8
[HD]上海新闻综合,https://t.freetv.fun/live/shang-hai-xin-wen-zong-he-2.m3u8
[BD]山东卫视,https://t.freetv.fun/live/shan-dong-wei-shi-13.m3u8
[SD]上海新闻综合,https://t.freetv.fun/live/shang-hai-xin-wen-zong-he-3.m3u8
[BD]山东卫视,https://t.freetv.fun/live/shan-dong-wei-shi-14.m3u8
[BD]上海新闻综合,https://t.freetv.fun/live/shang-hai-xin-wen-zong-he-4.m3u8
[BD]山东卫视,https://t.freetv.fun/live/shan-dong-wei-shi-15.m3u8
[SD]上海都市,https://t.freetv.fun/live/shang-hai-du-shi.m3u8
[BD]山东卫视,https://t.freetv.fun/live/shan-dong-wei-shi-16.m3u8
[SD]上海都市,https://t.freetv.fun/live/shang-hai-du-shi-1.m3u8
[BD]山东卫视,https://t.freetv.fun/live/shan-dong-wei-shi-17.m3u8
[HD]上海都市,https://t.freetv.fun/live/shang-hai-du-shi-2.m3u8
[SD]山东卫视,https://t.freetv.fun/live/shan-dong-wei-shi-18.m3u8
[BD]上海都市,https://t.freetv.fun/live/shang-hai-du-shi-4.m3u8
[BD]山东卫视,https://t.freetv.fun/live/shan-dong-wei-shi-19.m3u8
[BD]上虞文化影院,https://t.freetv.fun/live/shang-yu-wen-hua-ying-yuan-2.m3u8zzhed
[BD]山东卫视,https://t.freetv.fun/live/shan-dong-wei-shi-20.m3u8
[BD]上虞新商都,https://t.freetv.fun/live/shang-yu-xin-shang-du.m3u8
[BD]山东卫视,https://t.freetv.fun/live/shan-dong-wei-shi-21.m3u8
[BD]上虞新商都,https://t.freetv.fun/live/shang-yu-xin-shang-du-1.m3u8
[BD]山东卫视,https://t.freetv.fun/live/shan-dong-wei-shi-23.m3u8
[VGA]上虞新商都,https://t.freetv.fun/live/shang-yu-xin-shang-du-2.m3u8
[BD]山东卫视,https://t.freetv.fun/live/shan-dong-wei-shi-25.m3u8
[HD]中天娱乐 *$,https://t.freetv.fun/live/zhong-tian-yu-le.m3u8
[BD]山东卫视,https://t.freetv.fun/live/shan-dong-wei-shi-27.m3u8
[BD]中天新闻,https://t.freetv.fun/live/zhong-tian-xin-wen.m3u8
[BD]山东卫视,https://t.freetv.fun/live/shan-dong-wei-shi-31.m3u8
[BD]中天新聞,https://t.freetv.fun/live/zhong-tian-xin-wen-1.m3u8
[BD]山西卫视,https://t.freetv.fun/live/shan-xi-wei-shi-1.m3u8
[VGA]中天新闻,https://t.freetv.fun/live/zhong-tian-xin-wen-1-1.m3u8
[BD]山西卫视,https://t.freetv.fun/live/shan-xi-wei-shi-10.m3u8
[BD]中天新闻,rtmp://media.atmsiot.com/live/ztxw
[SD]山西卫视,https://t.freetv.fun/live/shan-xi-wei-shi-11.m3u8
[BD]中天新闻,https://t.freetv.fun/live/zhong-tian-xin-wen-3.m3u8
[BD]山西卫视,https://t.freetv.fun/live/shan-xi-wei-shi-12.m3u8
[BD]中天新闻,rtmp://ai.gdjs.net.cn/live/332000-ztxw2
[BD]山西卫视,https://t.freetv.fun/live/shan-xi-wei-shi-8-1.m3u8
[BD]中天新闻,rtmp://www.ipanlian.com/live/ztxw
[SD]山西卫视,https://t.freetv.fun/live/shan-xi-wei-shi-9.m3u8
[SD]中天新闻 *$,https://t.freetv.fun/live/zhong-tian-xin-wen-6.m3u8
[SD]山西卫视,https://t.freetv.fun/live/shan-xi-wei-shi-13.m3u8
[BD]中视,https://t.freetv.fun/live/zhong-shi.ts
[BD]山西卫视,https://t.freetv.fun/live/shan-xi-wei-shi-5.m3u8
[HD]中视,rtmp://f13h.mine.nu/sat/tv091
[BD]山西卫视,https://t.freetv.fun/live/shan-xi-wei-shi-3.m3u8
[HD]中视,rtmp://f13h.mine.nu:1935/sat/tv091
[BD]山西卫视,https://t.freetv.fun/live/shan-xi-wei-shi-7.m3u8
[BD]中视 *$,https://t.freetv.fun/live/zhong-shi-3.m3u8
[HD]山西卫视,https://t.freetv.fun/live/shan-xi-wei-shi-2-1.m3u8
[BD]中視,https://t.freetv.fun/live/zhong-shi-2.ts
[SD]山西卫视,https://t.freetv.fun/live/shan-xi-wei-shi-3-2.m3u8
[BD]中視,https://t.freetv.fun/live/zhong-shi-1-1.m3u8
[SD]山西卫视,https://t.freetv.fun/live/shan-xi-wei-shi-4-1.m3u8
[BD]中視新聞,https://t.freetv.fun/live/zhong-shi-xin-wen.m3u8
[BD]山西卫视,https://t.freetv.fun/live/shan-xi-wei-shi-6-1.m3u8
[BD]中视新闻 *$,https://t.freetv.fun/live/zhong-shi-xin-wen-1.m3u8
[BD]山西卫视,https://t.freetv.fun/live/shan-xi-wei-shi-14.m3u8
[BD]中视经典 *$,https://t.freetv.fun/live/zhong-shi-jing-dian.m3u8
[BD]山西卫视,https://t.freetv.fun/live/shan-xi-wei-shi-16-1.m3u8
[HD]中视菁采 *$,https://t.freetv.fun/live/zhong-shi-jing-cai.m3u8
[BD]山西卫视,https://t.freetv.fun/live/shan-xi-wei-shi-17-1.m3u8
[BD]五星体育,https://t.freetv.fun/live/wu-xing-ti-yu-1.m3u8
[BD]山西卫视,https://t.freetv.fun/live/shan-xi-wei-shi-18-1.m3u8
[BD]五星体育,https://t.freetv.fun/live/wu-xing-ti-yu.m3u8
[BD]山西卫视,https://t.freetv.fun/live/shan-xi-wei-shi-19.m3u8
[BD]五星体育,https://t.freetv.fun/live/wu-xing-ti-yu-2.m3u8
[SD]山西卫视-,https://t.freetv.fun/live/shan-xi-wei-shi-20.m3u8
[SD]五星体育,https://t.freetv.fun/live/wu-xing-ti-yu-3.m3u8
[SD]岭南戏曲,https://t.freetv.fun/live/ling-nan-xi-qu.m3u8
[BD]五星体育,https://t.freetv.fun/live/wu-xing-ti-yu-4.m3u8
[SD]岭南戏曲,https://t.freetv.fun/live/ling-nan-xi-qu-2.m3u8
[BD]五星体育,https://t.freetv.fun/live/wu-xing-ti-yu-6.m3u8
[SD]岭南戏曲,https://t.freetv.fun/live/ling-nan-xi-qu-3.m3u8
[HD]人间卫视,https://t.freetv.fun/live/ren-jian-wei-shi-1.m3u8
[BD]岭南戏曲,https://t.freetv.fun/live/ling-nan-xi-qu-4.m3u8
[BD]人間衛視,https://t.freetv.fun/live/ren-jian-wei-shi-1-1.m3u8
[SD]岭南戏曲,https://t.freetv.fun/live/ling-nan-xi-qu-5.m3u8
[SD]珲春新闻综合,https://t.freetv.fun/live/hun-chun-xin-wen-zong-he-4.m3u8
[BD]广德新闻综合,https://t.freetv.fun/live/yan-de-xin-wen-zong-he.flv
[BD]伊春新闻综合,https://t.freetv.fun/live/yi-chun-xin-wen-zong-he.m3u8
[HD]much,https://t.freetv.fun/live/much.m3u8
[VGA]凉山新闻综合,https://t.freetv.fun/live/liang-shan-xin-wen-zong-he.m3u8
[SD]厦门卫视,https://t.freetv.fun/live/sha-men-wei-shi-1.m3u8
[VGA]象山新闻综合,https://t.freetv.fun/live/xiang-shan-xin-wen-zong-he.m3u8
[SD]厦门卫视,https://t.freetv.fun/live/sha-men-wei-shi.m3u8
[HD]萧山新闻综合,https://t.freetv.fun/live/xiao-shan-xin-wen-zong-he-2.m3u8
[SD]厦门卫视,https://t.freetv.fun/live/sha-men-wei-shi-2.m3u8
[SD]优漫卡通,https://t.freetv.fun/live/you-man-qia-tong-2.m3u8
[SD]厦门卫视,https://t.freetv.fun/live/sha-men-wei-shi-4.m3u8
[SD]优漫卡通,https://t.freetv.fun/live/you-man-qia-tong-4.m3u8
[SD]厦门卫视,https://t.freetv.fun/live/sha-men-wei-shi-6.m3u8
[SD]优漫卡通,https://t.freetv.fun/live/you-man-qia-tong.m3u8
[SD]厦门卫视,https://t.freetv.fun/live/sha-men-wei-shi-7.m3u8
[SD]优漫卡通,https://t.freetv.fun/live/you-man-qia-tong-3.m3u8
[SD]厦门卫视,https://t.freetv.fun/live/sha-men-wei-shi-8.m3u8
[SD]优漫卡通,https://t.freetv.fun/live/you-man-qia-tong-5.m3u8
[SD]厦门卫视,https://t.freetv.fun/live/sha-men-wei-shi-9.m3u8
[VGA]优漫卡通,https://t.freetv.fun/live/you-man-qia-tong-6.m3u8
[SD]厦门卫视,https://t.freetv.fun/live/sha-men-wei-shi-11.m3u8
[HD]内江科教生活,https://t.freetv.fun/live/nei-jiang-ke-jiao-sheng-huo.m3u8
[HD]广州新闻,https://t.freetv.fun/live/yan-zhou-xin-wen-4.php
[VGA]内江综合,https://t.freetv.fun/live/nei-jiang-zong-he-1.m3u8
[HD]广州新闻,https://t.freetv.fun/live/yan-zhou-xin-wen.m3u8
[BD]内江资中综合,https://t.freetv.fun/live/nei-jiang-zi-zhong-zong-he.m3u8
[HD]广州新闻,https://t.freetv.fun/live/yan-zhou-xin-wen-2.m3u8
[HD]内江新闻,rtmp://njzb.scnj.tv:1938/live/xwzh_xwzh800
[HD]广州综合,https://t.freetv.fun/live/yan-zhou-zong-he.php
[BD]内蒙古卫视,https://t.freetv.fun/live/nei-meng-gu-wei-shi-2.m3u8
[HD]广州综合,https://t.freetv.fun/live/yan-zhou-zong-he-2.m3u8
[BD]内蒙古卫视,https://t.freetv.fun/live/nei-meng-gu-wei-shi-4.m3u8
[HD]广州综合,https://t.freetv.fun/live/yan-zhou-zong-he-1.m3u8
[SD]内蒙古卫视,https://t.freetv.fun/live/nei-meng-gu-wei-shi-7.m3u8
[HD]广州综合,https://t.freetv.fun/live/yan-zhou-zong-he-3.m3u8
[SD]内蒙古卫视,https://t.freetv.fun/live/nei-meng-gu-wei-shi.m3u8
[HD]广州综合,https://t.freetv.fun/live/yan-zhou-zong-he-5.m3u8
[BD]内蒙古卫视,https://t.freetv.fun/live/nei-meng-gu-wei-shi-1.m3u8
[HD]广州综合,https://t.freetv.fun/live/yan-zhou-zong-he-7.m3u8
[BD]内蒙古卫视,https://t.freetv.fun/live/nei-meng-gu-wei-shi-17.m3u8
[HD]广州综合,https://t.freetv.fun/live/yan-zhou-zong-he-8.m3u8
[BD]内蒙古卫视,https://t.freetv.fun/live/nei-meng-gu-wei-shi-12.m3u8
[BD]广东少儿,https://t.freetv.fun/live/yan-dong-shao-er-1.m3u8
[BD]内蒙古卫视,https://t.freetv.fun/live/nei-meng-gu-wei-shi-14.m3u8
[BD]广东少儿,https://t.freetv.fun/live/yan-dong-shao-er-2.m3u8
[BD]内蒙古卫视,https://t.freetv.fun/live/nei-meng-gu-wei-shi-3.m3u8
[BD]广东少儿,https://t.freetv.fun/live/yan-dong-shao-er-3.m3u8
[BD]内蒙古卫视,https://t.freetv.fun/live/nei-meng-gu-wei-shi-5.m3u8
[BD]广东少儿,https://t.freetv.fun/live/yan-dong-shao-er-7.m3u8
[BD]内蒙古卫视,https://t.freetv.fun/live/nei-meng-gu-wei-shi-8.m3u8
[BD]广东少儿,https://t.freetv.fun/live/yan-dong-shao-er-9.m3u8
[SD]内蒙古卫视,https://t.freetv.fun/live/nei-meng-gu-wei-shi-9.m3u8
[BD]广东少儿高清,https://t.freetv.fun/live/yan-dong-shao-er-gao-qing-2.m3u8
[BD]内蒙古卫视,https://t.freetv.fun/live/nei-meng-gu-wei-shi-11.m3u8
[BD]广东少儿高清,https://t.freetv.fun/live/yan-dong-shao-er-gao-qing-4.m3u8
[SD]内蒙古卫视,https://t.freetv.fun/live/nei-meng-gu-wei-shi-13.m3u8
[BD]广东少儿高清,https://t.freetv.fun/live/yan-dong-shao-er-gao-qing-5.m3u8
[BD]内蒙古卫视,https://t.freetv.fun/live/nei-meng-gu-wei-shi-15.m3u8
[BD]广东少儿高清,https://t.freetv.fun/live/yan-dong-shao-er-gao-qing-8.m3u8
[BD]内蒙古卫视,https://t.freetv.fun/live/nei-meng-gu-wei-shi-16.m3u8
[BD]广东少儿高清,https://t.freetv.fun/live/yan-dong-shao-er-gao-qing-9.m3u8
[BD]内蒙古卫视,https://t.freetv.fun/live/nei-meng-gu-wei-shi-18.m3u8
[BD]广东少儿高清,https://t.freetv.fun/live/yan-dong-shao-er-gao-qing-10.m3u8
[SD]内蒙古卫视,https://t.freetv.fun/live/nei-meng-gu-wei-shi-19.m3u8
[BD]广东少儿高清,https://t.freetv.fun/live/yan-dong-shao-er-gao-qing-11.m3u8
[BD]内蒙古卫视,https://t.freetv.fun/live/nei-meng-gu-wei-shi-20.m3u8
[BD]广东少儿高清,https://t.freetv.fun/live/yan-dong-shao-er-gao-qing-12.m3u8
[BD]内蒙古卫视,https://t.freetv.fun/live/nei-meng-gu-wei-shi-21.m3u8
[BD]广东少儿高清,https://t.freetv.fun/live/yan-dong-shao-er-gao-qing-13.m3u8
[BD]八大精彩,https://t.freetv.fun/live/ba-da-jing-cai.m3u8
[BD]广东少儿高清,https://t.freetv.fun/live/yan-dong-shao-er-gao-qing-15.m3u8
[BD]公视,https://t.freetv.fun/live/gong-shi.ts
[BD]广东少儿高清,https://t.freetv.fun/live/yan-dong-shao-er-gao-qing-16.m3u8
[BD]公視,https://t.freetv.fun/live/gong-shi-1.ts
[VGA]广东影视,https://t.freetv.fun/live/yan-dong-ying-shi-1.m3u8
[BD]公视 *$,https://t.freetv.fun/live/gong-shi-2.m3u8
[BD]广东影视高清,https://t.freetv.fun/live/yan-dong-ying-shi-gao-qing.m3u8
[SD]兵团卫视,https://t.freetv.fun/live/bing-tuan-wei-shi-5.m3u8
[BD]广东影视高清,https://t.freetv.fun/live/yan-dong-ying-shi-gao-qing-1.m3u8
[HD]兵团卫视,https://t.freetv.fun/live/bing-tuan-wei-shi.m3u8
[BD]广东影视高清,https://t.freetv.fun/live/yan-dong-ying-shi-gao-qing-4.m3u8
[SD]兵团卫视,https://t.freetv.fun/live/bing-tuan-wei-shi-2.m3u8
[BD]广东影视高清,https://t.freetv.fun/live/yan-dong-ying-shi-gao-qing-5.m3u8
[SD]兵团卫视,https://t.freetv.fun/live/bing-tuan-wei-shi-11.m3u8
[BD]广东影视高清,https://t.freetv.fun/live/yan-dong-ying-shi-gao-qing-7.m3u8
[SD]兵团卫视,https://t.freetv.fun/live/bing-tuan-wei-shi-14.m3u8
[BD]广东影视高清,https://t.freetv.fun/live/yan-dong-ying-shi-gao-qing-8.m3u8
[SD]兵团卫视,https://t.freetv.fun/live/bing-tuan-wei-shi-7.m3u8
[BD]广东影视高清,https://t.freetv.fun/live/yan-dong-ying-shi-gao-qing-9.m3u8
[SD]兵团卫视,https://t.freetv.fun/live/bing-tuan-wei-shi-8.m3u8
[BD]广东影视高清,https://t.freetv.fun/live/yan-dong-ying-shi-gao-qing-11.m3u8
[SD]兵团卫视,https://t.freetv.fun/live/bing-tuan-wei-shi-4.m3u8
[BD]广东影视高清,https://t.freetv.fun/live/yan-dong-ying-shi-gao-qing-12.m3u8
[BD]兵团卫视,https://t.freetv.fun/live/bing-tuan-wei-shi-3.m3u8
[BD]广东影视高清,https://t.freetv.fun/live/yan-dong-ying-shi-gao-qing-13.m3u8
[BD]兵团卫视,https://t.freetv.fun/live/bing-tuan-wei-shi-6.m3u8
[BD]广东影视高清,https://t.freetv.fun/live/yan-dong-ying-shi-gao-qing-16.m3u8
[BD]兵团卫视,https://t.freetv.fun/live/bing-tuan-wei-shi-9.m3u8
[HD]广东新闻,https://t.freetv.fun/live/yan-dong-xin-wen-6.m3u8
[SD]兵团卫视,https://t.freetv.fun/live/bing-tuan-wei-shi-10.m3u8
[HD]广东新闻,https://t.freetv.fun/live/yan-dong-xin-wen-1.m3u8
[BD]兵团卫视,https://t.freetv.fun/live/bing-tuan-wei-shi-12.m3u8
[HD]广东新闻,https://t.freetv.fun/live/yan-dong-xin-wen-2.m3u8
[BD]兵团卫视,https://t.freetv.fun/live/bing-tuan-wei-shi-13.m3u8
[HD]广东新闻,https://t.freetv.fun/live/yan-dong-xin-wen-3.m3u8
[HD]兵团卫视,https://t.freetv.fun/live/bing-tuan-wei-shi-18.m3u8
[HD]广东新闻,https://t.freetv.fun/live/yan-dong-xin-wen-5.m3u8
[SD]动漫秀场,https://t.freetv.fun/live/dong-man-xiu-chang.m3u8
[HD]广东新闻,https://t.freetv.fun/live/yan-dong-xin-wen-7.m3u8
[BD]动漫秀场,https://t.freetv.fun/live/dong-man-xiu-chang-9.m3u8
[HD]广东新闻,https://t.freetv.fun/live/yan-dong-xin-wen-8.m3u8
[SD]动漫秀场,https://t.freetv.fun/live/dong-man-xiu-chang-1.m3u8
[HD]广东新闻,https://t.freetv.fun/live/yan-dong-xin-wen-9.m3u8
[BD]动漫秀场,https://t.freetv.fun/live/dong-man-xiu-chang-2.m3u8
[BD]广东新闻高清,https://t.freetv.fun/live/yan-dong-xin-wen-gao-qing-5.m3u8
[SD]动漫秀场,https://t.freetv.fun/live/dong-man-xiu-chang-4.m3u8
[BD]广东新闻高清,https://t.freetv.fun/live/yan-dong-xin-wen-gao-qing-6.m3u8
[HD]动物星球,https://t.freetv.fun/live/dong-wu-xing-qiu-1.m3u8
[BD]广东新闻高清,https://t.freetv.fun/live/yan-dong-xin-wen-gao-qing-7.m3u8
[BD]动物星球 *$,https://t.freetv.fun/live/dong-wu-xing-qiu.m3u8
[BD]广东新闻高清,https://t.freetv.fun/live/yan-dong-xin-wen-gao-qing-8.m3u8
[HD]南京教科,https://t.freetv.fun/live/nan-jing-jiao-ke-2.m3u8
[BD]广东新闻高清,https://t.freetv.fun/live/yan-dong-xin-wen-gao-qing-9.m3u8
[VGA]南京教科,https://t.freetv.fun/live/nan-jing-jiao-ke-3.m3u8
[BD]广东新闻高清,https://t.freetv.fun/live/yan-dong-xin-wen-gao-qing-10.m3u8
[SD]辉南新闻综合,https://t.freetv.fun/live/hui-nan-xin-wen-zong-he.m3u8
[BD]广东新闻高清,https://t.freetv.fun/live/yan-dong-xin-wen-gao-qing-11.m3u8
[VGA]辉南新闻综合,https://t.freetv.fun/live/hui-nan-xin-wen-zong-he-1.m3u8
[BD]广东新闻高清,https://t.freetv.fun/live/yan-dong-xin-wen-gao-qing-13.m3u8
[VGA]南京新闻综合,https://t.freetv.fun/live/nan-jing-xin-wen-zong-he.m3u8
[BD]广东新闻高清,https://t.freetv.fun/live/yan-dong-xin-wen-gao-qing-14.m3u8
[HD]南京新闻综合,https://t.freetv.fun/live/nan-jing-xin-wen-zong-he-1.m3u8
[BD]广东新闻高清,https://t.freetv.fun/live/yan-dong-xin-wen-gao-qing-15.m3u8
[VGA]南京新闻综合,https://t.freetv.fun/live/nan-jing-xin-wen-zong-he-2.m3u8
[BD]广东新闻高清,https://t.freetv.fun/live/yan-dong-xin-wen-gao-qing-16.m3u8
[BD]广州南国都市,https://t.freetv.fun/live/yan-zhou-nan-guo-du-shi-1.m3u8
[BD]广东新闻高清,https://t.freetv.fun/live/yan-dong-xin-wen-gao-qing-17.m3u8
[BD]广州南国都市,https://t.freetv.fun/live/yan-zhou-nan-guo-du-shi-2.m3u8
[BD]广东新闻高清,https://t.freetv.fun/live/yan-dong-xin-wen-gao-qing-18.m3u8
[BD]广州南国都市,https://t.freetv.fun/live/yan-zhou-nan-guo-du-shi.m3u8
[HD]广东民生,https://t.freetv.fun/live/yan-dong-min-sheng.m3u8
[BD]南国都市,https://t.freetv.fun/live/nan-guo-du-shi-1.m3u8
[HD]广东民生,https://t.freetv.fun/live/yan-dong-min-sheng-3.m3u8
[BD]南国都市,https://t.freetv.fun/live/nan-guo-du-shi-2.m3u8
[BD]广东民生,https://t.freetv.fun/live/yan-dong-min-sheng-4.m3u8
[HD]南宁新闻综合,https://t.freetv.fun/live/nan-zhu-xin-wen-zong-he.m3u8
[BD]广东民生,https://t.freetv.fun/live/yan-dong-min-sheng-1.m3u8
[HD]南通新闻综合,https://t.freetv.fun/live/nan-tong-xin-wen-zong-he-1.m3u8
[HD]广东民生,https://t.freetv.fun/live/yan-dong-min-sheng-2.m3u8
[VGA]平凉新闻综合,rtmp://play.kankanlive.com/live/1694661314645984
[HD]广东民生,https://t.freetv.fun/live/yan-dong-min-sheng-5.m3u8
[SD]辉南新闻综合,https://t.freetv.fun/live/hui-nan-xin-wen-zong-he-4.m3u8
[BD]广东民生,https://t.freetv.fun/live/yan-dong-min-sheng-6.m3u8
[VGA]辉南新闻综合,https://t.freetv.fun/live/hui-nan-xin-wen-zong-he-2.m3u8
[BD]广东民生,https://t.freetv.fun/live/yan-dong-min-sheng-7.m3u8
[HD]台视,rtmp://f13h.mine.nu/sat/tv071
[BD]广东民生高清,https://t.freetv.fun/live/yan-dong-min-sheng-gao-qing.m3u8
[HD]台视,rtmp://f13h.mine.nu:1935/sat/tv071
[BD]广东民生高清,https://t.freetv.fun/live/yan-dong-min-sheng-gao-qing-1.m3u8
[BD]台视 *$,https://t.freetv.fun/live/tai-shi-2.m3u8
[BD]广东民生高清,https://t.freetv.fun/live/yan-dong-min-sheng-gao-qing-3.m3u8
[BD]台视新闻 *$,https://t.freetv.fun/live/tai-shi-xin-wen-1.m3u8
[BD]广东民生高清,https://t.freetv.fun/live/yan-dong-min-sheng-gao-qing-4.m3u8
[SD]合肥新闻,https://t.freetv.fun/live/he-fei-xin-wen.m3u8
[BD]广东民生高清,https://t.freetv.fun/live/yan-dong-min-sheng-gao-qing-5.m3u8
[VGA]合肥新闻,https://t.freetv.fun/live/he-fei-xin-wen-1.m3u8
[BD]广东民生高清,https://t.freetv.fun/live/yan-dong-min-sheng-gao-qing-6.m3u8
[SD]吉林生活,https://t.freetv.fun/live/ji-lin-sheng-huo.m3u8
[BD]广东民生高清,https://t.freetv.fun/live/yan-dong-min-sheng-gao-qing-7.m3u8
[SD]吉林生活,https://t.freetv.fun/live/ji-lin-sheng-huo-1.m3u8
[BD]广东民生高清,https://t.freetv.fun/live/yan-dong-min-sheng-gao-qing-8.m3u8
[SD]吉林综艺文化,https://t.freetv.fun/live/ji-lin-zong-yi-wen-hua-1.m3u8
[BD]广东民生高清,https://t.freetv.fun/live/yan-dong-min-sheng-gao-qing-9.m3u8
[SD]吉林综艺文化,https://t.freetv.fun/live/ji-lin-zong-yi-wen-hua-1-1.m3u8
[BD]广东民生高清,https://t.freetv.fun/live/yan-dong-min-sheng-gao-qing-10.m3u8
[SD]吉林综艺文化,https://t.freetv.fun/live/ji-lin-zong-yi-wen-hua-2.m3u8
[BD]广东民生高清,https://t.freetv.fun/live/yan-dong-min-sheng-gao-qing-11.m3u8
[BD]吉林卫视,https://t.freetv.fun/live/ji-lin-wei-shi.m3u8
[BD]广东民生高清,https://t.freetv.fun/live/yan-dong-min-sheng-gao-qing-12.m3u8
[SD]吉林卫视,https://t.freetv.fun/live/ji-lin-wei-shi-4.m3u8
[BD]广东民生高清,https://t.freetv.fun/live/yan-dong-min-sheng-gao-qing-13.m3u8
[BD]吉林卫视,https://t.freetv.fun/live/ji-lin-wei-shi-6.m3u8
[BD]广东民生高清,https://t.freetv.fun/live/yan-dong-min-sheng-gao-qing-14.m3u8
[BD]吉林卫视,https://t.freetv.fun/live/ji-lin-wei-shi-17.m3u8
[BD]广东民生高清,https://t.freetv.fun/live/yan-dong-min-sheng-gao-qing-15.m3u8
[SD]吉林卫视,https://t.freetv.fun/live/ji-lin-wei-shi-12.m3u8
[BD]广东民生高清,https://t.freetv.fun/live/yan-dong-min-sheng-gao-qing-16.m3u8
[BD]吉林卫视,https://t.freetv.fun/live/ji-lin-wei-shi-1.m3u8
[BD]广东民生高清,https://t.freetv.fun/live/yan-dong-min-sheng-gao-qing-17.m3u8
[BD]吉林卫视,https://t.freetv.fun/live/ji-lin-wei-shi-15.m3u8
[HD]广东卫视,https://t.freetv.fun/live/yan-dong-wei-shi.m3u8
[VGA]吉林卫视,https://t.freetv.fun/live/ji-lin-wei-shi-10.m3u8
[BD]广东卫视,https://t.freetv.fun/live/yan-dong-wei-shi-7.m3u8
[BD]吉林卫视,https://t.freetv.fun/live/ji-lin-wei-shi-16.m3u8
[BD]广东卫视,https://t.freetv.fun/live/yan-dong-wei-shi-8.m3u8
[SD]吉林卫视,https://t.freetv.fun/live/ji-lin-wei-shi-34.m3u8
[BD]广东卫视,https://t.freetv.fun/live/yan-dong-wei-shi-16.m3u8
[VGA]吉林卫视,https://t.freetv.fun/live/ji-lin-wei-shi-22.m3u8
[BD]广东卫视,https://t.freetv.fun/live/yan-dong-wei-shi-20.m3u8
[SD]吉林卫视,https://t.freetv.fun/live/ji-lin-wei-shi-2.m3u8
[SD]广东卫视,https://t.freetv.fun/live/yan-dong-wei-shi-15.m3u8
[BD]吉林卫视,https://t.freetv.fun/live/ji-lin-wei-shi-3.m3u8
[VGA]广东卫视,https://t.freetv.fun/live/yan-dong-wei-shi-6.m3u8
[BD]吉林卫视,https://t.freetv.fun/live/ji-lin-wei-shi-5.m3u8
[BD]广东卫视,https://t.freetv.fun/live/yan-dong-wei-shi-9.m3u8
[HD]吉林卫视,https://t.freetv.fun/live/ji-lin-wei-shi-7.m3u8
[BD]广东卫视,https://t.freetv.fun/live/yan-dong-wei-shi-18.m3u8
[BD]吉林卫视,https://t.freetv.fun/live/ji-lin-wei-shi-8.m3u8
[BD]广东卫视,https://t.freetv.fun/live/yan-dong-wei-shi-22.m3u8
[SD]吉林卫视,https://t.freetv.fun/live/ji-lin-wei-shi-9.m3u8
[BD]广东卫视,https://t.freetv.fun/live/yan-dong-wei-shi-25.m3u8
[SD]吉林卫视,https://t.freetv.fun/live/ji-lin-wei-shi-11.m3u8
[BD]广东卫视,https://t.freetv.fun/live/yan-dong-wei-shi-28.m3u8
[BD]吉林卫视,https://t.freetv.fun/live/ji-lin-wei-shi-13.m3u8
[SD]广东卫视,https://t.freetv.fun/live/yan-dong-wei-shi-1.m3u8
[BD]吉林卫视,https://t.freetv.fun/live/ji-lin-wei-shi-14.m3u8
[HD]广东卫视,https://t.freetv.fun/live/yan-dong-wei-shi-2.m3u8
[BD]吉林卫视,https://t.freetv.fun/live/ji-lin-wei-shi-18.m3u8
[HD]广东卫视,https://t.freetv.fun/live/yan-dong-wei-shi-3.m3u8
[SD]吉林卫视,https://t.freetv.fun/live/ji-lin-wei-shi-19.m3u8
[BD]广东卫视,https://t.freetv.fun/live/yan-dong-wei-shi-4.m3u8
[BD]吉林卫视,https://t.freetv.fun/live/ji-lin-wei-shi-20.m3u8
[BD]广东卫视,https://t.freetv.fun/live/yan-dong-wei-shi-5.m3u8
[SD]吉林卫视,https://t.freetv.fun/live/ji-lin-wei-shi-21.m3u8
[BD]广东卫视,https://t.freetv.fun/live/yan-dong-wei-shi-10.m3u8
[BD]吉林卫视,https://t.freetv.fun/live/ji-lin-wei-shi-23.m3u8
[BD]广东卫视,https://t.freetv.fun/live/yan-dong-wei-shi-11.m3u8
[BD]吉林卫视,https://t.freetv.fun/live/ji-lin-wei-shi-24.m3u8
[BD]广东卫视,https://t.freetv.fun/live/yan-dong-wei-shi-12.m3u8
[BD]吉林卫视,https://t.freetv.fun/live/ji-lin-wei-shi-25.m3u8
[SD]广东卫视,https://t.freetv.fun/live/yan-dong-wei-shi-13.m3u8
[SD]吉林都市,https://t.freetv.fun/live/ji-lin-du-shi.m3u8
[BD]广东卫视,https://t.freetv.fun/live/yan-dong-wei-shi-14.m3u8
[SD]吉林都市,https://t.freetv.fun/live/ji-lin-du-shi-1.m3u8
[HD]广东卫视,https://t.freetv.fun/live/yan-dong-wei-shi-17.m3u8
[SD]吉林都市,https://t.freetv.fun/live/ji-lin-du-shi-2.m3u8
[BD]广东卫视,https://t.freetv.fun/live/yan-dong-wei-shi-19.m3u8
[BD]周星驰电影 *$,https://t.freetv.fun/live/zhou-xing-chi-dian-ying-4.m3u8
[BD]广东卫视,https://t.freetv.fun/live/yan-dong-wei-shi-21.m3u8
[HD]周润发电影 *$,https://t.freetv.fun/live/zhou-run-fa-dian-ying-4.m3u8
[BD]广东卫视,https://t.freetv.fun/live/yan-dong-wei-shi-23.m3u8
[BD]咪咕体育,https://t.freetv.fun/live/mi-gu-ti-yu.m3u8
[BD]广东卫视,https://t.freetv.fun/live/yan-dong-wei-shi-24.m3u8
[SD]哈哈炫动,https://t.freetv.fun/live/ha-ha-xuan-dong.m3u8
[BD]广东卫视,https://t.freetv.fun/live/yan-dong-wei-shi-26.m3u8
[SD]哈哈炫动,https://t.freetv.fun/live/ha-ha-xuan-dong-1.m3u8
[BD]广东卫视,https://t.freetv.fun/live/yan-dong-wei-shi-27.m3u8
[SD]哈哈炫动,https://t.freetv.fun/live/ha-ha-xuan-dong-2.m3u8
[BD]广东卫视,https://t.freetv.fun/live/yan-dong-wei-shi-29.m3u8
[SD]哈哈炫动,https://t.freetv.fun/live/ha-ha-xuan-dong-3.m3u8
[BD]广东卫视,https://t.freetv.fun/live/yan-dong-wei-shi-30.m3u8
[HD]哈哈炫动,https://t.freetv.fun/live/ha-ha-xuan-dong-4.m3u8
[BD]广东卫视,https://t.freetv.fun/live/yan-dong-wei-shi-32.m3u8
[SD]哈哈炫动,https://t.freetv.fun/live/ha-ha-xuan-dong-5.m3u8
[BD]广东卫视高清,https://t.freetv.fun/live/yan-dong-wei-shi-gao-qing.m3u8
[VGA]哈尔滨娱乐,https://t.freetv.fun/live/ha-er-bin-yu-le-1.m3u8
[BD]广东卫视高清,https://t.freetv.fun/live/yan-dong-wei-shi-gao-qing-2.m3u8
[VGA]哈尔滨影视,https://t.freetv.fun/live/ha-er-bin-ying-shi-1.m3u8
[BD]广东卫视高清,https://t.freetv.fun/live/yan-dong-wei-shi-gao-qing-5.m3u8
[VGA]哈尔滨影视,https://t.freetv.fun/live/ha-er-bin-ying-shi-4.m3u8
[BD]广东卫视高清,https://t.freetv.fun/live/yan-dong-wei-shi-gao-qing-6.m3u8
[VGA]哈尔滨新闻综合,https://t.freetv.fun/live/ha-er-bin-xin-wen-zong-he-3.m3u8
[BD]广东卫视高清,https://t.freetv.fun/live/yan-dong-wei-shi-gao-qing-9.m3u8
[VGA]哈尔滨新闻综合,https://t.freetv.fun/live/ha-er-bin-xin-wen-zong-he-2.m3u8
[BD]广东卫视高清,https://t.freetv.fun/live/yan-dong-wei-shi-gao-qing-10.m3u8
[VGA]哈尔滨新闻综合,https://t.freetv.fun/live/ha-er-bin-xin-wen-zong-he-1.m3u8
[BD]广东卫视高清,https://t.freetv.fun/live/yan-dong-wei-shi-gao-qing-11.m3u8
[VGA]哈尔滨新闻综合,https://t.freetv.fun/live/ha-er-bin-xin-wen-zong-he-4.m3u8
[BD]广东卫视高清,https://t.freetv.fun/live/yan-dong-wei-shi-gao-qing-12.m3u8
[VGA]哈尔滨新闻综合,https://t.freetv.fun/live/ha-er-bin-xin-wen-zong-he-2.m3u8
[BD]广东卫视高清,https://t.freetv.fun/live/yan-dong-wei-shi-gao-qing-13.m3u8
[SD]哈尔滨综合,https://t.freetv.fun/live/ha-er-bin-zong-he-1.m3u8
[BD]广东卫视高清,https://t.freetv.fun/live/yan-dong-wei-shi-gao-qing-16.m3u8
[SD]哈尔滨综合,https://t.freetv.fun/live/ha-er-bin-zong-he-1.m3u8
[BD]广东体育,https://t.freetv.fun/live/yan-dong-ti-yu-3.php
[VGA]唯心电视,https://t.freetv.fun/live/wei-xin-dian-shi.m3u8
[BD]广东体育,https://t.freetv.fun/live/yan-dong-ti-yu-4.m3u8
[VGA]唯心电视,https://t.freetv.fun/live/wei-xin-dian-shi-1.m3u8
[BD]广东体育,https://t.freetv.fun/live/yan-dong-ti-yu.m3u8
[SD]嘉佳卡通,https://t.freetv.fun/live/jia-jia-qia-tong.m3u8
[BD]广东体育,https://t.freetv.fun/live/yan-dong-ti-yu-1.m3u8
[SD]嘉佳卡通,https://t.freetv.fun/live/jia-jia-qia-tong-2.m3u8
[HD]广东体育,https://t.freetv.fun/live/yan-dong-ti-yu-6.m3u8
[SD]嘉佳卡通,https://t.freetv.fun/live/jia-jia-qia-tong-8.m3u8
[BD]广东体育,https://t.freetv.fun/live/yan-dong-ti-yu-10.m3u8
[SD]嘉佳卡通,https://t.freetv.fun/live/jia-jia-qia-tong-1.m3u8
[HD]广东体育,https://t.freetv.fun/live/yan-dong-ti-yu-16.m3u8
[SD]嘉佳卡通,https://t.freetv.fun/live/jia-jia-qia-tong-3.m3u8
[BD]广东体育,https://t.freetv.fun/live/yan-dong-ti-yu-5.m3u8
[HD]嘉佳卡通,https://t.freetv.fun/live/jia-jia-qia-tong-5.m3u8
[HD]广东体育,https://t.freetv.fun/live/yan-dong-ti-yu-7.m3u8
[SD]嘉佳卡通,https://t.freetv.fun/live/jia-jia-qia-tong-6.m3u8
[HD]广东体育,https://t.freetv.fun/live/yan-dong-ti-yu-8.m3u8
[SD]嘉佳卡通,https://t.freetv.fun/live/jia-jia-qia-tong-9.m3u8
[HD]广东体育,https://t.freetv.fun/live/yan-dong-ti-yu-9.m3u8
[VGA]嘉佳卡通,https://t.freetv.fun/live/jia-jia-qia-tong-10.m3u8
[BD]广东体育,https://t.freetv.fun/live/yan-dong-ti-yu-11.m3u8
[SD]嘉佳卡通,https://t.freetv.fun/live/jia-jia-qia-tong-11.m3u8
[HD]广东体育,https://t.freetv.fun/live/yan-dong-ti-yu-14.m3u8
[BD]嘉兴新闻综合,https://t.freetv.fun/live/jia-xing-xin-wen-zong-he.m3u8
[BD]广东体育,https://t.freetv.fun/live/yan-dong-ti-yu-15.m3u8
[VGA]嘉兴新闻综合,https://t.freetv.fun/live/jia-xing-xin-wen-zong-he-1.m3u8
[BD]广东体育高清,https://t.freetv.fun/live/yan-dong-ti-yu-gao-qing.m3u8
[VGA]嘉兴新闻综合,https://t.freetv.fun/live/jia-xing-xin-wen-zong-he-4.m3u8
[BD]广东体育高清,https://t.freetv.fun/live/yan-dong-ti-yu-gao-qing-3.m3u8
[BD]大愛二,https://t.freetv.fun/live/da-ai-er-1.m3u8
[BD]广东体育高清,https://t.freetv.fun/live/yan-dong-ti-yu-gao-qing-4.m3u8
[BD]大愛電視,https://t.freetv.fun/live/da-ai-dian-shi-1.m3u8
[BD]广东体育高清,https://t.freetv.fun/live/yan-dong-ti-yu-gao-qing-5.m3u8
[BD]大竹新闻综合,https://t.freetv.fun/live/da-zhu-xin-wen-zong-he.m3u8
[BD]广东体育高清,https://t.freetv.fun/live/yan-dong-ti-yu-gao-qing-6.m3u8
[VGA]大湾区卫视,https://t.freetv.fun/live/da-wan-qu-wei-shi.m3u8
[BD]广东体育高清,https://t.freetv.fun/live/yan-dong-ti-yu-gao-qing-7.m3u8
[HD]大湾区卫视,https://t.freetv.fun/live/da-wan-qu-wei-shi-2.m3u8
[BD]广东体育高清,https://t.freetv.fun/live/yan-dong-ti-yu-gao-qing-8.m3u8
[VGA]大湾区卫视,https://t.freetv.fun/live/da-wan-qu-wei-shi-6.m3u8
[BD]广东体育高清,https://t.freetv.fun/live/yan-dong-ti-yu-gao-qing-9.m3u8
[HD]大湾区卫视,https://t.freetv.fun/live/da-wan-qu-wei-shi-7.m3u8
[BD]广东体育高清,https://t.freetv.fun/live/yan-dong-ti-yu-gao-qing-10.m3u8
[VGA]大湾区卫视,https://t.freetv.fun/live/da-wan-qu-wei-shi-1.m3u8
[BD]广东体育高清,https://t.freetv.fun/live/yan-dong-ti-yu-gao-qing-11.m3u8
[BD]大湾区卫视,https://t.freetv.fun/live/da-wan-qu-wei-shi-3.m3u8
[BD]广东体育高清,https://t.freetv.fun/live/yan-dong-ti-yu-gao-qing-12.m3u8
[HD]大湾区卫视,https://t.freetv.fun/live/da-wan-qu-wei-shi-4.m3u8
[BD]广东体育高清,https://t.freetv.fun/live/yan-dong-ti-yu-gao-qing-13.m3u8
[HD]大湾区卫视,https://t.freetv.fun/live/da-wan-qu-wei-shi-5.m3u8
[BD]广东体育高清,https://t.freetv.fun/live/yan-dong-ti-yu-gao-qing-14.m3u8
[BD]大湾区卫视,https://t.freetv.fun/live/da-wan-qu-wei-shi-8.m3u8
[BD]广东体育高清,https://t.freetv.fun/live/yan-dong-ti-yu-gao-qing-16.m3u8
[BD]大湾区卫视,https://t.freetv.fun/live/da-wan-qu-wei-shi-12.m3u8
[BD]广东体育高清,https://t.freetv.fun/live/yan-dong-ti-yu-gao-qing-17.m3u8
[BD]大湾区卫视,https://t.freetv.fun/live/da-wan-qu-wei-shi-13.m3u8
[BD]广西综艺旅游,https://t.freetv.fun/live/yan-xi-zong-yi-lu-you.m3u8
[BD]大湾区卫视高清,https://t.freetv.fun/live/da-wan-qu-wei-shi-gao-qing.m3u8
[BD]广西综艺旅游,https://t.freetv.fun/live/yan-xi-zong-yi-lu-you-1.m3u8
[BD]大湾区卫视高清,https://t.freetv.fun/live/da-wan-qu-wei-shi-gao-qing-5.m3u8
[BD]广西综艺旅游,https://t.freetv.fun/live/yan-xi-zong-yi-lu-you-2.m3u8
[BD]大湾区卫视高清,https://t.freetv.fun/live/da-wan-qu-wei-shi-gao-qing-6.m3u8
[BD]广西综艺旅游,https://t.freetv.fun/live/yan-xi-zong-yi-lu-you-3.m3u8
[BD]大湾区卫视高清,https://t.freetv.fun/live/da-wan-qu-wei-shi-gao-qing-7.m3u8
[BD]广西卫视,https://t.freetv.fun/live/yan-xi-wei-shi-1.m3u8
[BD]大湾区卫视高清,https://t.freetv.fun/live/da-wan-qu-wei-shi-gao-qing-8.m3u8
[BD]广西卫视,https://t.freetv.fun/live/yan-xi-wei-shi-9.m3u8
[BD]大湾区卫视高清,https://t.freetv.fun/live/da-wan-qu-wei-shi-gao-qing-9.m3u8
[BD]广西卫视,https://t.freetv.fun/live/yan-xi-wei-shi-8.m3u8
[BD]大湾区卫视高清,https://t.freetv.fun/live/da-wan-qu-wei-shi-gao-qing-10.m3u8
[SD]广西卫视,https://t.freetv.fun/live/yan-xi-wei-shi-15.m3u8
[BD]大湾区卫视高清,https://t.freetv.fun/live/da-wan-qu-wei-shi-gao-qing-11.m3u8
[SD]广西卫视,https://t.freetv.fun/live/yan-xi-wei-shi-11.m3u8
[BD]大湾区卫视高清,https://t.freetv.fun/live/da-wan-qu-wei-shi-gao-qing-12.m3u8
[BD]广西卫视,https://t.freetv.fun/live/yan-xi-wei-shi-3.m3u8
[BD]大湾区卫视高清,https://t.freetv.fun/live/da-wan-qu-wei-shi-gao-qing-13.m3u8
[BD]广西卫视,https://t.freetv.fun/live/yan-xi-wei-shi-7.m3u8
[BD]大湾区卫视高清,https://t.freetv.fun/live/da-wan-qu-wei-shi-gao-qing-14.m3u8
[BD]广西卫视,https://t.freetv.fun/live/yan-xi-wei-shi-18.m3u8
[BD]大湾区卫视高清,https://t.freetv.fun/live/da-wan-qu-wei-shi-gao-qing-17.m3u8
[SD]广西卫视,https://t.freetv.fun/live/yan-xi-wei-shi-24.m3u8
[BD]大湾区卫视高清,https://t.freetv.fun/live/da-wan-qu-wei-shi-gao-qing-18.m3u8
[SD]广西卫视,https://t.freetv.fun/live/yan-xi-wei-shi-20.m3u8
[BD]天津卫视,https://t.freetv.fun/live/tian-jin-wei-shi-3.m3u8
[BD]广西卫视,https://t.freetv.fun/live/yan-xi-wei-shi-2.m3u8
[BD]天津卫视,https://t.freetv.fun/live/tian-jin-wei-shi-4.m3u8
[BD]广西卫视,https://t.freetv.fun/live/yan-xi-wei-shi-4.m3u8
[BD]天津卫视,https://t.freetv.fun/live/tian-jin-wei-shi-5.m3u8
[BD]广西卫视,https://t.freetv.fun/live/yan-xi-wei-shi-5.m3u8
[BD]天津卫视,https://t.freetv.fun/live/tian-jin-wei-shi-13.m3u8
[SD]广西卫视,https://t.freetv.fun/live/yan-xi-wei-shi-6.m3u8
[BD]天津卫视,https://t.freetv.fun/live/tian-jin-wei-shi-16.m3u8
[BD]广西卫视,https://t.freetv.fun/live/yan-xi-wei-shi-10.m3u8
[BD]天津卫视,https://t.freetv.fun/live/tian-jin-wei-shi-1.m3u8
[BD]广西卫视,https://t.freetv.fun/live/yan-xi-wei-shi-12.m3u8
[BD]天津卫视,https://t.freetv.fun/live/tian-jin-wei-shi-7.m3u8
[SD]广西卫视,https://t.freetv.fun/live/yan-xi-wei-shi-13.m3u8
[VGA]天津卫视,https://t.freetv.fun/live/tian-jin-wei-shi.m3u8
[SD]广西卫视,https://t.freetv.fun/live/yan-xi-wei-shi-14.m3u8
[BD]天津卫视,https://t.freetv.fun/live/tian-jin-wei-shi-10.m3u8
[SD]广西卫视,https://t.freetv.fun/live/yan-xi-wei-shi-17.m3u8
[BD]天津卫视,https://t.freetv.fun/live/tian-jin-wei-shi-11.m3u8
[SD]广西卫视,https://t.freetv.fun/live/yan-xi-wei-shi-19.m3u8
[SD]天津卫视,https://t.freetv.fun/live/tian-jin-wei-shi-18.m3u8
[HD]广西卫视,https://t.freetv.fun/live/yan-xi-wei-shi-21.m3u8
[BD]天津卫视,https://t.freetv.fun/live/tian-jin-wei-shi-25.m3u8
[BD]广西卫视,https://t.freetv.fun/live/yan-xi-wei-shi-22.m3u8
[BD]天津卫视,https://t.freetv.fun/live/tian-jin-wei-shi-8.m3u8
[SD]广西卫视,https://t.freetv.fun/live/yan-xi-wei-shi-23.m3u8
[BD]天津卫视,https://t.freetv.fun/live/tian-jin-wei-shi-9.m3u8
[SD]广西卫视,https://t.freetv.fun/live/yan-xi-wei-shi-25.m3u8
[BD]天津卫视,https://t.freetv.fun/live/tian-jin-wei-shi-12.m3u8
[SD]广西卫视,https://t.freetv.fun/live/yan-xi-wei-shi-26.m3u8
[BD]天津卫视,https://t.freetv.fun/live/tian-jin-wei-shi-14.m3u8
[BD]广西卫视,https://t.freetv.fun/live/yan-xi-wei-shi-27.m3u8
[BD]天津卫视,https://t.freetv.fun/live/tian-jin-wei-shi-15.m3u8
[SD]延边卫视,https://t.freetv.fun/live/yan-bian-wei-shi-4.m3u8
[BD]天津卫视,https://t.freetv.fun/live/tian-jin-wei-shi-17.m3u8
[HD]延边卫视,https://t.freetv.fun/live/yan-bian-wei-shi.m3u8
[BD]天津卫视,https://t.freetv.fun/live/tian-jin-wei-shi-19.m3u8
[HD]延边卫视,https://t.freetv.fun/live/yan-bian-wei-shi-1.m3u8
[BD]天津卫视,https://t.freetv.fun/live/tian-jin-wei-shi-20.m3u8
[SD]延边卫视,https://t.freetv.fun/live/yan-bian-wei-shi-3.m3u8
[BD]天津卫视,https://t.freetv.fun/live/tian-jin-wei-shi-22.m3u8
[VGA]延边卫视,https://t.freetv.fun/live/yan-bian-wei-shi-7.m3u8
[HD]太谷新闻综合,https://t.freetv.fun/live/tai-gu-xin-wen-zong-he.m3u8
[BD]影迷數位電影,https://t.freetv.fun/live/ying-mi-shu-wei-dian-ying.php
[HD]太谷新闻综合,https://t.freetv.fun/live/tai-gu-xin-wen-zong-he-1.m3u8
[BD]影迷數位電影,https://t.freetv.fun/live/ying-mi-shu-wei-dian-ying-1.m3u8
[HD]东莞新闻综合,https://t.freetv.fun/live/dong-wan-xin-wen-zong-he.m3u8
[HD]文成新闻综合,https://t.freetv.fun/live/wen-cheng-xin-wen-zong-he.m3u8
[VGA]东莞新闻综合,https://t.freetv.fun/live/dong-wan-xin-wen-zong-he-2.m3u8
[BD]成龙电影 *$,https://t.freetv.fun/live/cheng-long-dian-ying-4.m3u8
[BD]安徽影视,https://t.freetv.fun/live/an-hui-ying-shi-2.m3u8
[HD]溧阳新闻综合,https://t.freetv.fun/live/li-yang-xin-wen-zong-he.flv
[BD]安徽综艺体育,https://t.freetv.fun/live/an-hui-zong-yi-ti-yu.m3u8
[VGA]溧阳新闻综合,https://t.freetv.fun/live/li-yang-xin-wen-zong-he-1.flv
[VGA]安徽综艺体育,https://t.freetv.fun/live/an-hui-zong-yi-ti-yu-1.m3u8
[BD]松阳新闻综合,https://t.freetv.fun/live/song-yang-xin-wen-zong-he.m3u8
[BD]安徽卫视,https://t.freetv.fun/live/an-hui-wei-shi-1.m3u8
[BD]揭阳综合高清,https://t.freetv.fun/live/jie-yang-zong-he-gao-qing-2.m3u8
[BD]安徽卫视,https://t.freetv.fun/live/an-hui-wei-shi-2.m3u8
[BD]揭阳综合高清,https://t.freetv.fun/live/jie-yang-zong-he-gao-qing-3.m3u8
[HD]安徽卫视,https://t.freetv.fun/live/an-hui-wei-shi-4.m3u8
[BD]揭阳综合高清,https://t.freetv.fun/live/jie-yang-zong-he-gao-qing-4.m3u8
[BD]安徽卫视,https://t.freetv.fun/live/an-hui-wei-shi-12.m3u8
[BD]揭阳综合高清,https://t.freetv.fun/live/jie-yang-zong-he-gao-qing-6.m3u8
[BD]安徽卫视,https://t.freetv.fun/live/an-hui-wei-shi-14.m3u8
[BD]揭阳综合高清,https://t.freetv.fun/live/jie-yang-zong-he-gao-qing-7.m3u8
[BD]安徽卫视,https://t.freetv.fun/live/an-hui-wei-shi-18.m3u8
[BD]揭阳综合高清,https://t.freetv.fun/live/jie-yang-zong-he-gao-qing-8.m3u8
[BD]安徽卫视,https://t.freetv.fun/live/an-hui-wei-shi-13.m3u8
[BD]揭阳综合高清,https://t.freetv.fun/live/jie-yang-zong-he-gao-qing-9.m3u8
[BD]安徽卫视,https://t.freetv.fun/live/an-hui-wei-shi-3.m3u8
[BD]揭阳综合高清,https://t.freetv.fun/live/jie-yang-zong-he-gao-qing-10.m3u8
[SD]安徽卫视,https://t.freetv.fun/live/an-hui-wei-shi-7.m3u8
[BD]揭阳综合高清,https://t.freetv.fun/live/jie-yang-zong-he-gao-qing-11.m3u8
[BD]安徽卫视,https://t.freetv.fun/live/an-hui-wei-shi-23.m3u8
[BD]揭阳综合高清,https://t.freetv.fun/live/jie-yang-zong-he-gao-qing-12.m3u8
[BD]安徽卫视,https://t.freetv.fun/live/an-hui-wei-shi.m3u8
[BD]揭阳综合高清,https://t.freetv.fun/live/jie-yang-zong-he-gao-qing-13.m3u8
[BD]安徽卫视,https://t.freetv.fun/live/an-hui-wei-shi-6.m3u8
[BD]揭阳综合高清,https://t.freetv.fun/live/jie-yang-zong-he-gao-qing-14.m3u8
[BD]安徽卫视,https://t.freetv.fun/live/an-hui-wei-shi-8.m3u8
[BD]揭阳综合高清,https://t.freetv.fun/live/jie-yang-zong-he-gao-qing-15.m3u8
[BD]安徽卫视,https://t.freetv.fun/live/an-hui-wei-shi-9.m3u8
[BD]揭阳综合高清,https://t.freetv.fun/live/jie-yang-zong-he-gao-qing-16.m3u8
[BD]安徽卫视,https://t.freetv.fun/live/an-hui-wei-shi-10.m3u8
[BD]揭阳综合高清,https://t.freetv.fun/live/jie-yang-zong-he-gao-qing-17.m3u8
[BD]安徽卫视,https://t.freetv.fun/live/an-hui-wei-shi-11.m3u8
[BD]新疆卫视,https://t.freetv.fun/live/xin-jiang-wei-shi.m3u8
[BD]安徽卫视,https://t.freetv.fun/live/an-hui-wei-shi-15.m3u8
[SD]新疆卫视,https://t.freetv.fun/live/xin-jiang-wei-shi-2.m3u8
[BD]安徽卫视,https://t.freetv.fun/live/an-hui-wei-shi-16.m3u8
[BD]新疆卫视,https://t.freetv.fun/live/xin-jiang-wei-shi-6.m3u8
[BD]安徽卫视,https://t.freetv.fun/live/an-hui-wei-shi-17.m3u8
[BD]新疆卫视,https://t.freetv.fun/live/xin-jiang-wei-shi-7.m3u8
[BD]安徽卫视,https://t.freetv.fun/live/an-hui-wei-shi-19.m3u8
[BD]新疆卫视,https://t.freetv.fun/live/xin-jiang-wei-shi-11.m3u8
[BD]安徽卫视,https://t.freetv.fun/live/an-hui-wei-shi-20.m3u8
[BD]新疆卫视,https://t.freetv.fun/live/xin-jiang-wei-shi-14.m3u8
[BD]安徽卫视,https://t.freetv.fun/live/an-hui-wei-shi-21.m3u8
[BD]新疆卫视,https://t.freetv.fun/live/xin-jiang-wei-shi-8.m3u8
[SD]安徽卫视,https://t.freetv.fun/live/an-hui-wei-shi-22.m3u8
[SD]新疆卫视,https://t.freetv.fun/live/xin-jiang-wei-shi-15.m3u8
[BD]安徽卫视,https://t.freetv.fun/live/an-hui-wei-shi-25.m3u8
[BD]新疆卫视,https://t.freetv.fun/live/xin-jiang-wei-shi-5.m3u8
[BD]安徽卫视,https://t.freetv.fun/live/an-hui-wei-shi-28.m3u8
[BD]新疆卫视,https://t.freetv.fun/live/xin-jiang-wei-shi-10.m3u8
[BD]安徽卫视,https://t.freetv.fun/live/an-hui-wei-shi-31.m3u8
[BD]新疆卫视,https://t.freetv.fun/live/xin-jiang-wei-shi-12.m3u8
[HD]淳安新闻综合,https://t.freetv.fun/live/chun-an-xin-wen-zong-he.php
[BD]新疆卫视,https://t.freetv.fun/live/xin-jiang-wei-shi-13.m3u8
[VGA]衡阳新闻综合,https://t.freetv.fun/live/heng-yang-xin-wen-zong-he.m3u8
[SD]新疆卫视,https://t.freetv.fun/live/xin-jiang-wei-shi-17.m3u8
[VGA]涡阳新闻综合,https://t.freetv.fun/live/wo-yang-xin-wen-zong-he.m3u8
[BD]新疆卫视,https://t.freetv.fun/live/xin-jiang-wei-shi-18.m3u8
[SD]大安新闻综合,https://t.freetv.fun/live/da-an-xin-wen-zong-he.m3u8
[BD]明珠台,https://t.freetv.fun/live/ming-zhu-tai-1.m3u8
[VGA]淮安新闻综合,https://t.freetv.fun/live/huai-an-xin-wen-zong-he-1.m3u8
[HD]明珠,https://t.freetv.fun/live/ming-zhu.m3u8
[HD]宜兴新闻综合,https://t.freetv.fun/live/yi-xing-xin-wen-zong-he.m3u8
[BD]星空卫视,https://t.freetv.fun/live/xing-kong-wei-shi-2.m3u8
[VGA]宿迁新闻综合,https://t.freetv.fun/live/su-qian-xin-wen-zong-he.m3u8
[BD]星空卫视 *$,https://t.freetv.fun/live/xing-kong-wei-shi.m3u8
[VGA]宿迁新闻综合,https://t.freetv.fun/live/su-qian-xin-wen-zong-he-1.m3u8
[BD]晋城公共,https://t.freetv.fun/live/jin-cheng-gong-gong-1.m3u8
[SD]宁夏卫视,https://t.freetv.fun/live/zhu-xia-wei-shi-4.m3u8
[BD]晋城新闻,https://t.freetv.fun/live/jin-cheng-xin-wen-1.m3u8
[BD]宁夏卫视,https://t.freetv.fun/live/zhu-xia-wei-shi-9.m3u8
[BD]智林體育,https://t.freetv.fun/live/zhi-lin-ti-yu-1.php
[BD]宁夏卫视,https://t.freetv.fun/live/zhu-xia-wei-shi-14.m3u8
[BD]东南卫视,https://t.freetv.fun/live/dong-nan-wei-shi-2.m3u8
[VGA]宁夏卫视,https://t.freetv.fun/live/zhu-xia-wei-shi-6.m3u8
[BD]东南卫视,https://t.freetv.fun/live/dong-nan-wei-shi-3.m3u8
[BD]宁夏卫视,https://t.freetv.fun/live/zhu-xia-wei-shi-3.m3u8
[BD]东南卫视,https://t.freetv.fun/live/dong-nan-wei-shi-8.m3u8
[VGA]宁夏卫视,https://t.freetv.fun/live/zhu-xia-wei-shi-5.m3u8
[BD]东南卫视,https://t.freetv.fun/live/dong-nan-wei-shi-13.m3u8
[BD]宁夏卫视,https://t.freetv.fun/live/zhu-xia-wei-shi-7.m3u8
[BD]东南卫视,https://t.freetv.fun/live/dong-nan-wei-shi-11.m3u8
[BD]宁夏卫视,https://t.freetv.fun/live/zhu-xia-wei-shi-10.m3u8
[SD]东南卫视,https://t.freetv.fun/live/dong-nan-wei-shi-14.m3u8
[BD]宁夏卫视,https://t.freetv.fun/live/zhu-xia-wei-shi.m3u8
[BD]东南卫视,https://t.freetv.fun/live/dong-nan-wei-shi.m3u8
[SD]宁夏卫视,https://t.freetv.fun/live/zhu-xia-wei-shi-1.m3u8
[SD]东南卫视,https://t.freetv.fun/live/dong-nan-wei-shi-10.m3u8
[VGA]宁夏卫视,https://t.freetv.fun/live/zhu-xia-wei-shi-2.m3u8
[BD]东南卫视,https://t.freetv.fun/live/dong-nan-wei-shi-1.m3u8
[BD]宁夏卫视,https://t.freetv.fun/live/zhu-xia-wei-shi-11.m3u8
[SD]东南卫视,https://t.freetv.fun/live/dong-nan-wei-shi-4.m3u8
[BD]宁夏卫视,https://t.freetv.fun/live/zhu-xia-wei-shi-12.m3u8
[BD]东南卫视,https://t.freetv.fun/live/dong-nan-wei-shi-5.m3u8
[BD]宁夏卫视,https://t.freetv.fun/live/zhu-xia-wei-shi-13.m3u8
[BD]东南卫视,https://t.freetv.fun/live/dong-nan-wei-shi-6.m3u8
[BD]宁夏卫视,https://t.freetv.fun/live/zhu-xia-wei-shi-15.m3u8
[HD]东南卫视,https://t.freetv.fun/live/dong-nan-wei-shi-7.m3u8
[SD]宁夏卫视,https://t.freetv.fun/live/zhu-xia-wei-shi-16.m3u8
[BD]东南卫视,https://t.freetv.fun/live/dong-nan-wei-shi-9.m3u8
[BD]宁夏卫视,https://t.freetv.fun/live/zhu-xia-wei-shi-22.m3u8
[BD]东南卫视,https://t.freetv.fun/live/dong-nan-wei-shi-12.m3u8
[SD]宁夏卫视-,https://t.freetv.fun/live/zhu-xia-wei-shi-8.m3u8
[SD]东南卫视,https://t.freetv.fun/live/dong-nan-wei-shi-15.m3u8
[BD]宁波新闻综合,https://t.freetv.fun/live/zhu-bo-xin-wen-zong-he.m3u8
[SD]东南卫视,https://t.freetv.fun/live/dong-nan-wei-shi-16.m3u8
[VGA]寰宇新闻,https://t.freetv.fun/live/huan-yu-xin-wen.m3u8
[SD]东南卫视,https://t.freetv.fun/live/dong-nan-wei-shi-17.m3u8
[BD]寰宇新闻,https://t.freetv.fun/live/huan-yu-xin-wen-1.m3u8
[SD]东南卫视,https://t.freetv.fun/live/dong-nan-wei-shi-18.m3u8
[BD]寰宇新闻,https://t.freetv.fun/live/huan-yu-xin-wen-3.m3u8
[SD]东南卫视,https://t.freetv.fun/live/dong-nan-wei-shi-19.m3u8
[SD]寰宇新闻 *$,https://t.freetv.fun/live/huan-yu-xin-wen-4.m3u8
[SD]东南卫视,https://t.freetv.fun/live/dong-nan-wei-shi-20.m3u8
[BD]寰宇新聞台灣,https://t.freetv.fun/live/huan-yu-xin-wen-tai-wan-2.m3u8
[BD]东南卫视,https://t.freetv.fun/live/dong-nan-wei-shi-21.m3u8
[BD]山东卫视,https://t.freetv.fun/live/shan-dong-wei-shi-2.m3u8
[SD]东南卫视,https://t.freetv.fun/live/dong-nan-wei-shi-22.m3u8
[BD]山东卫视,https://t.freetv.fun/live/shan-dong-wei-shi-5.m3u8
[BD]东南卫视,https://t.freetv.fun/live/dong-nan-wei-shi-23.m3u8
[BD]山东卫视,https://t.freetv.fun/live/shan-dong-wei-shi-3.m3u8
[BD]东南卫视,https://t.freetv.fun/live/dong-nan-wei-shi-24.m3u8
[HD]山东卫视,https://t.freetv.fun/live/shan-dong-wei-shi.m3u8
[BD]东南卫视,https://t.freetv.fun/live/dong-nan-wei-shi-25.m3u8
[BD]山东卫视,https://t.freetv.fun/live/shan-dong-wei-shi-28.m3u8
[SD]东方影视,https://t.freetv.fun/live/dong-fang-ying-shi.m3u8
[BD]山东卫视,https://t.freetv.fun/live/shan-dong-wei-shi-1.m3u8
[BD]东方影视,https://t.freetv.fun/live/dong-fang-ying-shi-2.m3u8
[BD]山东卫视,https://t.freetv.fun/live/shan-dong-wei-shi-4.m3u8
[BD]东方影视,https://t.freetv.fun/live/dong-fang-ying-shi-3.m3u8
[BD]山东卫视,https://t.freetv.fun/live/shan-dong-wei-shi-6.m3u8
[BD]东方卫视,https://t.freetv.fun/live/dong-fang-wei-shi-1.m3u8
[BD]山东卫视,https://t.freetv.fun/live/shan-dong-wei-shi-7.m3u8
[BD]东方卫视,https://t.freetv.fun/live/dong-fang-wei-shi-8.m3u8
[BD]山东卫视,https://t.freetv.fun/live/shan-dong-wei-shi-8.m3u8
[BD]东方卫视,https://t.freetv.fun/live/dong-fang-wei-shi-9.m3u8
[BD]山东卫视,https://t.freetv.fun/live/shan-dong-wei-shi-10.m3u8
[BD]东方卫视,https://t.freetv.fun/live/dong-fang-wei-shi-17.m3u8
[BD]山东卫视,https://t.freetv.fun/live/shan-dong-wei-shi-11.m3u8
[BD]东方卫视,https://t.freetv.fun/live/dong-fang-wei-shi.m3u8
[BD]山东卫视,https://t.freetv.fun/live/shan-dong-wei-shi-12.m3u8
[BD]东方卫视,https://t.freetv.fun/live/dong-fang-wei-shi-4.m3u8
[BD]山东卫视,https://t.freetv.fun/live/shan-dong-wei-shi-13.m3u8
[BD]东方卫视,https://t.freetv.fun/live/dong-fang-wei-shi-6.m3u8
[BD]山东卫视,https://t.freetv.fun/live/shan-dong-wei-shi-14.m3u8
[BD]东方卫视,https://t.freetv.fun/live/dong-fang-wei-shi-7.m3u8
[BD]山东卫视,https://t.freetv.fun/live/shan-dong-wei-shi-15.m3u8
[BD]东方卫视,https://t.freetv.fun/live/dong-fang-wei-shi-10.m3u8
[BD]山东卫视,https://t.freetv.fun/live/shan-dong-wei-shi-16.m3u8
[BD]东方卫视,https://t.freetv.fun/live/dong-fang-wei-shi-11.m3u8
[BD]山东卫视,https://t.freetv.fun/live/shan-dong-wei-shi-17.m3u8
[SD]东方卫视,https://t.freetv.fun/live/dong-fang-wei-shi-12.m3u8
[SD]山东卫视,https://t.freetv.fun/live/shan-dong-wei-shi-18.m3u8
[BD]东方卫视,https://t.freetv.fun/live/dong-fang-wei-shi-13.m3u8
[BD]山东卫视,https://t.freetv.fun/live/shan-dong-wei-shi-19.m3u8
[HD]东方卫视,https://t.freetv.fun/live/dong-fang-wei-shi-14.m3u8
[BD]山东卫视,https://t.freetv.fun/live/shan-dong-wei-shi-20.m3u8
[BD]东方卫视,https://t.freetv.fun/live/dong-fang-wei-shi-15.m3u8
[BD]山东卫视,https://t.freetv.fun/live/shan-dong-wei-shi-21.m3u8
[BD]东方卫视,https://t.freetv.fun/live/dong-fang-wei-shi-16.m3u8
[BD]山东卫视,https://t.freetv.fun/live/shan-dong-wei-shi-23.m3u8
[HD]东方卫视,https://t.freetv.fun/live/dong-fang-wei-shi-18.m3u8
[BD]山东卫视,https://t.freetv.fun/live/shan-dong-wei-shi-25.m3u8
[BD]东方卫视,https://t.freetv.fun/live/dong-fang-wei-shi-21.m3u8
[BD]山东卫视,https://t.freetv.fun/live/shan-dong-wei-shi-27.m3u8
[SD]东方卫视,https://t.freetv.fun/live/dong-fang-wei-shi-22.m3u8
[BD]山东卫视,https://t.freetv.fun/live/shan-dong-wei-shi-31.m3u8
[SD]东方卫视,https://t.freetv.fun/live/dong-fang-wei-shi-23.m3u8
[BD]山西卫视,https://t.freetv.fun/live/shan-xi-wei-shi-1.m3u8
[BD]东方卫视,https://t.freetv.fun/live/dong-fang-wei-shi-24.m3u8
[BD]山西卫视,https://t.freetv.fun/live/shan-xi-wei-shi-10.m3u8
[SD]东方卫视,https://t.freetv.fun/live/dong-fang-wei-shi-25.m3u8
[SD]山西卫视,https://t.freetv.fun/live/shan-xi-wei-shi-11.m3u8
[BD]东方卫视,https://t.freetv.fun/live/dong-fang-wei-shi-26.m3u8
[BD]山西卫视,https://t.freetv.fun/live/shan-xi-wei-shi-12.m3u8
[SD]东方卫视,https://t.freetv.fun/live/dong-fang-wei-shi-27.m3u8
[BD]山西卫视,https://t.freetv.fun/live/shan-xi-wei-shi-8-1.m3u8
[BD]东方卫视,https://t.freetv.fun/live/dong-fang-wei-shi-29.m3u8
[SD]山西卫视,https://t.freetv.fun/live/shan-xi-wei-shi-9.m3u8
[HD]亚洲新闻 *$,https://t.freetv.fun/live/ya-zhou-xin-wen.m3u8
[SD]山西卫视,https://t.freetv.fun/live/shan-xi-wei-shi-13.m3u8
[BD]东森戏剧,https://t.freetv.fun/live/dong-sen-xi-ju-1.php
[BD]山西卫视,https://t.freetv.fun/live/shan-xi-wei-shi-5.m3u8
[BD]東森新聞,https://t.freetv.fun/live/dong-sen-xin-wen.ts
[BD]山西卫视,https://t.freetv.fun/live/shan-xi-wei-shi-3.m3u8
[BD]東森新聞,https://t.freetv.fun/live/dong-sen-xin-wen-2.m3u8
[BD]山西卫视,https://t.freetv.fun/live/shan-xi-wei-shi-7.m3u8
[HD]东森洋片,https://t.freetv.fun/live/dong-sen-yang-pian.m3u8
[HD]山西卫视,https://t.freetv.fun/live/shan-xi-wei-shi-2-1.m3u8
[BD]東森財經新聞,https://t.freetv.fun/live/dong-sen-cai-jing-xin-wen-1.m3u8
[SD]山西卫视,https://t.freetv.fun/live/shan-xi-wei-shi-3-2.m3u8
[HD]东森超视,rtmp://f13h.mine.nu/sat/tv331
[SD]山西卫视,https://t.freetv.fun/live/shan-xi-wei-shi-4-1.m3u8
[BD]东森电影,https://t.freetv.fun/live/dong-sen-dian-ying.m3u8
[BD]山西卫视,https://t.freetv.fun/live/shan-xi-wei-shi-6-1.m3u8
[HD]东莞新闻综合,https://t.freetv.fun/live/dong-wan-xin-wen-zong-he-1.m3u8
[BD]山西卫视,https://t.freetv.fun/live/shan-xi-wei-shi-14.m3u8
[VGA]东莞综合,https://t.freetv.fun/live/dong-wan-zong-he.m3u8
[BD]山西卫视,https://t.freetv.fun/live/shan-xi-wei-shi-16-1.m3u8
[BD]林正英影院 *$,https://t.freetv.fun/live/lin-zheng-ying-ying-yuan-4.m3u8
[BD]山西卫视,https://t.freetv.fun/live/shan-xi-wei-shi-17-1.m3u8
[SD]武义新闻综合,https://t.freetv.fun/live/wu-yi-xin-wen-zong-he.m3u8
[BD]山西卫视,https://t.freetv.fun/live/shan-xi-wei-shi-18-1.m3u8
[VGA]武义新闻综合,https://t.freetv.fun/live/wu-yi-xin-wen-zong-he-1.m3u8
[BD]山西卫视,https://t.freetv.fun/live/shan-xi-wei-shi-19.m3u8
[SD]武义新闻综合,https://t.freetv.fun/live/wu-yi-xin-wen-zong-he-2.m3u8
[SD]山西卫视-,https://t.freetv.fun/live/shan-xi-wei-shi-20.m3u8
[BD]民視,https://t.freetv.fun/live/min-shi-2.m3u8
[SD]岭南戏曲,https://t.freetv.fun/live/ling-nan-xi-qu.m3u8
[BD]民視,https://t.freetv.fun/live/min-shi-1.php
[SD]岭南戏曲,https://t.freetv.fun/live/ling-nan-xi-qu-2.m3u8
[BD]民視,https://t.freetv.fun/live/min-shi-1-1.ts
[SD]岭南戏曲,https://t.freetv.fun/live/ling-nan-xi-qu-3.m3u8
[HD]民视,rtmp://f13h.mine.nu/sat/tv051
[BD]岭南戏曲,https://t.freetv.fun/live/ling-nan-xi-qu-4.m3u8
[BD]民视,https://t.freetv.fun/live/min-shi-3.m3u8
[SD]岭南戏曲,https://t.freetv.fun/live/ling-nan-xi-qu-5.m3u8
[BD]民视 *28,https://t.freetv.fun/live/min-shi-28.m3u8
[BD]广德新闻综合,https://t.freetv.fun/live/yan-de-xin-wen-zong-he.flv
[BD]民视 *$,https://t.freetv.fun/live/min-shi-4.m3u8
[HD]much,https://t.freetv.fun/live/much.m3u8
[BD]民視影劇,https://t.freetv.fun/live/min-shi-ying-ju-1.php
[SD]厦门卫视,https://t.freetv.fun/live/sha-men-wei-shi-1.m3u8
[BD]民視影劇,https://t.freetv.fun/live/min-shi-ying-ju-2.m3u8
[SD]厦门卫视,https://t.freetv.fun/live/sha-men-wei-shi.m3u8
[BD]民視新聞,https://t.freetv.fun/live/min-shi-xin-wen-1.m3u8
[SD]厦门卫视,https://t.freetv.fun/live/sha-men-wei-shi-2.m3u8
[BD]民视新闻 *$,https://t.freetv.fun/live/min-shi-xin-wen-2.m3u8
[SD]厦门卫视,https://t.freetv.fun/live/sha-men-wei-shi-4.m3u8
[BD]民视新闻,https://t.freetv.fun/live/min-shi-xin-wen.ts
[SD]厦门卫视,https://t.freetv.fun/live/sha-men-wei-shi-6.m3u8
[BD]民視第一,https://t.freetv.fun/live/min-shi-di-yi.m3u8
[SD]厦门卫视,https://t.freetv.fun/live/sha-men-wei-shi-7.m3u8
[BD]民视第一 *$,https://t.freetv.fun/live/min-shi-di-yi-1.m3u8
[SD]厦门卫视,https://t.freetv.fun/live/sha-men-wei-shi-8.m3u8
[BD]民视台湾 *$,https://t.freetv.fun/live/min-shi-tai-wan.m3u8
[SD]厦门卫视,https://t.freetv.fun/live/sha-men-wei-shi-9.m3u8
[BD]-汕尾综合,https://t.freetv.fun/live/shan-wei-zong-he.m3u8
[SD]厦门卫视,https://t.freetv.fun/live/sha-men-wei-shi-11.m3u8
[BD]汕尾综合高清,https://t.freetv.fun/live/shan-wei-zong-he-gao-qing.m3u8
[HD]广州新闻,https://t.freetv.fun/live/yan-zhou-xin-wen-4.php
[BD]汕尾综合高清,https://t.freetv.fun/live/shan-wei-zong-he-gao-qing-2.m3u8
[HD]广州新闻,https://t.freetv.fun/live/yan-zhou-xin-wen.m3u8
[BD]汕尾综合高清,https://t.freetv.fun/live/shan-wei-zong-he-gao-qing-4.m3u8
[HD]广州新闻,https://t.freetv.fun/live/yan-zhou-xin-wen-2.m3u8
[BD]汕尾综合高清,https://t.freetv.fun/live/shan-wei-zong-he-gao-qing-6.m3u8
[HD]广州综合,https://t.freetv.fun/live/yan-zhou-zong-he.php
[BD]汕尾综合高清,https://t.freetv.fun/live/shan-wei-zong-he-gao-qing-7.m3u8
[HD]广州综合,https://t.freetv.fun/live/yan-zhou-zong-he-2.m3u8
[BD]汕尾综合高清,https://t.freetv.fun/live/shan-wei-zong-he-gao-qing-8.m3u8
[HD]广州综合,https://t.freetv.fun/live/yan-zhou-zong-he-1.m3u8
[BD]汕尾综合高清,https://t.freetv.fun/live/shan-wei-zong-he-gao-qing-10.m3u8
[HD]广州综合,https://t.freetv.fun/live/yan-zhou-zong-he-3.m3u8
[BD]汕尾综合高清,https://t.freetv.fun/live/shan-wei-zong-he-gao-qing-11.m3u8
[HD]广州综合,https://t.freetv.fun/live/yan-zhou-zong-he-5.m3u8
[BD]汕尾综合高清,https://t.freetv.fun/live/shan-wei-zong-he-gao-qing-12.m3u8
[HD]广州综合,https://t.freetv.fun/live/yan-zhou-zong-he-7.m3u8
[VGA]汕尾综合高清,https://t.freetv.fun/live/shan-wei-zong-he-gao-qing-15.m3u8
[HD]广州综合,https://t.freetv.fun/live/yan-zhou-zong-he-8.m3u8
[BD]汕尾综合高清,https://t.freetv.fun/live/shan-wei-zong-he-gao-qing-17.m3u8
[BD]广东少儿,https://t.freetv.fun/live/yan-dong-shao-er-1.m3u8
[BD]汕尾综合高清,https://t.freetv.fun/live/shan-wei-zong-he-gao-qing-19.m3u8
[BD]广东少儿,https://t.freetv.fun/live/yan-dong-shao-er-2.m3u8
[VGA]汕尾综合高清,https://t.freetv.fun/live/shan-wei-zong-he-gao-qing-22.m3u8
[BD]广东少儿,https://t.freetv.fun/live/yan-dong-shao-er-3.m3u8
[BD]汕头生活高清,https://t.freetv.fun/live/shan-tou-sheng-huo-gao-qing.m3u8
[BD]广东少儿,https://t.freetv.fun/live/yan-dong-shao-er-7.m3u8
[BD]汕头生活高清,https://t.freetv.fun/live/shan-tou-sheng-huo-gao-qing-1.m3u8
[BD]广东少儿,https://t.freetv.fun/live/yan-dong-shao-er-9.m3u8
[BD]汕头生活高清,https://t.freetv.fun/live/shan-tou-sheng-huo-gao-qing-2.m3u8
[BD]广东少儿高清,https://t.freetv.fun/live/yan-dong-shao-er-gao-qing-2.m3u8
[BD]汕头生活高清,https://t.freetv.fun/live/shan-tou-sheng-huo-gao-qing-3.m3u8
[BD]广东少儿高清,https://t.freetv.fun/live/yan-dong-shao-er-gao-qing-4.m3u8
[BD]汕头生活高清,https://t.freetv.fun/live/shan-tou-sheng-huo-gao-qing-4.m3u8
[BD]广东少儿高清,https://t.freetv.fun/live/yan-dong-shao-er-gao-qing-5.m3u8
[BD]汕头生活高清,https://t.freetv.fun/live/shan-tou-sheng-huo-gao-qing-5.m3u8
[BD]广东少儿高清,https://t.freetv.fun/live/yan-dong-shao-er-gao-qing-8.m3u8
[BD]汕头生活高清,https://t.freetv.fun/live/shan-tou-sheng-huo-gao-qing-6.m3u8
[BD]广东少儿高清,https://t.freetv.fun/live/yan-dong-shao-er-gao-qing-9.m3u8
[BD]汕头生活高清,https://t.freetv.fun/live/shan-tou-sheng-huo-gao-qing-8.m3u8
[BD]广东少儿高清,https://t.freetv.fun/live/yan-dong-shao-er-gao-qing-10.m3u8
[BD]汕头生活高清,https://t.freetv.fun/live/shan-tou-sheng-huo-gao-qing-9.m3u8
[BD]广东少儿高清,https://t.freetv.fun/live/yan-dong-shao-er-gao-qing-11.m3u8
[BD]汕头生活高清,https://t.freetv.fun/live/shan-tou-sheng-huo-gao-qing-13.m3u8
[BD]广东少儿高清,https://t.freetv.fun/live/yan-dong-shao-er-gao-qing-12.m3u8
[BD]汕头生活高清,https://t.freetv.fun/live/shan-tou-sheng-huo-gao-qing-14.m3u8
[BD]广东少儿高清,https://t.freetv.fun/live/yan-dong-shao-er-gao-qing-13.m3u8
[BD]汕头生活高清,https://t.freetv.fun/live/shan-tou-sheng-huo-gao-qing-15.m3u8
[BD]广东少儿高清,https://t.freetv.fun/live/yan-dong-shao-er-gao-qing-15.m3u8
[BD]汕头生活高清,https://t.freetv.fun/live/shan-tou-sheng-huo-gao-qing-16.m3u8
[BD]广东少儿高清,https://t.freetv.fun/live/yan-dong-shao-er-gao-qing-16.m3u8
[BD]汕头生活高清,https://t.freetv.fun/live/shan-tou-sheng-huo-gao-qing-17.m3u8
[VGA]广东影视,https://t.freetv.fun/live/yan-dong-ying-shi-1.m3u8
[VGA]汕头生活高清,https://t.freetv.fun/live/shan-tou-sheng-huo-gao-qing-18.m3u8
[BD]广东影视高清,https://t.freetv.fun/live/yan-dong-ying-shi-gao-qing.m3u8
[BD]汕头综合高清,https://t.freetv.fun/live/shan-tou-zong-he-gao-qing.m3u8
[BD]广东影视高清,https://t.freetv.fun/live/yan-dong-ying-shi-gao-qing-1.m3u8
[BD]汕头综合高清,https://t.freetv.fun/live/shan-tou-zong-he-gao-qing-1.m3u8
[BD]广东影视高清,https://t.freetv.fun/live/yan-dong-ying-shi-gao-qing-4.m3u8
[BD]汕头综合高清,https://t.freetv.fun/live/shan-tou-zong-he-gao-qing-2.m3u8
[BD]广东影视高清,https://t.freetv.fun/live/yan-dong-ying-shi-gao-qing-5.m3u8
[BD]汕头综合高清,https://t.freetv.fun/live/shan-tou-zong-he-gao-qing-3.m3u8
[BD]广东影视高清,https://t.freetv.fun/live/yan-dong-ying-shi-gao-qing-7.m3u8
[BD]汕头综合高清,https://t.freetv.fun/live/shan-tou-zong-he-gao-qing-5.m3u8
[BD]广东影视高清,https://t.freetv.fun/live/yan-dong-ying-shi-gao-qing-8.m3u8
[BD]汕头综合高清,https://t.freetv.fun/live/shan-tou-zong-he-gao-qing-6.m3u8
[BD]广东影视高清,https://t.freetv.fun/live/yan-dong-ying-shi-gao-qing-9.m3u8
[BD]汕头综合高清,https://t.freetv.fun/live/shan-tou-zong-he-gao-qing-10.m3u8
[BD]广东影视高清,https://t.freetv.fun/live/yan-dong-ying-shi-gao-qing-11.m3u8
[BD]汕头综合高清,https://t.freetv.fun/live/shan-tou-zong-he-gao-qing-11.m3u8
[BD]广东影视高清,https://t.freetv.fun/live/yan-dong-ying-shi-gao-qing-12.m3u8
[BD]汕头综合高清,https://t.freetv.fun/live/shan-tou-zong-he-gao-qing-12.m3u8
[BD]广东影视高清,https://t.freetv.fun/live/yan-dong-ying-shi-gao-qing-13.m3u8
[BD]汕头综合高清,https://t.freetv.fun/live/shan-tou-zong-he-gao-qing-14.m3u8
[BD]广东影视高清,https://t.freetv.fun/live/yan-dong-ying-shi-gao-qing-16.m3u8
[BD]汕头综合高清,https://t.freetv.fun/live/shan-tou-zong-he-gao-qing-15.m3u8
[HD]广东新闻,https://t.freetv.fun/live/yan-dong-xin-wen-6.m3u8
[BD]汕头综合高清,https://t.freetv.fun/live/shan-tou-zong-he-gao-qing-16.m3u8
[HD]广东新闻,https://t.freetv.fun/live/yan-dong-xin-wen-1.m3u8
[BD]浙江公共新闻,https://t.freetv.fun/live/zhe-jiang-gong-gong-xin-wen.m3u8
[HD]广东新闻,https://t.freetv.fun/live/yan-dong-xin-wen-2.m3u8
[VGA]公共新闻,https://t.freetv.fun/live/gong-gong-xin-wen.m3u8
[HD]广东新闻,https://t.freetv.fun/live/yan-dong-xin-wen-3.m3u8
[VGA]公共新闻,https://t.freetv.fun/live/gong-gong-xin-wen-2.m3u8
[HD]广东新闻,https://t.freetv.fun/live/yan-dong-xin-wen-5.m3u8
[VGA]江苏城市,https://t.freetv.fun/live/jiang-su-cheng-shi-1.m3u8
[HD]广东新闻,https://t.freetv.fun/live/yan-dong-xin-wen-7.m3u8
[VGA]江苏城市,https://t.freetv.fun/live/jiang-su-cheng-shi.m3u8
[HD]广东新闻,https://t.freetv.fun/live/yan-dong-xin-wen-8.m3u8
[VGA]江苏影视,https://t.freetv.fun/live/jiang-su-ying-shi-2.m3u8
[HD]广东新闻,https://t.freetv.fun/live/yan-dong-xin-wen-9.m3u8
[VGA]江苏教育,https://t.freetv.fun/live/jiang-su-jiao-yu-1.m3u8
[BD]广东新闻高清,https://t.freetv.fun/live/yan-dong-xin-wen-gao-qing-5.m3u8
[VGA]江苏综艺,https://t.freetv.fun/live/jiang-su-zong-yi-1.m3u8
[BD]广东新闻高清,https://t.freetv.fun/live/yan-dong-xin-wen-gao-qing-6.m3u8
[BD]江苏卫视,https://t.freetv.fun/live/jiang-su-wei-shi-4.m3u8
[BD]广东新闻高清,https://t.freetv.fun/live/yan-dong-xin-wen-gao-qing-7.m3u8
[BD]江苏卫视,https://t.freetv.fun/live/jiang-su-wei-shi-7.m3u8
[BD]广东新闻高清,https://t.freetv.fun/live/yan-dong-xin-wen-gao-qing-8.m3u8
[BD]江苏卫视,https://t.freetv.fun/live/jiang-su-wei-shi-16.m3u8
[BD]广东新闻高清,https://t.freetv.fun/live/yan-dong-xin-wen-gao-qing-9.m3u8
[BD]江苏卫视,https://t.freetv.fun/live/jiang-su-wei-shi-17.m3u8
[BD]广东新闻高清,https://t.freetv.fun/live/yan-dong-xin-wen-gao-qing-10.m3u8
[BD]江苏卫视,https://t.freetv.fun/live/jiang-su-wei-shi-11.m3u8
[BD]广东新闻高清,https://t.freetv.fun/live/yan-dong-xin-wen-gao-qing-11.m3u8
[BD]江苏卫视,https://t.freetv.fun/live/jiang-su-wei-shi-13.m3u8
[BD]广东新闻高清,https://t.freetv.fun/live/yan-dong-xin-wen-gao-qing-13.m3u8
[BD]江苏卫视,https://t.freetv.fun/live/jiang-su-wei-shi-3.m3u8
[BD]广东新闻高清,https://t.freetv.fun/live/yan-dong-xin-wen-gao-qing-14.m3u8
[BD]江苏卫视,https://t.freetv.fun/live/jiang-su-wei-shi.m3u8
[BD]广东新闻高清,https://t.freetv.fun/live/yan-dong-xin-wen-gao-qing-15.m3u8
[BD]江苏卫视,https://t.freetv.fun/live/jiang-su-wei-shi-1.m3u8
[BD]广东新闻高清,https://t.freetv.fun/live/yan-dong-xin-wen-gao-qing-16.m3u8
[BD]江苏卫视,https://t.freetv.fun/live/jiang-su-wei-shi-2.m3u8
[BD]广东新闻高清,https://t.freetv.fun/live/yan-dong-xin-wen-gao-qing-17.m3u8
[BD]江苏卫视,https://t.freetv.fun/live/jiang-su-wei-shi-5.m3u8
[BD]广东新闻高清,https://t.freetv.fun/live/yan-dong-xin-wen-gao-qing-18.m3u8
[BD]江苏卫视,https://t.freetv.fun/live/jiang-su-wei-shi-6.m3u8
[HD]广东民生,https://t.freetv.fun/live/yan-dong-min-sheng.m3u8
[HD]江苏卫视,https://t.freetv.fun/live/jiang-su-wei-shi-8.m3u8
[HD]广东民生,https://t.freetv.fun/live/yan-dong-min-sheng-3.m3u8
[BD]江苏卫视,https://t.freetv.fun/live/jiang-su-wei-shi-9.m3u8
[BD]广东民生,https://t.freetv.fun/live/yan-dong-min-sheng-4.m3u8
[BD]江苏卫视,https://t.freetv.fun/live/jiang-su-wei-shi-12.m3u8
[BD]广东民生,https://t.freetv.fun/live/yan-dong-min-sheng-1.m3u8
[BD]江苏卫视,https://t.freetv.fun/live/jiang-su-wei-shi-14.m3u8
[HD]广东民生,https://t.freetv.fun/live/yan-dong-min-sheng-2.m3u8
[BD]江苏卫视,https://t.freetv.fun/live/jiang-su-wei-shi-15.m3u8
[HD]广东民生,https://t.freetv.fun/live/yan-dong-min-sheng-5.m3u8
[BD]江苏卫视,https://t.freetv.fun/live/jiang-su-wei-shi-18.m3u8
[BD]广东民生,https://t.freetv.fun/live/yan-dong-min-sheng-6.m3u8
[BD]江苏卫视,https://t.freetv.fun/live/jiang-su-wei-shi-19.m3u8
[BD]广东民生,https://t.freetv.fun/live/yan-dong-min-sheng-7.m3u8
[SD]江苏卫视,https://t.freetv.fun/live/jiang-su-wei-shi-20.m3u8
[BD]广东民生高清,https://t.freetv.fun/live/yan-dong-min-sheng-gao-qing.m3u8
[BD]江苏卫视,https://t.freetv.fun/live/jiang-su-wei-shi-21.m3u8
[BD]广东民生高清,https://t.freetv.fun/live/yan-dong-min-sheng-gao-qing-1.m3u8
[BD]江苏卫视,https://t.freetv.fun/live/jiang-su-wei-shi-22.m3u8
[BD]广东民生高清,https://t.freetv.fun/live/yan-dong-min-sheng-gao-qing-3.m3u8
[BD]江苏卫视,https://t.freetv.fun/live/jiang-su-wei-shi-23.m3u8
[BD]广东民生高清,https://t.freetv.fun/live/yan-dong-min-sheng-gao-qing-4.m3u8
[HD]江苏卫视,https://t.freetv.fun/live/jiang-su-wei-shi-25.m3u8
[BD]广东民生高清,https://t.freetv.fun/live/yan-dong-min-sheng-gao-qing-5.m3u8
[BD]江苏卫视,https://t.freetv.fun/live/jiang-su-wei-shi-31.m3u8
[BD]广东民生高清,https://t.freetv.fun/live/yan-dong-min-sheng-gao-qing-6.m3u8
[BD]江苏卫视,https://t.freetv.fun/live/jiang-su-wei-shi-32.m3u8
[BD]广东民生高清,https://t.freetv.fun/live/yan-dong-min-sheng-gao-qing-7.m3u8
[BD]江苏卫视,https://t.freetv.fun/live/jiang-su-wei-shi-33.m3u8
[BD]广东民生高清,https://t.freetv.fun/live/yan-dong-min-sheng-gao-qing-8.m3u8
[HD]江西新闻,https://t.freetv.fun/live/jiang-xi-xin-wen-1.m3u8
[BD]广东民生高清,https://t.freetv.fun/live/yan-dong-min-sheng-gao-qing-9.m3u8
[HD]江西新闻,https://t.freetv.fun/live/jiang-xi-xin-wen-2.m3u8
[BD]广东民生高清,https://t.freetv.fun/live/yan-dong-min-sheng-gao-qing-10.m3u8
[BD]江西卫视,https://t.freetv.fun/live/jiang-xi-wei-shi-2.m3u8
[BD]广东民生高清,https://t.freetv.fun/live/yan-dong-min-sheng-gao-qing-11.m3u8
[BD]江西卫视,https://t.freetv.fun/live/jiang-xi-wei-shi-4.m3u8
[BD]广东民生高清,https://t.freetv.fun/live/yan-dong-min-sheng-gao-qing-12.m3u8
[BD]江西卫视,https://t.freetv.fun/live/jiang-xi-wei-shi-5.m3u8
[BD]广东民生高清,https://t.freetv.fun/live/yan-dong-min-sheng-gao-qing-13.m3u8
[BD]江西卫视,https://t.freetv.fun/live/jiang-xi-wei-shi-7.m3u8
[BD]广东民生高清,https://t.freetv.fun/live/yan-dong-min-sheng-gao-qing-14.m3u8
[BD]江西卫视,https://t.freetv.fun/live/jiang-xi-wei-shi-13.m3u8
[BD]广东民生高清,https://t.freetv.fun/live/yan-dong-min-sheng-gao-qing-15.m3u8
[BD]江西卫视,https://t.freetv.fun/live/jiang-xi-wei-shi-14.m3u8
[BD]广东民生高清,https://t.freetv.fun/live/yan-dong-min-sheng-gao-qing-16.m3u8
[BD]江西卫视,https://t.freetv.fun/live/jiang-xi-wei-shi-20.m3u8
[BD]广东民生高清,https://t.freetv.fun/live/yan-dong-min-sheng-gao-qing-17.m3u8
[BD]江西卫视,https://t.freetv.fun/live/jiang-xi-wei-shi-11.m3u8
[HD]广东卫视,https://t.freetv.fun/live/yan-dong-wei-shi.m3u8
[BD]江西卫视,https://t.freetv.fun/live/jiang-xi-wei-shi-21.m3u8
[BD]广东卫视,https://t.freetv.fun/live/yan-dong-wei-shi-7.m3u8
[HD]江西卫视,https://t.freetv.fun/live/jiang-xi-wei-shi.m3u8
[BD]广东卫视,https://t.freetv.fun/live/yan-dong-wei-shi-8.m3u8
[HD]江西卫视,https://t.freetv.fun/live/jiang-xi-wei-shi-1.m3u8
[BD]广东卫视,https://t.freetv.fun/live/yan-dong-wei-shi-16.m3u8
[BD]江西卫视,https://t.freetv.fun/live/jiang-xi-wei-shi-6.m3u8
[BD]广东卫视,https://t.freetv.fun/live/yan-dong-wei-shi-20.m3u8
[BD]江西卫视,https://t.freetv.fun/live/jiang-xi-wei-shi-22.m3u8
[SD]广东卫视,https://t.freetv.fun/live/yan-dong-wei-shi-15.m3u8
[HD]江西卫视,https://t.freetv.fun/live/jiang-xi-wei-shi-26.m3u8
[VGA]广东卫视,https://t.freetv.fun/live/yan-dong-wei-shi-6.m3u8
[HD]江西卫视,https://t.freetv.fun/live/jiang-xi-wei-shi-29.m3u8
[BD]广东卫视,https://t.freetv.fun/live/yan-dong-wei-shi-9.m3u8
[BD]江西卫视,https://t.freetv.fun/live/jiang-xi-wei-shi-16.m3u8
[BD]广东卫视,https://t.freetv.fun/live/yan-dong-wei-shi-18.m3u8
[BD]江西卫视,https://t.freetv.fun/live/jiang-xi-wei-shi-28.m3u8
[BD]广东卫视,https://t.freetv.fun/live/yan-dong-wei-shi-22.m3u8
[BD]江西卫视,https://t.freetv.fun/live/jiang-xi-wei-shi-3.m3u8
[BD]广东卫视,https://t.freetv.fun/live/yan-dong-wei-shi-25.m3u8
[BD]江西卫视,https://t.freetv.fun/live/jiang-xi-wei-shi-8.m3u8
[BD]广东卫视,https://t.freetv.fun/live/yan-dong-wei-shi-28.m3u8
[BD]江西卫视,https://t.freetv.fun/live/jiang-xi-wei-shi-9.m3u8
[SD]广东卫视,https://t.freetv.fun/live/yan-dong-wei-shi-1.m3u8
[BD]江西卫视,https://t.freetv.fun/live/jiang-xi-wei-shi-10.m3u8
[HD]广东卫视,https://t.freetv.fun/live/yan-dong-wei-shi-2.m3u8
[BD]江西卫视,https://t.freetv.fun/live/jiang-xi-wei-shi-12.m3u8
[HD]广东卫视,https://t.freetv.fun/live/yan-dong-wei-shi-3.m3u8
[BD]江西卫视,https://t.freetv.fun/live/jiang-xi-wei-shi-15.m3u8
[BD]广东卫视,https://t.freetv.fun/live/yan-dong-wei-shi-4.m3u8
[BD]江西卫视,https://t.freetv.fun/live/jiang-xi-wei-shi-17.m3u8
[BD]广东卫视,https://t.freetv.fun/live/yan-dong-wei-shi-5.m3u8
[SD]江西卫视,https://t.freetv.fun/live/jiang-xi-wei-shi-18.m3u8
[BD]广东卫视,https://t.freetv.fun/live/yan-dong-wei-shi-10.m3u8
[BD]江西卫视,https://t.freetv.fun/live/jiang-xi-wei-shi-19.m3u8
[BD]广东卫视,https://t.freetv.fun/live/yan-dong-wei-shi-11.m3u8
[SD]江西卫视,https://t.freetv.fun/live/jiang-xi-wei-shi-23.m3u8
[BD]广东卫视,https://t.freetv.fun/live/yan-dong-wei-shi-12.m3u8
[BD]江西卫视,https://t.freetv.fun/live/jiang-xi-wei-shi-25.m3u8
[SD]广东卫视,https://t.freetv.fun/live/yan-dong-wei-shi-13.m3u8
[BD]河北卫视,https://t.freetv.fun/live/he-bei-wei-shi-5.m3u8
[BD]广东卫视,https://t.freetv.fun/live/yan-dong-wei-shi-14.m3u8
[SD]河北卫视,https://t.freetv.fun/live/he-bei-wei-shi-17.m3u8
[HD]广东卫视,https://t.freetv.fun/live/yan-dong-wei-shi-17.m3u8
[SD]河北卫视,https://t.freetv.fun/live/he-bei-wei-shi-3.m3u8
[BD]广东卫视,https://t.freetv.fun/live/yan-dong-wei-shi-19.m3u8
[BD]河北卫视,https://t.freetv.fun/live/he-bei-wei-shi-10.m3u8
[BD]广东卫视,https://t.freetv.fun/live/yan-dong-wei-shi-21.m3u8
[SD]河北卫视,https://t.freetv.fun/live/he-bei-wei-shi-21.m3u8
[BD]广东卫视,https://t.freetv.fun/live/yan-dong-wei-shi-23.m3u8
[SD]河北卫视,https://t.freetv.fun/live/he-bei-wei-shi.m3u8
[BD]广东卫视,https://t.freetv.fun/live/yan-dong-wei-shi-24.m3u8
[BD]河北卫视,https://t.freetv.fun/live/he-bei-wei-shi-1.m3u8
[BD]广东卫视,https://t.freetv.fun/live/yan-dong-wei-shi-26.m3u8
[BD]河北卫视,https://t.freetv.fun/live/he-bei-wei-shi-2.m3u8
[BD]广东卫视,https://t.freetv.fun/live/yan-dong-wei-shi-27.m3u8
[SD]河北卫视,https://t.freetv.fun/live/he-bei-wei-shi-4.m3u8
[BD]广东卫视,https://t.freetv.fun/live/yan-dong-wei-shi-29.m3u8
[SD]河北卫视,https://t.freetv.fun/live/he-bei-wei-shi-6.m3u8
[BD]广东卫视,https://t.freetv.fun/live/yan-dong-wei-shi-30.m3u8
[BD]河北卫视,https://t.freetv.fun/live/he-bei-wei-shi-7.m3u8
[BD]广东卫视,https://t.freetv.fun/live/yan-dong-wei-shi-32.m3u8
[BD]河北卫视,https://t.freetv.fun/live/he-bei-wei-shi-8.m3u8
[BD]广东卫视高清,https://t.freetv.fun/live/yan-dong-wei-shi-gao-qing.m3u8
[BD]河北卫视,https://t.freetv.fun/live/he-bei-wei-shi-9.m3u8
[BD]广东卫视高清,https://t.freetv.fun/live/yan-dong-wei-shi-gao-qing-2.m3u8
[BD]河北卫视,https://t.freetv.fun/live/he-bei-wei-shi-11.m3u8
[BD]广东卫视高清,https://t.freetv.fun/live/yan-dong-wei-shi-gao-qing-5.m3u8
[BD]河北卫视,https://t.freetv.fun/live/he-bei-wei-shi-15.m3u8
[BD]广东卫视高清,https://t.freetv.fun/live/yan-dong-wei-shi-gao-qing-6.m3u8
[BD]河北卫视,https://t.freetv.fun/live/he-bei-wei-shi-16.m3u8
[BD]广东卫视高清,https://t.freetv.fun/live/yan-dong-wei-shi-gao-qing-9.m3u8
[BD]河北卫视,https://t.freetv.fun/live/he-bei-wei-shi-18.m3u8
[BD]广东卫视高清,https://t.freetv.fun/live/yan-dong-wei-shi-gao-qing-10.m3u8
[BD]河北卫视,https://t.freetv.fun/live/he-bei-wei-shi-19.m3u8
[BD]广东卫视高清,https://t.freetv.fun/live/yan-dong-wei-shi-gao-qing-11.m3u8
[SD]河北卫视,https://t.freetv.fun/live/he-bei-wei-shi-20.m3u8
[BD]广东卫视高清,https://t.freetv.fun/live/yan-dong-wei-shi-gao-qing-12.m3u8
[SD]河北卫视,https://t.freetv.fun/live/he-bei-wei-shi-23.m3u8
[BD]广东卫视高清,https://t.freetv.fun/live/yan-dong-wei-shi-gao-qing-13.m3u8
[BD]河北卫视,https://t.freetv.fun/live/he-bei-wei-shi-24.m3u8
[BD]广东卫视高清,https://t.freetv.fun/live/yan-dong-wei-shi-gao-qing-16.m3u8
[SD]河北卫视,https://t.freetv.fun/live/he-bei-wei-shi-25.m3u8
[BD]广东体育,https://t.freetv.fun/live/yan-dong-ti-yu-3.php
[SD]河北卫视,https://t.freetv.fun/live/he-bei-wei-shi-27.m3u8
[BD]广东体育,https://t.freetv.fun/live/yan-dong-ti-yu-4.m3u8
[HD]河北农民,https://t.freetv.fun/live/he-bei-nong-min-3.m3u8
[BD]广东体育,https://t.freetv.fun/live/yan-dong-ti-yu.m3u8
[BD]河南卫视,https://t.freetv.fun/live/he-nan-wei-shi.m3u8
[BD]广东体育,https://t.freetv.fun/live/yan-dong-ti-yu-1.m3u8
[BD]河南卫视,https://t.freetv.fun/live/he-nan-wei-shi-1.php
[HD]广东体育,https://t.freetv.fun/live/yan-dong-ti-yu-6.m3u8
[SD]河南卫视,https://t.freetv.fun/live/he-nan-wei-shi-2.m3u8
[BD]广东体育,https://t.freetv.fun/live/yan-dong-ti-yu-10.m3u8
[BD]河南卫视,https://t.freetv.fun/live/he-nan-wei-shi-3.m3u8
[HD]广东体育,https://t.freetv.fun/live/yan-dong-ti-yu-16.m3u8
[BD]河南卫视,https://t.freetv.fun/live/he-nan-wei-shi-9.m3u8
[BD]广东体育,https://t.freetv.fun/live/yan-dong-ti-yu-5.m3u8
[VGA]河南卫视,https://t.freetv.fun/live/he-nan-wei-shi-11.m3u8
[HD]广东体育,https://t.freetv.fun/live/yan-dong-ti-yu-7.m3u8
[BD]河南卫视,https://t.freetv.fun/live/he-nan-wei-shi-24.m3u8
[HD]广东体育,https://t.freetv.fun/live/yan-dong-ti-yu-8.m3u8
[BD]河南卫视,https://t.freetv.fun/live/he-nan-wei-shi-25.m3u8
[HD]广东体育,https://t.freetv.fun/live/yan-dong-ti-yu-9.m3u8
[SD]河南卫视,https://t.freetv.fun/live/he-nan-wei-shi-28.m3u8
[BD]广东体育,https://t.freetv.fun/live/yan-dong-ti-yu-11.m3u8
[BD]河南卫视,https://t.freetv.fun/live/he-nan-wei-shi-4.m3u8
[HD]广东体育,https://t.freetv.fun/live/yan-dong-ti-yu-14.m3u8
[SD]河南卫视,https://t.freetv.fun/live/he-nan-wei-shi-5.m3u8
[BD]广东体育,https://t.freetv.fun/live/yan-dong-ti-yu-15.m3u8
[SD]河南卫视,https://t.freetv.fun/live/he-nan-wei-shi-6.m3u8
[BD]广东体育高清,https://t.freetv.fun/live/yan-dong-ti-yu-gao-qing.m3u8
[BD]河南卫视,https://t.freetv.fun/live/he-nan-wei-shi-7.m3u8
[BD]广东体育高清,https://t.freetv.fun/live/yan-dong-ti-yu-gao-qing-3.m3u8
[SD]河南卫视,https://t.freetv.fun/live/he-nan-wei-shi-8.m3u8
[BD]广东体育高清,https://t.freetv.fun/live/yan-dong-ti-yu-gao-qing-4.m3u8
[BD]河南卫视,https://t.freetv.fun/live/he-nan-wei-shi-10.m3u8
[BD]广东体育高清,https://t.freetv.fun/live/yan-dong-ti-yu-gao-qing-5.m3u8
[BD]河南卫视,https://t.freetv.fun/live/he-nan-wei-shi-12.m3u8
[BD]广东体育高清,https://t.freetv.fun/live/yan-dong-ti-yu-gao-qing-6.m3u8
[BD]河南卫视,https://t.freetv.fun/live/he-nan-wei-shi-13.m3u8
[BD]广东体育高清,https://t.freetv.fun/live/yan-dong-ti-yu-gao-qing-7.m3u8
[BD]河南卫视,https://t.freetv.fun/live/he-nan-wei-shi-15.m3u8
[BD]广东体育高清,https://t.freetv.fun/live/yan-dong-ti-yu-gao-qing-8.m3u8
[BD]河南卫视,https://t.freetv.fun/live/he-nan-wei-shi-16.php
[BD]广东体育高清,https://t.freetv.fun/live/yan-dong-ti-yu-gao-qing-9.m3u8
[VGA]河南卫视,https://t.freetv.fun/live/he-nan-wei-shi-17.m3u8
[BD]广东体育高清,https://t.freetv.fun/live/yan-dong-ti-yu-gao-qing-10.m3u8
[SD]河南卫视,https://t.freetv.fun/live/he-nan-wei-shi-18.m3u8
[BD]广东体育高清,https://t.freetv.fun/live/yan-dong-ti-yu-gao-qing-11.m3u8
[SD]河南卫视,https://t.freetv.fun/live/he-nan-wei-shi-19.m3u8
[BD]广东体育高清,https://t.freetv.fun/live/yan-dong-ti-yu-gao-qing-12.m3u8
[BD]河南卫视,https://t.freetv.fun/live/he-nan-wei-shi-20.m3u8
[BD]广东体育高清,https://t.freetv.fun/live/yan-dong-ti-yu-gao-qing-13.m3u8
[SD]河南卫视,https://t.freetv.fun/live/he-nan-wei-shi-21.m3u8
[BD]广东体育高清,https://t.freetv.fun/live/yan-dong-ti-yu-gao-qing-14.m3u8
[BD]河南卫视,https://t.freetv.fun/live/he-nan-wei-shi-22.m3u8
[BD]广东体育高清,https://t.freetv.fun/live/yan-dong-ti-yu-gao-qing-16.m3u8
[BD]河南卫视,https://t.freetv.fun/live/he-nan-wei-shi-23.m3u8
[BD]广东体育高清,https://t.freetv.fun/live/yan-dong-ti-yu-gao-qing-17.m3u8
[BD]河南卫视,https://t.freetv.fun/live/he-nan-wei-shi-27.m3u8
[BD]广西综艺旅游,https://t.freetv.fun/live/yan-xi-zong-yi-lu-you.m3u8
[SD]河南卫视,https://t.freetv.fun/live/he-nan-wei-shi-29.m3u8
[BD]广西综艺旅游,https://t.freetv.fun/live/yan-xi-zong-yi-lu-you-1.m3u8
[HD]河南卫视,https://t.freetv.fun/live/he-nan-wei-shi-30.m3u8
[BD]广西综艺旅游,https://t.freetv.fun/live/yan-xi-zong-yi-lu-you-2.m3u8
[BD]河南卫视,https://t.freetv.fun/live/he-nan-wei-shi-32.m3u8
[BD]广西综艺旅游,https://t.freetv.fun/live/yan-xi-zong-yi-lu-you-3.m3u8
[VGA]泰州新闻综合,https://t.freetv.fun/live/tai-zhou-xin-wen-zong-he.m3u8
[BD]广西卫视,https://t.freetv.fun/live/yan-xi-wei-shi-1.m3u8
[BD]洛阳科教,https://t.freetv.fun/live/luo-yang-ke-jiao.flv
[BD]广西卫视,https://t.freetv.fun/live/yan-xi-wei-shi-9.m3u8
[BD]浙江国际,https://t.freetv.fun/live/zhe-jiang-guo-ji.m3u8
[BD]广西卫视,https://t.freetv.fun/live/yan-xi-wei-shi-8.m3u8
[HD]浙江国际,https://t.freetv.fun/live/zhe-jiang-guo-ji-2.m3u8
[SD]广西卫视,https://t.freetv.fun/live/yan-xi-wei-shi-11.m3u8
[BD]浙江国际,https://t.freetv.fun/live/zhe-jiang-guo-ji-6.m3u8
[BD]广西卫视,https://t.freetv.fun/live/yan-xi-wei-shi-3.m3u8
[VGA]浙江国际,https://t.freetv.fun/live/zhe-jiang-guo-ji-9.m3u8
[BD]广西卫视,https://t.freetv.fun/live/yan-xi-wei-shi-7.m3u8
[BD]浙江国际,https://t.freetv.fun/live/zhe-jiang-guo-ji-11.m3u8
[BD]广西卫视,https://t.freetv.fun/live/yan-xi-wei-shi-18.m3u8
[HD]浙江国际,https://t.freetv.fun/live/zhe-jiang-guo-ji-4.m3u8
[SD]广西卫视,https://t.freetv.fun/live/yan-xi-wei-shi-24.m3u8
[BD]浙江国际,https://t.freetv.fun/live/zhe-jiang-guo-ji-10.m3u8
[SD]广西卫视,https://t.freetv.fun/live/yan-xi-wei-shi-20.m3u8
[BD]浙江少儿,https://t.freetv.fun/live/zhe-jiang-shao-er-1.m3u8
[BD]广西卫视,https://t.freetv.fun/live/yan-xi-wei-shi-2.m3u8
[VGA]浙江少儿,https://t.freetv.fun/live/zhe-jiang-shao-er-6.m3u8
[BD]广西卫视,https://t.freetv.fun/live/yan-xi-wei-shi-4.m3u8
[VGA]浙江少儿,https://t.freetv.fun/live/zhe-jiang-shao-er.m3u8
[BD]广西卫视,https://t.freetv.fun/live/yan-xi-wei-shi-5.m3u8
[BD]浙江教科,https://t.freetv.fun/live/zhe-jiang-jiao-ke-1.m3u8
[SD]广西卫视,https://t.freetv.fun/live/yan-xi-wei-shi-6.m3u8
[VGA]浙江教育,https://t.freetv.fun/live/zhe-jiang-jiao-yu-5.m3u8
[BD]广西卫视,https://t.freetv.fun/live/yan-xi-wei-shi-10.m3u8
[BD]浙江教科,https://t.freetv.fun/live/zhe-jiang-jiao-ke.m3u8
[BD]广西卫视,https://t.freetv.fun/live/yan-xi-wei-shi-12.m3u8
[BD]浙江新闻,https://t.freetv.fun/live/zhe-jiang-xin-wen-3.m3u8
[SD]广西卫视,https://t.freetv.fun/live/yan-xi-wei-shi-13.m3u8
[HD]浙江新闻,https://t.freetv.fun/live/zhe-jiang-xin-wen-2.m3u8
[SD]广西卫视,https://t.freetv.fun/live/yan-xi-wei-shi-14.m3u8
[HD]浙江新闻,https://t.freetv.fun/live/zhe-jiang-xin-wen-7.m3u8
[SD]广西卫视,https://t.freetv.fun/live/yan-xi-wei-shi-17.m3u8
[BD]浙江新闻,https://t.freetv.fun/live/zhe-jiang-xin-wen.m3u8
[SD]广西卫视,https://t.freetv.fun/live/yan-xi-wei-shi-19.m3u8
[BD]浙江新闻,https://t.freetv.fun/live/zhe-jiang-xin-wen-1.m3u8
[HD]广西卫视,https://t.freetv.fun/live/yan-xi-wei-shi-21.m3u8
[VGA]浙江新闻,https://t.freetv.fun/live/zhe-jiang-xin-wen-4.m3u8
[BD]广西卫视,https://t.freetv.fun/live/yan-xi-wei-shi-22.m3u8
[HD]浙江新闻,https://t.freetv.fun/live/zhe-jiang-xin-wen-6.m3u8
[SD]广西卫视,https://t.freetv.fun/live/yan-xi-wei-shi-23.m3u8
[HD]浙江新闻,https://t.freetv.fun/live/zhe-jiang-xin-wen-12.m3u8
[SD]广西卫视,https://t.freetv.fun/live/yan-xi-wei-shi-25.m3u8
[BD]浙江民生,https://t.freetv.fun/live/zhe-jiang-min-sheng-2.m3u8
[SD]广西卫视,https://t.freetv.fun/live/yan-xi-wei-shi-26.m3u8
[BD]浙江民生,https://t.freetv.fun/live/zhe-jiang-min-sheng-1.m3u8
[BD]广西卫视,https://t.freetv.fun/live/yan-xi-wei-shi-27.m3u8
[HD]浙江民生,https://t.freetv.fun/live/zhe-jiang-min-sheng-3.m3u8
[SD]延边卫视,https://t.freetv.fun/live/yan-bian-wei-shi-4.m3u8
[BD]浙江民生,https://t.freetv.fun/live/zhe-jiang-min-sheng-1-1.m3u8
[HD]延边卫视,https://t.freetv.fun/live/yan-bian-wei-shi.m3u8
[BD]浙江民生,https://t.freetv.fun/live/zhe-jiang-min-sheng-11.m3u8
[HD]延边卫视,https://t.freetv.fun/live/yan-bian-wei-shi-1.m3u8
[BD]浙江民生休闲,https://t.freetv.fun/live/zhe-jiang-min-sheng-xiu-xian-2.m3u8
[SD]延边卫视,https://t.freetv.fun/live/yan-bian-wei-shi-3.m3u8
[VGA]浙江民生休闲,https://t.freetv.fun/live/zhe-jiang-min-sheng-xiu-xian-3.m3u8
[VGA]延边卫视,https://t.freetv.fun/live/yan-bian-wei-shi-7.m3u8
[BD]浙江民生休闲,https://t.freetv.fun/live/zhe-jiang-min-sheng-xiu-xian-4.m3u8
[HD]文成新闻综合,https://t.freetv.fun/live/wen-cheng-xin-wen-zong-he.m3u8
[BD]浙江民生休闲,https://t.freetv.fun/live/zhe-jiang-min-sheng-xiu-xian.m3u8
[BD]成龙电影 *$,https://t.freetv.fun/live/cheng-long-dian-ying-4.m3u8
[HD]浙江民生休闲,https://t.freetv.fun/live/zhe-jiang-min-sheng-xiu-xian-1.m3u8
[HD]溧阳新闻综合,https://t.freetv.fun/live/li-yang-xin-wen-zong-he.flv
[BD]浙江经济,https://t.freetv.fun/live/zhe-jiang-jing-ji.m3u8
[VGA]溧阳新闻综合,https://t.freetv.fun/live/li-yang-xin-wen-zong-he-1.flv
[BD]浙江生活,https://t.freetv.fun/live/zhe-jiang-sheng-huo-1.m3u8
[BD]松阳新闻综合,https://t.freetv.fun/live/song-yang-xin-wen-zong-he.m3u8
[BD]浙江生活,https://t.freetv.fun/live/zhe-jiang-sheng-huo-4.m3u8
[BD]揭阳综合高清,https://t.freetv.fun/live/jie-yang-zong-he-gao-qing-2.m3u8
[VGA]浙江经济生活,https://t.freetv.fun/live/zhe-jiang-jing-ji-sheng-huo-1.m3u8
[BD]揭阳综合高清,https://t.freetv.fun/live/jie-yang-zong-he-gao-qing-3.m3u8
[BD]浙江经济生活,https://t.freetv.fun/live/zhe-jiang-jing-ji-sheng-huo-2.m3u8
[BD]揭阳综合高清,https://t.freetv.fun/live/jie-yang-zong-he-gao-qing-4.m3u8
[HD]浙江经济生活,https://t.freetv.fun/live/zhe-jiang-jing-ji-sheng-huo-1.m3u8
[BD]揭阳综合高清,https://t.freetv.fun/live/jie-yang-zong-he-gao-qing-6.m3u8
[VGA]浙江经济生活,https://t.freetv.fun/live/zhe-jiang-jing-ji-sheng-huo-1-1.m3u8
[BD]揭阳综合高清,https://t.freetv.fun/live/jie-yang-zong-he-gao-qing-7.m3u8
[BD]浙江经济生活,https://t.freetv.fun/live/zhe-jiang-jing-ji-sheng-huo-3.m3u8
[BD]揭阳综合高清,https://t.freetv.fun/live/jie-yang-zong-he-gao-qing-8.m3u8
[VGA]浙江经济生活,https://t.freetv.fun/live/zhe-jiang-jing-ji-sheng-huo-4.m3u8
[BD]揭阳综合高清,https://t.freetv.fun/live/jie-yang-zong-he-gao-qing-9.m3u8
[BD]浙江经济生活,https://t.freetv.fun/live/zhe-jiang-jing-ji-sheng-huo-5.m3u8
[BD]揭阳综合高清,https://t.freetv.fun/live/jie-yang-zong-he-gao-qing-10.m3u8
[BD]浙江经济生活,https://t.freetv.fun/live/zhe-jiang-jing-ji-sheng-huo-6.m3u8
[BD]揭阳综合高清,https://t.freetv.fun/live/jie-yang-zong-he-gao-qing-11.m3u8
[BD]浙江卫视,https://t.freetv.fun/live/zhe-jiang-wei-shi-3.m3u8
[BD]揭阳综合高清,https://t.freetv.fun/live/jie-yang-zong-he-gao-qing-12.m3u8
[BD]浙江卫视,https://t.freetv.fun/live/zhe-jiang-wei-shi-4.m3u8
[BD]揭阳综合高清,https://t.freetv.fun/live/jie-yang-zong-he-gao-qing-13.m3u8
[BD]浙江卫视,https://t.freetv.fun/live/zhe-jiang-wei-shi-5.m3u8
[BD]揭阳综合高清,https://t.freetv.fun/live/jie-yang-zong-he-gao-qing-14.m3u8
[BD]浙江卫视,https://t.freetv.fun/live/zhe-jiang-wei-shi-11.m3u8
[BD]揭阳综合高清,https://t.freetv.fun/live/jie-yang-zong-he-gao-qing-15.m3u8
[BD]浙江卫视,https://t.freetv.fun/live/zhe-jiang-wei-shi-14.m3u8
[BD]揭阳综合高清,https://t.freetv.fun/live/jie-yang-zong-he-gao-qing-16.m3u8
[SD]浙江卫视,https://t.freetv.fun/live/zhe-jiang-wei-shi-16.m3u8
[BD]揭阳综合高清,https://t.freetv.fun/live/jie-yang-zong-he-gao-qing-17.m3u8
[BD]浙江卫视,https://t.freetv.fun/live/zhe-jiang-wei-shi-21.m3u8
[BD]新疆卫视,https://t.freetv.fun/live/xin-jiang-wei-shi.m3u8
[BD]浙江卫视,https://t.freetv.fun/live/zhe-jiang-wei-shi-12.m3u8
[SD]新疆卫视,https://t.freetv.fun/live/xin-jiang-wei-shi-2.m3u8
[BD]浙江卫视,https://t.freetv.fun/live/zhe-jiang-wei-shi-1.m3u8
[BD]新疆卫视,https://t.freetv.fun/live/xin-jiang-wei-shi-6.m3u8
[BD]浙江卫视,https://t.freetv.fun/live/zhe-jiang-wei-shi-2.m3u8
[BD]新疆卫视,https://t.freetv.fun/live/xin-jiang-wei-shi-7.m3u8
[BD]浙江卫视,https://t.freetv.fun/live/zhe-jiang-wei-shi-29.m3u8
[BD]新疆卫视,https://t.freetv.fun/live/xin-jiang-wei-shi-11.m3u8
[BD]浙江卫视,https://t.freetv.fun/live/zhe-jiang-wei-shi-30.m3u8
[BD]新疆卫视,https://t.freetv.fun/live/xin-jiang-wei-shi-14.m3u8
[BD]浙江卫视,https://t.freetv.fun/live/zhe-jiang-wei-shi-18.m3u8
[BD]新疆卫视,https://t.freetv.fun/live/xin-jiang-wei-shi-8.m3u8
[VGA]浙江卫视,https://t.freetv.fun/live/zhe-jiang-wei-shi-23.m3u8
[SD]新疆卫视,https://t.freetv.fun/live/xin-jiang-wei-shi-15.m3u8
[BD]浙江卫视,https://t.freetv.fun/live/zhe-jiang-wei-shi-6.m3u8
[BD]新疆卫视,https://t.freetv.fun/live/xin-jiang-wei-shi-5.m3u8
[BD]浙江卫视,https://t.freetv.fun/live/zhe-jiang-wei-shi-7.m3u8
[BD]新疆卫视,https://t.freetv.fun/live/xin-jiang-wei-shi-10.m3u8
[HD]浙江卫视,https://t.freetv.fun/live/zhe-jiang-wei-shi-8.m3u8
[BD]新疆卫视,https://t.freetv.fun/live/xin-jiang-wei-shi-12.m3u8
[BD]浙江卫视,https://t.freetv.fun/live/zhe-jiang-wei-shi-9.m3u8
[BD]新疆卫视,https://t.freetv.fun/live/xin-jiang-wei-shi-13.m3u8
[BD]浙江卫视,https://t.freetv.fun/live/zhe-jiang-wei-shi-10.m3u8
[SD]新疆卫视,https://t.freetv.fun/live/xin-jiang-wei-shi-17.m3u8
[BD]浙江卫视,https://t.freetv.fun/live/zhe-jiang-wei-shi-13.m3u8
[BD]新疆卫视,https://t.freetv.fun/live/xin-jiang-wei-shi-18.m3u8
[BD]浙江卫视,https://t.freetv.fun/live/zhe-jiang-wei-shi-15.m3u8
[HD]明珠,https://t.freetv.fun/live/ming-zhu.m3u8
[BD]浙江卫视,https://t.freetv.fun/live/zhe-jiang-wei-shi-17.m3u8
[BD]星空卫视,https://t.freetv.fun/live/xing-kong-wei-shi-2.m3u8
[SD]浙江卫视,https://t.freetv.fun/live/zhe-jiang-wei-shi-19.m3u8
[BD]星空卫视 *$,https://t.freetv.fun/live/xing-kong-wei-shi.m3u8
[SD]浙江卫视,https://t.freetv.fun/live/zhe-jiang-wei-shi-20.m3u8
[BD]晋城公共,https://t.freetv.fun/live/jin-cheng-gong-gong-1.m3u8
[SD]浙江卫视,https://t.freetv.fun/live/zhe-jiang-wei-shi-22.m3u8
[BD]晋城新闻,https://t.freetv.fun/live/jin-cheng-xin-wen-1.m3u8
[SD]浙江卫视,https://t.freetv.fun/live/zhe-jiang-wei-shi-24.m3u8
[BD]智林體育,https://t.freetv.fun/live/zhi-lin-ti-yu-1.php
[BD]浙江卫视,https://t.freetv.fun/live/zhe-jiang-wei-shi-25.m3u8
[BD]东南卫视,https://t.freetv.fun/live/dong-nan-wei-shi-2.m3u8
[SD]浙江卫视,https://t.freetv.fun/live/zhe-jiang-wei-shi-26.m3u8
[BD]东南卫视,https://t.freetv.fun/live/dong-nan-wei-shi-3.m3u8
[BD]浙江卫视,https://t.freetv.fun/live/zhe-jiang-wei-shi-27.m3u8
[BD]东南卫视,https://t.freetv.fun/live/dong-nan-wei-shi-8.m3u8
[BD]浙江卫视,https://t.freetv.fun/live/zhe-jiang-wei-shi-28.m3u8
[BD]东南卫视,https://t.freetv.fun/live/dong-nan-wei-shi-13.m3u8
[BD]浙江钱江,https://t.freetv.fun/live/zhe-jiang-qian-jiang-2.m3u8
[BD]东南卫视,https://t.freetv.fun/live/dong-nan-wei-shi-11.m3u8
[HD]浙江钱江,https://t.freetv.fun/live/zhe-jiang-qian-jiang-3.m3u8
[SD]东南卫视,https://t.freetv.fun/live/dong-nan-wei-shi-14.m3u8
[BD]浙江钱江,https://t.freetv.fun/live/zhe-jiang-qian-jiang-1.m3u8
[BD]东南卫视,https://t.freetv.fun/live/dong-nan-wei-shi.m3u8
[VGA]浙江钱江,https://t.freetv.fun/live/zhe-jiang-qian-jiang-6.m3u8
[SD]东南卫视,https://t.freetv.fun/live/dong-nan-wei-shi-10.m3u8
[BD]浙江钱江都市,https://t.freetv.fun/live/zhe-jiang-qian-jiang-du-shi.m3u8
[BD]东南卫视,https://t.freetv.fun/live/dong-nan-wei-shi-1.m3u8
[BD]海南卫视,https://t.freetv.fun/live/hai-nan-wei-shi.m3u8
[SD]东南卫视,https://t.freetv.fun/live/dong-nan-wei-shi-4.m3u8
[SD]海南卫视,https://t.freetv.fun/live/hai-nan-wei-shi-1.m3u8
[BD]东南卫视,https://t.freetv.fun/live/dong-nan-wei-shi-5.m3u8
[BD]海南卫视,https://t.freetv.fun/live/hai-nan-wei-shi-6.m3u8
[BD]东南卫视,https://t.freetv.fun/live/dong-nan-wei-shi-6.m3u8
[SD]海南卫视,https://t.freetv.fun/live/hai-nan-wei-shi-8.m3u8
[HD]东南卫视,https://t.freetv.fun/live/dong-nan-wei-shi-7.m3u8
[BD]海南卫视,https://t.freetv.fun/live/hai-nan-wei-shi-12.m3u8
[BD]东南卫视,https://t.freetv.fun/live/dong-nan-wei-shi-9.m3u8
[SD]海南卫视,https://t.freetv.fun/live/hai-nan-wei-shi-5.m3u8
[BD]东南卫视,https://t.freetv.fun/live/dong-nan-wei-shi-12.m3u8
[BD]海南卫视,https://t.freetv.fun/live/hai-nan-wei-shi-3.m3u8
[SD]东南卫视,https://t.freetv.fun/live/dong-nan-wei-shi-15.m3u8
[SD]海南卫视,https://t.freetv.fun/live/hai-nan-wei-shi-7.m3u8
[SD]东南卫视,https://t.freetv.fun/live/dong-nan-wei-shi-16.m3u8
[VGA]海南卫视,https://t.freetv.fun/live/hai-nan-wei-shi-2.m3u8
[SD]东南卫视,https://t.freetv.fun/live/dong-nan-wei-shi-17.m3u8
[BD]海南卫视,https://t.freetv.fun/live/hai-nan-wei-shi-4.m3u8
[SD]东南卫视,https://t.freetv.fun/live/dong-nan-wei-shi-18.m3u8
[SD]海南卫视,https://t.freetv.fun/live/hai-nan-wei-shi-9.m3u8
[SD]东南卫视,https://t.freetv.fun/live/dong-nan-wei-shi-19.m3u8
[SD]海南卫视,https://t.freetv.fun/live/hai-nan-wei-shi-10.m3u8
[SD]东南卫视,https://t.freetv.fun/live/dong-nan-wei-shi-20.m3u8
[SD]海南卫视,https://t.freetv.fun/live/hai-nan-wei-shi-11.m3u8
[BD]东南卫视,https://t.freetv.fun/live/dong-nan-wei-shi-21.m3u8
[BD]海南卫视,https://t.freetv.fun/live/hai-nan-wei-shi-13.m3u8
[SD]东南卫视,https://t.freetv.fun/live/dong-nan-wei-shi-22.m3u8
[VGA]海南卫视,https://t.freetv.fun/live/hai-nan-wei-shi-14.m3u8
[BD]东南卫视,https://t.freetv.fun/live/dong-nan-wei-shi-23.m3u8
[SD]海南卫视,https://t.freetv.fun/live/hai-nan-wei-shi-15.m3u8
[BD]东南卫视,https://t.freetv.fun/live/dong-nan-wei-shi-24.m3u8
[BD]海南卫视,https://t.freetv.fun/live/hai-nan-wei-shi-16.m3u8
[BD]东南卫视,https://t.freetv.fun/live/dong-nan-wei-shi-25.m3u8
[BD]海南卫视,https://t.freetv.fun/live/hai-nan-wei-shi-17.m3u8
[SD]东方影视,https://t.freetv.fun/live/dong-fang-ying-shi.m3u8
[BD]海南卫视,https://t.freetv.fun/live/hai-nan-wei-shi-18.m3u8
[BD]东方影视,https://t.freetv.fun/live/dong-fang-ying-shi-2.m3u8
[BD]乌海新闻综合,https://t.freetv.fun/live/wu-hai-xin-wen-zong-he.m3u8
[BD]东方影视,https://t.freetv.fun/live/dong-fang-ying-shi-3.m3u8
[BD]海峡卫视,https://t.freetv.fun/live/hai-xia-wei-shi.m3u8
[BD]东方卫视,https://t.freetv.fun/live/dong-fang-wei-shi-1.m3u8
[HD]海峡卫视,https://t.freetv.fun/live/hai-xia-wei-shi-1.m3u8
[BD]东方卫视,https://t.freetv.fun/live/dong-fang-wei-shi-8.m3u8
[BD]海峡卫视,https://t.freetv.fun/live/hai-xia-wei-shi-2.m3u8
[BD]东方卫视,https://t.freetv.fun/live/dong-fang-wei-shi-9.m3u8
[BD]海峡卫视,https://t.freetv.fun/live/hai-xia-wei-shi-3.m3u8
[BD]东方卫视,https://t.freetv.fun/live/dong-fang-wei-shi-17.m3u8
[BD]海峡卫视,https://t.freetv.fun/live/hai-xia-wei-shi-4.m3u8
[BD]东方卫视,https://t.freetv.fun/live/dong-fang-wei-shi.m3u8
[BD]海峡卫视,https://t.freetv.fun/live/hai-xia-wei-shi-5.m3u8
[BD]东方卫视,https://t.freetv.fun/live/dong-fang-wei-shi-4.m3u8
[BD]海峡卫视,https://t.freetv.fun/live/hai-xia-wei-shi-6.m3u8
[BD]东方卫视,https://t.freetv.fun/live/dong-fang-wei-shi-6.m3u8
[SD]海绵宝宝,https://t.freetv.fun/live/hai-mian-bao-bao.m3u8
[BD]东方卫视,https://t.freetv.fun/live/dong-fang-wei-shi-7.m3u8
[SD]海绵宝宝,https://t.freetv.fun/live/hai-mian-bao-bao-1.flv
[BD]东方卫视,https://t.freetv.fun/live/dong-fang-wei-shi-10.m3u8
[BD]深圳卫视,https://t.freetv.fun/live/shen-zhen-wei-shi-7.m3u8
[BD]东方卫视,https://t.freetv.fun/live/dong-fang-wei-shi-11.m3u8
[BD]深圳卫视,https://t.freetv.fun/live/shen-zhen-wei-shi-9.m3u8
[SD]东方卫视,https://t.freetv.fun/live/dong-fang-wei-shi-12.m3u8
[BD]深圳卫视,https://t.freetv.fun/live/shen-zhen-wei-shi-14.m3u8
[BD]东方卫视,https://t.freetv.fun/live/dong-fang-wei-shi-13.m3u8
[BD]深圳卫视,https://t.freetv.fun/live/shen-zhen-wei-shi-16.m3u8
[HD]东方卫视,https://t.freetv.fun/live/dong-fang-wei-shi-14.m3u8
[BD]深圳卫视,https://t.freetv.fun/live/shen-zhen-wei-shi-27.m3u8
[BD]东方卫视,https://t.freetv.fun/live/dong-fang-wei-shi-15.m3u8
[BD]深圳卫视,https://t.freetv.fun/live/shen-zhen-wei-shi-20.m3u8
[BD]东方卫视,https://t.freetv.fun/live/dong-fang-wei-shi-16.m3u8
[BD]深圳卫视,https://t.freetv.fun/live/shen-zhen-wei-shi-6.m3u8
[HD]东方卫视,https://t.freetv.fun/live/dong-fang-wei-shi-18.m3u8
[BD]深圳卫视,https://t.freetv.fun/live/shen-zhen-wei-shi-26.m3u8
[BD]东方卫视,https://t.freetv.fun/live/dong-fang-wei-shi-21.m3u8
[BD]深圳卫视,https://t.freetv.fun/live/shen-zhen-wei-shi-29.m3u8
[SD]东方卫视,https://t.freetv.fun/live/dong-fang-wei-shi-22.m3u8
[BD]深圳卫视,https://t.freetv.fun/live/shen-zhen-wei-shi-19.m3u8
[SD]东方卫视,https://t.freetv.fun/live/dong-fang-wei-shi-23.m3u8
[VGA]深圳卫视,https://t.freetv.fun/live/shen-zhen-wei-shi.m3u8
[BD]东方卫视,https://t.freetv.fun/live/dong-fang-wei-shi-24.m3u8
[BD]深圳卫视,https://t.freetv.fun/live/shen-zhen-wei-shi-1.m3u8
[SD]东方卫视,https://t.freetv.fun/live/dong-fang-wei-shi-25.m3u8
[SD]深圳卫视,https://t.freetv.fun/live/shen-zhen-wei-shi-2.m3u8
[BD]东方卫视,https://t.freetv.fun/live/dong-fang-wei-shi-26.m3u8
[BD]深圳卫视,https://t.freetv.fun/live/shen-zhen-wei-shi-3.m3u8
[SD]东方卫视,https://t.freetv.fun/live/dong-fang-wei-shi-27.m3u8
[BD]深圳卫视,https://t.freetv.fun/live/shen-zhen-wei-shi-4.m3u8
[BD]东方卫视,https://t.freetv.fun/live/dong-fang-wei-shi-29.m3u8
[BD]深圳卫视,https://t.freetv.fun/live/shen-zhen-wei-shi-5.m3u8
[HD]亚洲新闻 *$,https://t.freetv.fun/live/ya-zhou-xin-wen.m3u8
[BD]深圳卫视,https://t.freetv.fun/live/shen-zhen-wei-shi-8.m3u8
[BD]東森新聞,https://t.freetv.fun/live/dong-sen-xin-wen.ts
[BD]深圳卫视,https://t.freetv.fun/live/shen-zhen-wei-shi-10.m3u8
[BD]東森新聞,https://t.freetv.fun/live/dong-sen-xin-wen-2.m3u8
[BD]深圳卫视,https://t.freetv.fun/live/shen-zhen-wei-shi-11.m3u8
[HD]东森洋片,https://t.freetv.fun/live/dong-sen-yang-pian.m3u8
[SD]深圳卫视,https://t.freetv.fun/live/shen-zhen-wei-shi-12.m3u8
[BD]東森財經新聞,https://t.freetv.fun/live/dong-sen-cai-jing-xin-wen-1.m3u8
[BD]深圳卫视,https://t.freetv.fun/live/shen-zhen-wei-shi-13.m3u8
[HD]东森超视,rtmp://f13h.mine.nu/sat/tv331
[BD]深圳卫视,https://t.freetv.fun/live/shen-zhen-wei-shi-15.m3u8
[BD]东森电影,https://t.freetv.fun/live/dong-sen-dian-ying.m3u8
[BD]深圳卫视,https://t.freetv.fun/live/shen-zhen-wei-shi-17.m3u8
[HD]东莞新闻综合,https://t.freetv.fun/live/dong-wan-xin-wen-zong-he-1.m3u8
[BD]深圳卫视,https://t.freetv.fun/live/shen-zhen-wei-shi-18.m3u8
[VGA]东莞综合,https://t.freetv.fun/live/dong-wan-zong-he.m3u8
[BD]深圳卫视,https://t.freetv.fun/live/shen-zhen-wei-shi-21.m3u8
[BD]林正英影院 *$,https://t.freetv.fun/live/lin-zheng-ying-ying-yuan-4.m3u8
[BD]深圳卫视,https://t.freetv.fun/live/shen-zhen-wei-shi-22.m3u8
[SD]武义新闻综合,https://t.freetv.fun/live/wu-yi-xin-wen-zong-he.m3u8
[BD]深圳卫视,https://t.freetv.fun/live/shen-zhen-wei-shi-23.m3u8
[VGA]武义新闻综合,https://t.freetv.fun/live/wu-yi-xin-wen-zong-he-1.m3u8
[BD]深圳卫视,https://t.freetv.fun/live/shen-zhen-wei-shi-24.m3u8
[SD]武义新闻综合,https://t.freetv.fun/live/wu-yi-xin-wen-zong-he-2.m3u8
[BD]深圳卫视,https://t.freetv.fun/live/shen-zhen-wei-shi-25.m3u8
[BD]民視,https://t.freetv.fun/live/min-shi-2.m3u8
[BD]深圳卫视,https://t.freetv.fun/live/shen-zhen-wei-shi-28.m3u8
[BD]民視,https://t.freetv.fun/live/min-shi-1.php
[BD]深圳卫视,https://t.freetv.fun/live/shen-zhen-wei-shi-30.m3u8
[BD]民視,https://t.freetv.fun/live/min-shi-1-1.ts
[BD]深圳卫视,https://t.freetv.fun/live/shen-zhen-wei-shi-31.m3u8
[HD]民视,rtmp://f13h.mine.nu/sat/tv051
[BD]深圳卫视,https://t.freetv.fun/live/shen-zhen-wei-shi-32.m3u8
[BD]民视,https://t.freetv.fun/live/min-shi-3.m3u8
[BD]深圳卫视,https://t.freetv.fun/live/shen-zhen-wei-shi-33.m3u8
[BD]民视 *28,https://t.freetv.fun/live/min-shi-28.m3u8
[BD]深圳卫视,https://t.freetv.fun/live/shen-zhen-wei-shi-34.m3u8
[BD]民视 *$,https://t.freetv.fun/live/min-shi-4.m3u8
[BD]湖北卫视,https://t.freetv.fun/live/hu-bei-wei-shi-2.m3u8
[BD]民視新聞,https://t.freetv.fun/live/min-shi-xin-wen-1.m3u8
[BD]湖北卫视,https://t.freetv.fun/live/hu-bei-wei-shi-3.m3u8
[BD]民视新闻 *$,https://t.freetv.fun/live/min-shi-xin-wen-2.m3u8
[BD]湖北卫视,https://t.freetv.fun/live/hu-bei-wei-shi-6.m3u8
[BD]民视新闻,https://t.freetv.fun/live/min-shi-xin-wen.ts
[BD]湖北卫视,https://t.freetv.fun/live/hu-bei-wei-shi-8.m3u8
[BD]民視第一,https://t.freetv.fun/live/min-shi-di-yi.m3u8
[BD]湖北卫视,https://t.freetv.fun/live/hu-bei-wei-shi-10.m3u8
[BD]民视第一 *$,https://t.freetv.fun/live/min-shi-di-yi-1.m3u8
[BD]湖北卫视,https://t.freetv.fun/live/hu-bei-wei-shi-15.m3u8
[BD]民视台湾 *$,https://t.freetv.fun/live/min-shi-tai-wan.m3u8
[BD]湖北卫视,https://t.freetv.fun/live/hu-bei-wei-shi-16.m3u8
[BD]-汕尾综合,https://t.freetv.fun/live/shan-wei-zong-he.m3u8
[BD]湖北卫视,https://t.freetv.fun/live/hu-bei-wei-shi-17.m3u8
[BD]汕尾综合高清,https://t.freetv.fun/live/shan-wei-zong-he-gao-qing.m3u8
[SD]湖北卫视,https://t.freetv.fun/live/hu-bei-wei-shi-18.m3u8
[BD]汕尾综合高清,https://t.freetv.fun/live/shan-wei-zong-he-gao-qing-2.m3u8
[BD]湖北卫视,https://t.freetv.fun/live/hu-bei-wei-shi.m3u8
[BD]汕尾综合高清,https://t.freetv.fun/live/shan-wei-zong-he-gao-qing-4.m3u8
[BD]湖北卫视,https://t.freetv.fun/live/hu-bei-wei-shi-7.m3u8
[BD]汕尾综合高清,https://t.freetv.fun/live/shan-wei-zong-he-gao-qing-6.m3u8
[HD]湖北卫视,https://t.freetv.fun/live/hu-bei-wei-shi-1.m3u8
[BD]汕尾综合高清,https://t.freetv.fun/live/shan-wei-zong-he-gao-qing-7.m3u8
[BD]湖北卫视,https://t.freetv.fun/live/hu-bei-wei-shi-13.m3u8
[BD]汕尾综合高清,https://t.freetv.fun/live/shan-wei-zong-he-gao-qing-8.m3u8
[HD]湖北卫视,https://t.freetv.fun/live/hu-bei-wei-shi-4.m3u8
[BD]汕尾综合高清,https://t.freetv.fun/live/shan-wei-zong-he-gao-qing-10.m3u8
[HD]湖北卫视,https://t.freetv.fun/live/hu-bei-wei-shi-5.m3u8
[BD]汕尾综合高清,https://t.freetv.fun/live/shan-wei-zong-he-gao-qing-11.m3u8
[BD]湖北卫视,https://t.freetv.fun/live/hu-bei-wei-shi-9.m3u8
[BD]汕尾综合高清,https://t.freetv.fun/live/shan-wei-zong-he-gao-qing-12.m3u8
[BD]湖北卫视,https://t.freetv.fun/live/hu-bei-wei-shi-11.m3u8
[VGA]汕尾综合高清,https://t.freetv.fun/live/shan-wei-zong-he-gao-qing-15.m3u8
[BD]湖北卫视,https://t.freetv.fun/live/hu-bei-wei-shi-12.m3u8
[BD]汕尾综合高清,https://t.freetv.fun/live/shan-wei-zong-he-gao-qing-17.m3u8
[HD]湖北卫视,https://t.freetv.fun/live/hu-bei-wei-shi-14.m3u8
[BD]汕尾综合高清,https://t.freetv.fun/live/shan-wei-zong-he-gao-qing-19.m3u8
[BD]湖北卫视,https://t.freetv.fun/live/hu-bei-wei-shi-19.m3u8
[VGA]汕尾综合高清,https://t.freetv.fun/live/shan-wei-zong-he-gao-qing-22.m3u8
[BD]湖北卫视,https://t.freetv.fun/live/hu-bei-wei-shi-20.m3u8
[BD]汕头生活高清,https://t.freetv.fun/live/shan-tou-sheng-huo-gao-qing.m3u8
[BD]湖北卫视,https://t.freetv.fun/live/hu-bei-wei-shi-22.m3u8
[BD]汕头生活高清,https://t.freetv.fun/live/shan-tou-sheng-huo-gao-qing-1.m3u8
[BD]湖北卫视,https://t.freetv.fun/live/hu-bei-wei-shi-23.m3u8
[BD]汕头生活高清,https://t.freetv.fun/live/shan-tou-sheng-huo-gao-qing-2.m3u8
[BD]湖北卫视,https://t.freetv.fun/live/hu-bei-wei-shi-24.m3u8
[BD]汕头生活高清,https://t.freetv.fun/live/shan-tou-sheng-huo-gao-qing-3.m3u8
[BD]湖北卫视,https://t.freetv.fun/live/hu-bei-wei-shi-25.m3u8
[BD]汕头生活高清,https://t.freetv.fun/live/shan-tou-sheng-huo-gao-qing-4.m3u8
[VGA]湖南国际,https://t.freetv.fun/live/hu-nan-guo-ji.m3u8
[BD]汕头生活高清,https://t.freetv.fun/live/shan-tou-sheng-huo-gao-qing-5.m3u8
[VGA]湖南娱乐,https://t.freetv.fun/live/hu-nan-yu-le.m3u8
[BD]汕头生活高清,https://t.freetv.fun/live/shan-tou-sheng-huo-gao-qing-6.m3u8
[HD]湖南娱乐,https://t.freetv.fun/live/hu-nan-yu-le-1.m3u8
[BD]汕头生活高清,https://t.freetv.fun/live/shan-tou-sheng-huo-gao-qing-8.m3u8
[HD]湖南娱乐,https://t.freetv.fun/live/hu-nan-yu-le-2.m3u8
[BD]汕头生活高清,https://t.freetv.fun/live/shan-tou-sheng-huo-gao-qing-9.m3u8
[HD]湖南娱乐,https://t.freetv.fun/live/hu-nan-yu-le-3.m3u8
[BD]汕头生活高清,https://t.freetv.fun/live/shan-tou-sheng-huo-gao-qing-13.m3u8
[HD]湖南教育,https://t.freetv.fun/live/hu-nan-jiao-yu.m3u8
[BD]汕头生活高清,https://t.freetv.fun/live/shan-tou-sheng-huo-gao-qing-14.m3u8
[HD]湖南教育,https://t.freetv.fun/live/hu-nan-jiao-yu-1.m3u8
[BD]汕头生活高清,https://t.freetv.fun/live/shan-tou-sheng-huo-gao-qing-15.m3u8
[VGA]湖南经视,https://t.freetv.fun/live/hu-nan-jing-shi.m3u8
[BD]汕头生活高清,https://t.freetv.fun/live/shan-tou-sheng-huo-gao-qing-16.m3u8
[HD]湖州公共,https://t.freetv.fun/live/hu-zhou-gong-gong-6.m3u8
[BD]汕头生活高清,https://t.freetv.fun/live/shan-tou-sheng-huo-gao-qing-17.m3u8
[HD]湖州文化娱乐,https://t.freetv.fun/live/hu-zhou-wen-hua-yu-le-1.m3u8
[VGA]汕头生活高清,https://t.freetv.fun/live/shan-tou-sheng-huo-gao-qing-18.m3u8
[HD]泸州新闻综合,https://t.freetv.fun/live/lu-zhou-xin-wen-zong-he.m3u8
[BD]汕头综合高清,https://t.freetv.fun/live/shan-tou-zong-he-gao-qing.m3u8
[BD]赣州新闻综合,https://t.freetv.fun/live/gan-zhou-xin-wen-zong-he-1.m3u8
[BD]汕头综合高清,https://t.freetv.fun/live/shan-tou-zong-he-gao-qing-1.m3u8
[HD]湖州新闻综合,https://t.freetv.fun/live/hu-zhou-xin-wen-zong-he-3.m3u8
[BD]汕头综合高清,https://t.freetv.fun/live/shan-tou-zong-he-gao-qing-2.m3u8
[BD]重庆|江津新闻综合,https://t.freetv.fun/live/zhong-qing-jiang-jin-xin-wen-zong-he.m3u8
[BD]汕头综合高清,https://t.freetv.fun/live/shan-tou-zong-he-gao-qing-3.m3u8
[SD]江夏新闻综合,https://t.freetv.fun/live/jiang-xia-xin-wen-zong-he-2.m3u8
[BD]汕头综合高清,https://t.freetv.fun/live/shan-tou-zong-he-gao-qing-5.m3u8
[SD]江夏新闻综合,https://t.freetv.fun/live/jiang-xia-xin-wen-zong-he-4.m3u8
[BD]汕头综合高清,https://t.freetv.fun/live/shan-tou-zong-he-gao-qing-6.m3u8
[BD]江津新闻综合,https://t.freetv.fun/live/jiang-jin-xin-wen-zong-he.m3u8
[BD]汕头综合高清,https://t.freetv.fun/live/shan-tou-zong-he-gao-qing-10.m3u8
[HD]江阴新闻综合,https://t.freetv.fun/live/jiang-yin-xin-wen-zong-he-1.m3u8
[BD]汕头综合高清,https://t.freetv.fun/live/shan-tou-zong-he-gao-qing-11.m3u8
[BD]经济科教高清,https://t.freetv.fun/live/jing-ji-ke-jiao-gao-qing.m3u8
[BD]汕头综合高清,https://t.freetv.fun/live/shan-tou-zong-he-gao-qing-12.m3u8
[BD]经济科教高清,https://t.freetv.fun/live/jing-ji-ke-jiao-gao-qing-1.m3u8
[BD]汕头综合高清,https://t.freetv.fun/live/shan-tou-zong-he-gao-qing-14.m3u8
[BD]经济科教高清,https://t.freetv.fun/live/jing-ji-ke-jiao-gao-qing-3.m3u8
[BD]汕头综合高清,https://t.freetv.fun/live/shan-tou-zong-he-gao-qing-15.m3u8
[BD]经济科教高清,https://t.freetv.fun/live/jing-ji-ke-jiao-gao-qing-4.m3u8
[BD]汕头综合高清,https://t.freetv.fun/live/shan-tou-zong-he-gao-qing-16.m3u8
[BD]经济科教高清,https://t.freetv.fun/live/jing-ji-ke-jiao-gao-qing-5.m3u8
[BD]浙江公共新闻,https://t.freetv.fun/live/zhe-jiang-gong-gong-xin-wen.m3u8
[BD]经济科教高清,https://t.freetv.fun/live/jing-ji-ke-jiao-gao-qing-6.m3u8
[VGA]公共新闻,https://t.freetv.fun/live/gong-gong-xin-wen.m3u8
[BD]经济科教高清,https://t.freetv.fun/live/jing-ji-ke-jiao-gao-qing-7.m3u8
[VGA]公共新闻,https://t.freetv.fun/live/gong-gong-xin-wen-2.m3u8
[BD]经济科教高清,https://t.freetv.fun/live/jing-ji-ke-jiao-gao-qing-8.m3u8
[VGA]江苏城市,https://t.freetv.fun/live/jiang-su-cheng-shi-1.m3u8
[BD]经济科教高清,https://t.freetv.fun/live/jing-ji-ke-jiao-gao-qing-9.m3u8
[VGA]江苏城市,https://t.freetv.fun/live/jiang-su-cheng-shi.m3u8
[BD]经济科教高清,https://t.freetv.fun/live/jing-ji-ke-jiao-gao-qing-10.m3u8
[VGA]江苏影视,https://t.freetv.fun/live/jiang-su-ying-shi-2.m3u8
[BD]经济科教高清,https://t.freetv.fun/live/jing-ji-ke-jiao-gao-qing-12.m3u8
[VGA]江苏教育,https://t.freetv.fun/live/jiang-su-jiao-yu-1.m3u8
[BD]经济科教高清,https://t.freetv.fun/live/jing-ji-ke-jiao-gao-qing-13.m3u8
[VGA]江苏综艺,https://t.freetv.fun/live/jiang-su-zong-yi-1.m3u8
[BD]经济科教高清,https://t.freetv.fun/live/jing-ji-ke-jiao-gao-qing-14.m3u8
[BD]江苏卫视,https://t.freetv.fun/live/jiang-su-wei-shi-4.m3u8
[BD]经济科教高清,https://t.freetv.fun/live/jing-ji-ke-jiao-gao-qing-15.m3u8
[BD]江苏卫视,https://t.freetv.fun/live/jiang-su-wei-shi-7.m3u8
[BD]潮州综合高清,https://t.freetv.fun/live/chao-zhou-zong-he-gao-qing-1.m3u8
[BD]江苏卫视,https://t.freetv.fun/live/jiang-su-wei-shi-16.m3u8
[BD]潮州综合高清,https://t.freetv.fun/live/chao-zhou-zong-he-gao-qing-2.m3u8
[BD]江苏卫视,https://t.freetv.fun/live/jiang-su-wei-shi-17.m3u8
[BD]潮州综合高清,https://t.freetv.fun/live/chao-zhou-zong-he-gao-qing-3.m3u8
[BD]江苏卫视,https://t.freetv.fun/live/jiang-su-wei-shi-11.m3u8
[BD]潮州综合高清,https://t.freetv.fun/live/chao-zhou-zong-he-gao-qing-4.m3u8
[BD]江苏卫视,https://t.freetv.fun/live/jiang-su-wei-shi-13.m3u8
[BD]潮州综合高清,https://t.freetv.fun/live/chao-zhou-zong-he-gao-qing-6.m3u8
[BD]江苏卫视,https://t.freetv.fun/live/jiang-su-wei-shi-3.m3u8
[BD]潮州综合高清,https://t.freetv.fun/live/chao-zhou-zong-he-gao-qing-8.m3u8
[BD]江苏卫视,https://t.freetv.fun/live/jiang-su-wei-shi.m3u8
[BD]潮州综合高清,https://t.freetv.fun/live/chao-zhou-zong-he-gao-qing-9.m3u8
[BD]江苏卫视,https://t.freetv.fun/live/jiang-su-wei-shi-1.m3u8
[BD]潮州综合高清,https://t.freetv.fun/live/chao-zhou-zong-he-gao-qing-12.m3u8
[BD]江苏卫视,https://t.freetv.fun/live/jiang-su-wei-shi-2.m3u8
[BD]潮州综合高清,https://t.freetv.fun/live/chao-zhou-zong-he-gao-qing-13.m3u8
[BD]江苏卫视,https://t.freetv.fun/live/jiang-su-wei-shi-5.m3u8
[BD]潮州综合高清,https://t.freetv.fun/live/chao-zhou-zong-he-gao-qing-14.m3u8
[BD]江苏卫视,https://t.freetv.fun/live/jiang-su-wei-shi-6.m3u8
[BD]潮州综合高清,https://t.freetv.fun/live/chao-zhou-zong-he-gao-qing-15.m3u8
[HD]江苏卫视,https://t.freetv.fun/live/jiang-su-wei-shi-8.m3u8
[BD]潮州综合高清,https://t.freetv.fun/live/chao-zhou-zong-he-gao-qing-16.m3u8
[BD]江苏卫视,https://t.freetv.fun/live/jiang-su-wei-shi-9.m3u8
[BD]潮州综合高清,https://t.freetv.fun/live/chao-zhou-zong-he-gao-qing-17.m3u8
[BD]江苏卫视,https://t.freetv.fun/live/jiang-su-wei-shi-12.m3u8
[BD]潮州综合高清,https://t.freetv.fun/live/chao-zhou-zong-he-gao-qing-18.m3u8
[BD]江苏卫视,https://t.freetv.fun/live/jiang-su-wei-shi-14.m3u8
[BD]澳门莲花,https://t.freetv.fun/live/ao-men-lian-hua.php
[BD]江苏卫视,https://t.freetv.fun/live/jiang-su-wei-shi-15.m3u8
[BD]无线新闻b,https://t.freetv.fun/live/wu-xian-xin-wen-b.php
[BD]江苏卫视,https://t.freetv.fun/live/jiang-su-wei-shi-18.m3u8
[HD]无锡娱乐,https://t.freetv.fun/live/wu-xi-yu-le.m3u8
[BD]江苏卫视,https://t.freetv.fun/live/jiang-su-wei-shi-19.m3u8
[HD]无锡娱乐,https://t.freetv.fun/live/wu-xi-yu-le-1.m3u8
[SD]江苏卫视,https://t.freetv.fun/live/jiang-su-wei-shi-20.m3u8
[BD]无锡新闻综合,https://t.freetv.fun/live/wu-xi-xin-wen-zong-he.m3u8
[BD]江苏卫视,https://t.freetv.fun/live/jiang-su-wei-shi-21.m3u8
[BD]无锡新闻综合,https://t.freetv.fun/live/wu-xi-xin-wen-zong-he-1.m3u8
[BD]江苏卫视,https://t.freetv.fun/live/jiang-su-wei-shi-22.m3u8
[BD]无锡新闻综合,https://t.freetv.fun/live/wu-xi-xin-wen-zong-he-2.m3u8
[BD]江苏卫视,https://t.freetv.fun/live/jiang-su-wei-shi-23.m3u8
[BD]无锡新闻综合,https://t.freetv.fun/live/wu-xi-xin-wen-zong-he-3.m3u8
[HD]江苏卫视,https://t.freetv.fun/live/jiang-su-wei-shi-25.m3u8
[HD]无锡生活,https://t.freetv.fun/live/wu-xi-sheng-huo.m3u8
[BD]江苏卫视,https://t.freetv.fun/live/jiang-su-wei-shi-31.m3u8
[HD]无锡生活,https://t.freetv.fun/live/wu-xi-sheng-huo-1.m3u8
[BD]江苏卫视,https://t.freetv.fun/live/jiang-su-wei-shi-32.m3u8
[HD]无锡经济,https://t.freetv.fun/live/wu-xi-jing-ji.m3u8
[BD]江苏卫视,https://t.freetv.fun/live/jiang-su-wei-shi-33.m3u8
[HD]无锡经济,https://t.freetv.fun/live/wu-xi-jing-ji-1.m3u8
[HD]江西新闻,https://t.freetv.fun/live/jiang-xi-xin-wen-1.m3u8
[HD]无锡都市资讯,https://t.freetv.fun/live/wu-xi-du-shi-zi-xun.m3u8
[HD]江西新闻,https://t.freetv.fun/live/jiang-xi-xin-wen-2.m3u8
[HD]无锡都市资讯,https://t.freetv.fun/live/wu-xi-du-shi-zi-xun-1.m3u8
[BD]江西卫视,https://t.freetv.fun/live/jiang-xi-wei-shi-2.m3u8
[HD]无锡都市资讯,https://t.freetv.fun/live/wu-xi-du-shi-zi-xun-2.m3u8
[BD]江西卫视,https://t.freetv.fun/live/jiang-xi-wei-shi-4.m3u8
[BD]甘肃卫视,https://t.freetv.fun/live/gan-su-wei-shi-1.m3u8
[BD]江西卫视,https://t.freetv.fun/live/jiang-xi-wei-shi-5.m3u8
[BD]甘肃卫视,https://t.freetv.fun/live/gan-su-wei-shi-9.m3u8
[BD]江西卫视,https://t.freetv.fun/live/jiang-xi-wei-shi-7.m3u8
[HD]甘肃卫视,https://t.freetv.fun/live/gan-su-wei-shi.m3u8
[BD]江西卫视,https://t.freetv.fun/live/jiang-xi-wei-shi-13.m3u8
[SD]甘肃卫视,https://t.freetv.fun/live/gan-su-wei-shi-6.m3u8
[BD]江西卫视,https://t.freetv.fun/live/jiang-xi-wei-shi-14.m3u8
[SD]甘肃卫视,https://t.freetv.fun/live/gan-su-wei-shi-18.m3u8
[BD]江西卫视,https://t.freetv.fun/live/jiang-xi-wei-shi-20.m3u8
[SD]甘肃卫视,https://t.freetv.fun/live/gan-su-wei-shi-5.m3u8
[BD]江西卫视,https://t.freetv.fun/live/jiang-xi-wei-shi-11.m3u8
[SD]甘肃卫视,https://t.freetv.fun/live/gan-su-wei-shi-2.m3u8
[BD]江西卫视,https://t.freetv.fun/live/jiang-xi-wei-shi-21.m3u8
[SD]甘肃卫视,https://t.freetv.fun/live/gan-su-wei-shi-3.m3u8
[HD]江西卫视,https://t.freetv.fun/live/jiang-xi-wei-shi.m3u8
[SD]甘肃卫视,https://t.freetv.fun/live/gan-su-wei-shi-4.m3u8
[HD]江西卫视,https://t.freetv.fun/live/jiang-xi-wei-shi-1.m3u8
[SD]甘肃卫视,https://t.freetv.fun/live/gan-su-wei-shi-7.m3u8
[BD]江西卫视,https://t.freetv.fun/live/jiang-xi-wei-shi-6.m3u8
[BD]甘肃卫视,https://t.freetv.fun/live/gan-su-wei-shi-8.m3u8
[BD]江西卫视,https://t.freetv.fun/live/jiang-xi-wei-shi-22.m3u8
[SD]甘肃卫视,https://t.freetv.fun/live/gan-su-wei-shi-10.m3u8
[HD]江西卫视,https://t.freetv.fun/live/jiang-xi-wei-shi-26.m3u8
[SD]甘肃卫视,https://t.freetv.fun/live/gan-su-wei-shi-11.m3u8
[HD]江西卫视,https://t.freetv.fun/live/jiang-xi-wei-shi-29.m3u8
[SD]甘肃卫视,https://t.freetv.fun/live/gan-su-wei-shi-13.m3u8
[BD]江西卫视,https://t.freetv.fun/live/jiang-xi-wei-shi-16.m3u8
[SD]甘肃卫视,https://t.freetv.fun/live/gan-su-wei-shi-15.m3u8
[BD]江西卫视,https://t.freetv.fun/live/jiang-xi-wei-shi-28.m3u8
[SD]甘肃卫视,https://t.freetv.fun/live/gan-su-wei-shi-16.m3u8
[BD]江西卫视,https://t.freetv.fun/live/jiang-xi-wei-shi-3.m3u8
[SD]甘肃卫视,https://t.freetv.fun/live/gan-su-wei-shi-17.m3u8
[BD]江西卫视,https://t.freetv.fun/live/jiang-xi-wei-shi-8.m3u8
[SD]甘肃卫视,https://t.freetv.fun/live/gan-su-wei-shi-19.m3u8
[BD]江西卫视,https://t.freetv.fun/live/jiang-xi-wei-shi-9.m3u8
[BD]甘肃卫视,https://t.freetv.fun/live/gan-su-wei-shi-20.m3u8
[BD]江西卫视,https://t.freetv.fun/live/jiang-xi-wei-shi-10.m3u8
[BD]生命电视 *$,https://t.freetv.fun/live/sheng-ming-dian-shi.m3u8
[BD]江西卫视,https://t.freetv.fun/live/jiang-xi-wei-shi-12.m3u8
[SD]生活时尚,https://t.freetv.fun/live/sheng-huo-shi-shang.m3u8
[BD]江西卫视,https://t.freetv.fun/live/jiang-xi-wei-shi-15.m3u8
[BD]生活时尚,https://t.freetv.fun/live/sheng-huo-shi-shang-2.m3u8
[BD]江西卫视,https://t.freetv.fun/live/jiang-xi-wei-shi-17.m3u8
[HD]眉山丹棱综合,https://t.freetv.fun/live/mei-shan-dan-leng-zong-he.m3u8
[SD]江西卫视,https://t.freetv.fun/live/jiang-xi-wei-shi-18.m3u8
[BD]第一财经,https://t.freetv.fun/live/di-yi-cai-jing.m3u8
[BD]江西卫视,https://t.freetv.fun/live/jiang-xi-wei-shi-19.m3u8
[VGA]上海第一财经,https://t.freetv.fun/live/shang-hai-di-yi-cai-jing.m3u8
[SD]江西卫视,https://t.freetv.fun/live/jiang-xi-wei-shi-23.m3u8
[VGA]上海第一财经,https://t.freetv.fun/live/shang-hai-di-yi-cai-jing-2.m3u8
[BD]江西卫视,https://t.freetv.fun/live/jiang-xi-wei-shi-25.m3u8
[SD]第一财经,https://t.freetv.fun/live/di-yi-cai-jing-1.m3u8
[BD]河北卫视,https://t.freetv.fun/live/he-bei-wei-shi-5.m3u8
[BD]第一财经,https://t.freetv.fun/live/di-yi-cai-jing-2.m3u8
[SD]河北卫视,https://t.freetv.fun/live/he-bei-wei-shi-17.m3u8
[HD]绍兴文化影视,https://t.freetv.fun/live/shao-xing-wen-hua-ying-shi-1.m3u8
[SD]河北卫视,https://t.freetv.fun/live/he-bei-wei-shi-3.m3u8
[HD]绍兴文化影院,https://t.freetv.fun/live/shao-xing-wen-hua-ying-yuan-2.m3u8
[BD]河北卫视,https://t.freetv.fun/live/he-bei-wei-shi-10.m3u8
[HD]绍兴文化影视,https://t.freetv.fun/live/shao-xing-wen-hua-ying-shi-1.m3u8
[SD]河北卫视,https://t.freetv.fun/live/he-bei-wei-shi-21.m3u8
[SD]绍兴新闻,https://t.freetv.fun/live/shao-xing-xin-wen.m3u8
[SD]河北卫视,https://t.freetv.fun/live/he-bei-wei-shi.m3u8
[BD]經典卡通,https://t.freetv.fun/live/jing-dian-qia-tong-1.m3u8
[BD]河北卫视,https://t.freetv.fun/live/he-bei-wei-shi-1.m3u8
[HD]经典电影,https://t.freetv.fun/live/jing-dian-dian-ying.m3u8
[BD]河北卫视,https://t.freetv.fun/live/he-bei-wei-shi-2.m3u8
[HD]经典香港电影,https://t.freetv.fun/live/jing-dian-xiang-gang-dian-ying.m3u8
[SD]河北卫视,https://t.freetv.fun/live/he-bei-wei-shi-4.m3u8
[BD]經典電影,https://t.freetv.fun/live/jing-dian-dian-ying-1.php
[SD]河北卫视,https://t.freetv.fun/live/he-bei-wei-shi-6.m3u8
[BD]經典電影,https://t.freetv.fun/live/jing-dian-dian-ying-2.m3u8
[BD]河北卫视,https://t.freetv.fun/live/he-bei-wei-shi-7.m3u8
[BD]經典電影,https://t.freetv.fun/live/jing-dian-dian-ying-3.m3u8
[BD]河北卫视,https://t.freetv.fun/live/he-bei-wei-shi-8.m3u8
[HD]纬来日本,rtmp://f13h.mine.nu/sat/tv771
[BD]河北卫视,https://t.freetv.fun/live/he-bei-wei-shi-9.m3u8
[BD]纬来精彩 *$,https://t.freetv.fun/live/wei-lai-jing-cai-1.m3u8
[BD]河北卫视,https://t.freetv.fun/live/he-bei-wei-shi-11.m3u8
[HD]纬来育乐,rtmp://f13h.mine.nu/sat/tv701
[BD]河北卫视,https://t.freetv.fun/live/he-bei-wei-shi-15.m3u8
[BD]纬来体育,https://t.freetv.fun/live/wei-lai-ti-yu.m3u8
[BD]河北卫视,https://t.freetv.fun/live/he-bei-wei-shi-16.m3u8
[HD]緯來體育,rtmp://f13h.mine.nu/sat/tv721
[BD]河北卫视,https://t.freetv.fun/live/he-bei-wei-shi-18.m3u8
[SD]纬来体育,rtmp://f13h.mine.nu/sat/tv721
[BD]河北卫视,https://t.freetv.fun/live/he-bei-wei-shi-19.m3u8
[HD]纬来体育,rtmp://f13h.mine.nu/sat/tv721
[SD]河北卫视,https://t.freetv.fun/live/he-bei-wei-shi-20.m3u8
[HD]美亚电影,https://t.freetv.fun/live/mei-ya-dian-ying.m3u8
[SD]河北卫视,https://t.freetv.fun/live/he-bei-wei-shi-23.m3u8
[BD]翡翠台 *$,https://t.freetv.fun/live/fei-cui-tai-2.m3u8
[BD]河北卫视,https://t.freetv.fun/live/he-bei-wei-shi-24.m3u8
[BD]翡翠台,https://t.freetv.fun/live/fei-cui-tai.m3u8
[SD]河北卫视,https://t.freetv.fun/live/he-bei-wei-shi-25.m3u8
[BD]翡翠,https://t.freetv.fun/live/fei-cui.m3u8
[SD]河北卫视,https://t.freetv.fun/live/he-bei-wei-shi-27.m3u8
[SD]翡翠,https://t.freetv.fun/live/fei-cui-2.m3u8
[HD]河北农民,https://t.freetv.fun/live/he-bei-nong-min-3.m3u8
[BD]翡翠,https://t.freetv.fun/live/fei-cui-3.m3u8
[BD]河南卫视,https://t.freetv.fun/live/he-nan-wei-shi.m3u8
[HD]翡翠,https://t.freetv.fun/live/fei-cui-4.m3u8
[BD]河南卫视,https://t.freetv.fun/live/he-nan-wei-shi-1.php
[BD]翡翠台,https://t.freetv.fun/live/fei-cui-tai-1.m3u8
[SD]河南卫视,https://t.freetv.fun/live/he-nan-wei-shi-2.m3u8
[HD]台視,https://t.freetv.fun/live/tai-shi.ts
[BD]河南卫视,https://t.freetv.fun/live/he-nan-wei-shi-3.m3u8
[BD]台視新聞,https://t.freetv.fun/live/tai-shi-xin-wen.m3u8
[BD]河南卫视,https://t.freetv.fun/live/he-nan-wei-shi-9.m3u8
[HD]台视综合 *$,https://t.freetv.fun/live/tai-shi-zong-he.m3u8
[VGA]河南卫视,https://t.freetv.fun/live/he-nan-wei-shi-11.m3u8
[BD]台视财经,https://t.freetv.fun/live/tai-shi-cai-jing.ts
[BD]河南卫视,https://t.freetv.fun/live/he-nan-wei-shi-24.m3u8
[BD]台视财经 *$,https://t.freetv.fun/live/tai-shi-cai-jing-1.m3u8
[BD]河南卫视,https://t.freetv.fun/live/he-nan-wei-shi-25.m3u8
[HD]萧山新闻综合,https://t.freetv.fun/live/xiao-shan-xin-wen-zong-he-1.m3u8
[SD]河南卫视,https://t.freetv.fun/live/he-nan-wei-shi-28.m3u8
[VGA]萧山新闻综合,https://t.freetv.fun/live/xiao-shan-xin-wen-zong-he-1.m3u8
[BD]河南卫视,https://t.freetv.fun/live/he-nan-wei-shi-4.m3u8
[BD]荆门新闻综合,https://t.freetv.fun/live/jing-men-xin-wen-zong-he.m3u8
[SD]河南卫视,https://t.freetv.fun/live/he-nan-wei-shi-5.m3u8
[BD]荆门新闻综合,https://t.freetv.fun/live/jing-men-xin-wen-zong-he-1-1.m3u8
[SD]河南卫视,https://t.freetv.fun/live/he-nan-wei-shi-6.m3u8
[BD]荆门新闻综合,https://t.freetv.fun/live/jing-men-xin-wen-zong-he-1-1.m3u8
[BD]河南卫视,https://t.freetv.fun/live/he-nan-wei-shi-7.m3u8
[BD]荆门新闻综合,https://t.freetv.fun/live/jing-men-xin-wen-zong-he-2.m3u8
[SD]河南卫视,https://t.freetv.fun/live/he-nan-wei-shi-8.m3u8
[BD]荆门新闻综合,https://t.freetv.fun/live/jing-men-xin-wen-zong-he-5.m3u8
[BD]河南卫视,https://t.freetv.fun/live/he-nan-wei-shi-10.m3u8
[VGA]华藏卫视 *$,https://t.freetv.fun/live/hua-cang-wei-shi.m3u8
[BD]河南卫视,https://t.freetv.fun/live/he-nan-wei-shi-12.m3u8
[HD]华视,rtmp://f13h.mine.nu/sat/tv111
[BD]河南卫视,https://t.freetv.fun/live/he-nan-wei-shi-13.m3u8
[BD]华视,rtmp://f13h.mine.nu/sat/tv111
[BD]河南卫视,https://t.freetv.fun/live/he-nan-wei-shi-15.m3u8
[BD]华视,https://t.freetv.fun/live/hua-shi-1-1.ts
[BD]河南卫视,https://t.freetv.fun/live/he-nan-wei-shi-16.php
[BD]华视 *$,https://t.freetv.fun/live/hua-shi-3.m3u8
[VGA]河南卫视,https://t.freetv.fun/live/he-nan-wei-shi-17.m3u8
[BD]華視,https://t.freetv.fun/live/hua-shi-2.ts
[SD]河南卫视,https://t.freetv.fun/live/he-nan-wei-shi-18.m3u8
[BD]華視,https://t.freetv.fun/live/hua-shi-1-2.m3u8
[SD]河南卫视,https://t.freetv.fun/live/he-nan-wei-shi-19.m3u8
[BD]華視新聞 *$,https://t.freetv.fun/live/hua-shi-xin-wen.m3u8
[BD]河南卫视,https://t.freetv.fun/live/he-nan-wei-shi-20.m3u8
[BD]华视新闻 *$,https://t.freetv.fun/live/hua-shi-xin-wen-1.m3u8
[SD]河南卫视,https://t.freetv.fun/live/he-nan-wei-shi-21.m3u8
[BD]西藏卫视,https://t.freetv.fun/live/xi-cang-wei-shi-10.m3u8
[BD]河南卫视,https://t.freetv.fun/live/he-nan-wei-shi-22.m3u8
[BD]西藏卫视,https://t.freetv.fun/live/xi-cang-wei-shi-2.m3u8
[BD]河南卫视,https://t.freetv.fun/live/he-nan-wei-shi-23.m3u8
[BD]西藏卫视,https://t.freetv.fun/live/xi-cang-wei-shi-4.m3u8
[BD]河南卫视,https://t.freetv.fun/live/he-nan-wei-shi-27.m3u8
[SD]西藏卫视,https://t.freetv.fun/live/xi-cang-wei-shi-7.m3u8
[SD]河南卫视,https://t.freetv.fun/live/he-nan-wei-shi-29.m3u8
[SD]西藏卫视,https://t.freetv.fun/live/xi-cang-wei-shi-12.m3u8
[HD]河南卫视,https://t.freetv.fun/live/he-nan-wei-shi-30.m3u8
[BD]西藏卫视,https://t.freetv.fun/live/xi-cang-wei-shi-11.m3u8
[BD]河南卫视,https://t.freetv.fun/live/he-nan-wei-shi-32.m3u8
[BD]西藏卫视,https://t.freetv.fun/live/xi-cang-wei-shi.m3u8
[VGA]泰州新闻综合,https://t.freetv.fun/live/tai-zhou-xin-wen-zong-he.m3u8
[SD]西藏卫视,https://t.freetv.fun/live/xi-cang-wei-shi-1.m3u8
[BD]洛阳科教,https://t.freetv.fun/live/luo-yang-ke-jiao.flv
[BD]西藏卫视,https://t.freetv.fun/live/xi-cang-wei-shi-3.m3u8
[BD]浙江国际,https://t.freetv.fun/live/zhe-jiang-guo-ji.m3u8
[BD]西藏卫视,https://t.freetv.fun/live/xi-cang-wei-shi-8.m3u8
[HD]浙江国际,https://t.freetv.fun/live/zhe-jiang-guo-ji-2.m3u8
[BD]西藏卫视,https://t.freetv.fun/live/xi-cang-wei-shi-13.m3u8
[BD]浙江国际,https://t.freetv.fun/live/zhe-jiang-guo-ji-6.m3u8
[BD]豬哥亮歌廳秀,https://t.freetv.fun/live/zhu-ge-liang-ge-ting-xiu-1.m3u8
[VGA]浙江国际,https://t.freetv.fun/live/zhe-jiang-guo-ji-9.m3u8
[BD]贵州卫视,https://t.freetv.fun/live/gui-zhou-wei-shi-1.m3u8
[BD]浙江国际,https://t.freetv.fun/live/zhe-jiang-guo-ji-11.m3u8
[BD]贵州卫视,https://t.freetv.fun/live/gui-zhou-wei-shi-2.m3u8
[HD]浙江国际,https://t.freetv.fun/live/zhe-jiang-guo-ji-4.m3u8
[BD]贵州卫视,https://t.freetv.fun/live/gui-zhou-wei-shi-3.m3u8
[BD]浙江国际,https://t.freetv.fun/live/zhe-jiang-guo-ji-10.m3u8
[BD]贵州卫视,https://t.freetv.fun/live/gui-zhou-wei-shi-4.m3u8
[BD]浙江少儿,https://t.freetv.fun/live/zhe-jiang-shao-er-1.m3u8
[BD]贵州卫视,https://t.freetv.fun/live/gui-zhou-wei-shi-5.m3u8
[VGA]浙江少儿,https://t.freetv.fun/live/zhe-jiang-shao-er-6.m3u8
[BD]贵州卫视,https://t.freetv.fun/live/gui-zhou-wei-shi-18.m3u8
[VGA]浙江少儿,https://t.freetv.fun/live/zhe-jiang-shao-er.m3u8
[BD]贵州卫视,https://t.freetv.fun/live/gui-zhou-wei-shi-16.m3u8
[BD]浙江教科,https://t.freetv.fun/live/zhe-jiang-jiao-ke-1.m3u8
[BD]贵州卫视,https://t.freetv.fun/live/gui-zhou-wei-shi-27.m3u8
[VGA]浙江教育,https://t.freetv.fun/live/zhe-jiang-jiao-yu-5.m3u8
[SD]贵州卫视,https://t.freetv.fun/live/gui-zhou-wei-shi.m3u8
[BD]浙江教科,https://t.freetv.fun/live/zhe-jiang-jiao-ke.m3u8
[BD]贵州卫视,https://t.freetv.fun/live/gui-zhou-wei-shi-6.m3u8
[BD]浙江新闻,https://t.freetv.fun/live/zhe-jiang-xin-wen-3.m3u8
[BD]贵州卫视,https://t.freetv.fun/live/gui-zhou-wei-shi-7.m3u8
[HD]浙江新闻,https://t.freetv.fun/live/zhe-jiang-xin-wen-2.m3u8
[SD]贵州卫视,https://t.freetv.fun/live/gui-zhou-wei-shi-8.m3u8
[HD]浙江新闻,https://t.freetv.fun/live/zhe-jiang-xin-wen-7.m3u8
[BD]贵州卫视,https://t.freetv.fun/live/gui-zhou-wei-shi-9.m3u8
[BD]浙江新闻,https://t.freetv.fun/live/zhe-jiang-xin-wen.m3u8
[SD]贵州卫视,https://t.freetv.fun/live/gui-zhou-wei-shi-10.m3u8
[BD]浙江新闻,https://t.freetv.fun/live/zhe-jiang-xin-wen-1.m3u8
[SD]贵州卫视,https://t.freetv.fun/live/gui-zhou-wei-shi-11.m3u8
[VGA]浙江新闻,https://t.freetv.fun/live/zhe-jiang-xin-wen-4.m3u8
[HD]贵州卫视,https://t.freetv.fun/live/gui-zhou-wei-shi-12.m3u8
[HD]浙江新闻,https://t.freetv.fun/live/zhe-jiang-xin-wen-6.m3u8
[SD]贵州卫视,https://t.freetv.fun/live/gui-zhou-wei-shi-13.m3u8
[HD]浙江新闻,https://t.freetv.fun/live/zhe-jiang-xin-wen-12.m3u8
[BD]贵州卫视,https://t.freetv.fun/live/gui-zhou-wei-shi-14.m3u8
[BD]浙江民生,https://t.freetv.fun/live/zhe-jiang-min-sheng-2.m3u8
[BD]贵州卫视,https://t.freetv.fun/live/gui-zhou-wei-shi-15.m3u8
[BD]浙江民生,https://t.freetv.fun/live/zhe-jiang-min-sheng-1.m3u8
[SD]贵州卫视,https://t.freetv.fun/live/gui-zhou-wei-shi-17.m3u8
[HD]浙江民生,https://t.freetv.fun/live/zhe-jiang-min-sheng-3.m3u8
[SD]贵州卫视,https://t.freetv.fun/live/gui-zhou-wei-shi-20.m3u8
[BD]浙江民生,https://t.freetv.fun/live/zhe-jiang-min-sheng-1-1.m3u8
[SD]贵州卫视,https://t.freetv.fun/live/gui-zhou-wei-shi-21.m3u8
[BD]浙江民生,https://t.freetv.fun/live/zhe-jiang-min-sheng-11.m3u8
[BD]贵州卫视,https://t.freetv.fun/live/gui-zhou-wei-shi-23.m3u8
[BD]浙江民生休闲,https://t.freetv.fun/live/zhe-jiang-min-sheng-xiu-xian-2.m3u8
[SD]贵州卫视,https://t.freetv.fun/live/gui-zhou-wei-shi-24.m3u8
[VGA]浙江民生休闲,https://t.freetv.fun/live/zhe-jiang-min-sheng-xiu-xian-3.m3u8
[SD]贵州卫视,https://t.freetv.fun/live/gui-zhou-wei-shi-25.m3u8
[BD]浙江民生休闲,https://t.freetv.fun/live/zhe-jiang-min-sheng-xiu-xian-4.m3u8
[BD]贵州卫视,https://t.freetv.fun/live/gui-zhou-wei-shi-26.m3u8
[BD]浙江民生休闲,https://t.freetv.fun/live/zhe-jiang-min-sheng-xiu-xian.m3u8
[BD]农林卫视,https://t.freetv.fun/live/nong-lin-wei-shi-1.m3u8
[HD]浙江民生休闲,https://t.freetv.fun/live/zhe-jiang-min-sheng-xiu-xian-1.m3u8
[SD]农林卫视,https://t.freetv.fun/live/nong-lin-wei-shi.m3u8
[BD]浙江经济,https://t.freetv.fun/live/zhe-jiang-jing-ji.m3u8
[HD]中国农林卫视,https://t.freetv.fun/live/zhong-guo-nong-lin-wei-shi.m3u8
[BD]浙江生活,https://t.freetv.fun/live/zhe-jiang-sheng-huo-1.m3u8
[HD]中国农林卫视,https://t.freetv.fun/live/zhong-guo-nong-lin-wei-shi-1.m3u8
[BD]浙江生活,https://t.freetv.fun/live/zhe-jiang-sheng-huo-4.m3u8
[VGA]连云港新闻综合,https://t.freetv.fun/live/lian-yun-gang-xin-wen-zong-he-1.m3u8
[VGA]浙江经济生活,https://t.freetv.fun/live/zhe-jiang-jing-ji-sheng-huo-1.m3u8
[BD]辽宁公共,https://t.freetv.fun/live/liao-zhu-gong-gong.m3u8
[BD]浙江经济生活,https://t.freetv.fun/live/zhe-jiang-jing-ji-sheng-huo-2.m3u8
[BD]辽宁北方,https://t.freetv.fun/live/liao-zhu-bei-fang.m3u8
[HD]浙江经济生活,https://t.freetv.fun/live/zhe-jiang-jing-ji-sheng-huo-1.m3u8
[BD]辽宁影视剧,https://t.freetv.fun/live/liao-zhu-ying-shi-ju.m3u8
[VGA]浙江经济生活,https://t.freetv.fun/live/zhe-jiang-jing-ji-sheng-huo-1-1.m3u8
[BD]辽宁生活,https://t.freetv.fun/live/liao-zhu-sheng-huo.m3u8
[BD]浙江经济生活,https://t.freetv.fun/live/zhe-jiang-jing-ji-sheng-huo-3.m3u8
[BD]辽宁经济,https://t.freetv.fun/live/liao-zhu-jing-ji.m3u8
[VGA]浙江经济生活,https://t.freetv.fun/live/zhe-jiang-jing-ji-sheng-huo-4.m3u8
[BD]辽宁卫视,https://t.freetv.fun/live/liao-zhu-wei-shi.m3u8
[BD]浙江经济生活,https://t.freetv.fun/live/zhe-jiang-jing-ji-sheng-huo-5.m3u8
[BD]辽宁卫视,https://t.freetv.fun/live/liao-zhu-wei-shi-1.m3u8
[BD]浙江经济生活,https://t.freetv.fun/live/zhe-jiang-jing-ji-sheng-huo-6.m3u8
[BD]辽宁卫视,https://t.freetv.fun/live/liao-zhu-wei-shi-2.m3u8
[BD]浙江卫视,https://t.freetv.fun/live/zhe-jiang-wei-shi-3.m3u8
[HD]辽宁卫视,https://t.freetv.fun/live/liao-zhu-wei-shi-7.m3u8
[BD]浙江卫视,https://t.freetv.fun/live/zhe-jiang-wei-shi-4.m3u8
[BD]辽宁卫视,https://t.freetv.fun/live/liao-zhu-wei-shi-9.m3u8
[BD]浙江卫视,https://t.freetv.fun/live/zhe-jiang-wei-shi-5.m3u8
[HD]辽宁卫视,https://t.freetv.fun/live/liao-zhu-wei-shi-12.m3u8
[BD]浙江卫视,https://t.freetv.fun/live/zhe-jiang-wei-shi-11.m3u8
[BD]辽宁卫视,https://t.freetv.fun/live/liao-zhu-wei-shi-14.m3u8
[BD]浙江卫视,https://t.freetv.fun/live/zhe-jiang-wei-shi-14.m3u8
[BD]辽宁卫视,https://t.freetv.fun/live/liao-zhu-wei-shi-16.m3u8
[SD]浙江卫视,https://t.freetv.fun/live/zhe-jiang-wei-shi-16.m3u8
[BD]辽宁卫视,https://t.freetv.fun/live/liao-zhu-wei-shi-13.m3u8
[BD]浙江卫视,https://t.freetv.fun/live/zhe-jiang-wei-shi-21.m3u8
[BD]辽宁卫视,https://t.freetv.fun/live/liao-zhu-wei-shi-19.m3u8
[BD]浙江卫视,https://t.freetv.fun/live/zhe-jiang-wei-shi-12.m3u8
[VGA]辽宁卫视,https://t.freetv.fun/live/liao-zhu-wei-shi-3.m3u8
[BD]浙江卫视,https://t.freetv.fun/live/zhe-jiang-wei-shi-1.m3u8
[BD]辽宁卫视,https://t.freetv.fun/live/liao-zhu-wei-shi-5.m3u8
[BD]浙江卫视,https://t.freetv.fun/live/zhe-jiang-wei-shi-2.m3u8
[BD]辽宁卫视,https://t.freetv.fun/live/liao-zhu-wei-shi-15.m3u8
[BD]浙江卫视,https://t.freetv.fun/live/zhe-jiang-wei-shi-29.m3u8
[HD]辽宁卫视,https://t.freetv.fun/live/liao-zhu-wei-shi-4.m3u8
[BD]浙江卫视,https://t.freetv.fun/live/zhe-jiang-wei-shi-30.m3u8
[BD]辽宁卫视,https://t.freetv.fun/live/liao-zhu-wei-shi-6.m3u8
[BD]浙江卫视,https://t.freetv.fun/live/zhe-jiang-wei-shi-18.m3u8
[BD]辽宁卫视,https://t.freetv.fun/live/liao-zhu-wei-shi-8.m3u8
[VGA]浙江卫视,https://t.freetv.fun/live/zhe-jiang-wei-shi-23.m3u8
[BD]辽宁卫视,https://t.freetv.fun/live/liao-zhu-wei-shi-10.m3u8
[BD]浙江卫视,https://t.freetv.fun/live/zhe-jiang-wei-shi-6.m3u8
[BD]辽宁卫视,https://t.freetv.fun/live/liao-zhu-wei-shi-11.m3u8
[BD]浙江卫视,https://t.freetv.fun/live/zhe-jiang-wei-shi-7.m3u8
[BD]辽宁卫视,https://t.freetv.fun/live/liao-zhu-wei-shi-17.m3u8
[HD]浙江卫视,https://t.freetv.fun/live/zhe-jiang-wei-shi-8.m3u8
[BD]辽宁卫视,https://t.freetv.fun/live/liao-zhu-wei-shi-18.m3u8
[BD]浙江卫视,https://t.freetv.fun/live/zhe-jiang-wei-shi-9.m3u8
[SD]辽宁卫视,https://t.freetv.fun/live/liao-zhu-wei-shi-20.m3u8
[BD]浙江卫视,https://t.freetv.fun/live/zhe-jiang-wei-shi-10.m3u8
[BD]辽宁卫视,https://t.freetv.fun/live/liao-zhu-wei-shi-21.m3u8
[BD]浙江卫视,https://t.freetv.fun/live/zhe-jiang-wei-shi-13.m3u8
[BD]辽宁卫视,https://t.freetv.fun/live/liao-zhu-wei-shi-22.m3u8
[BD]浙江卫视,https://t.freetv.fun/live/zhe-jiang-wei-shi-15.m3u8
[BD]辽宁卫视,https://t.freetv.fun/live/liao-zhu-wei-shi-23.m3u8
[BD]浙江卫视,https://t.freetv.fun/live/zhe-jiang-wei-shi-17.m3u8
[BD]辽宁卫视,https://t.freetv.fun/live/liao-zhu-wei-shi-24.m3u8
[SD]浙江卫视,https://t.freetv.fun/live/zhe-jiang-wei-shi-19.m3u8
[BD]辽宁卫视,https://t.freetv.fun/live/liao-zhu-wei-shi-26.m3u8
[SD]浙江卫视,https://t.freetv.fun/live/zhe-jiang-wei-shi-20.m3u8
[BD]辽宁卫视,https://t.freetv.fun/live/liao-zhu-wei-shi-28.m3u8
[SD]浙江卫视,https://t.freetv.fun/live/zhe-jiang-wei-shi-22.m3u8
[BD]辽宁都市,https://t.freetv.fun/live/liao-zhu-du-shi.m3u8
[SD]浙江卫视,https://t.freetv.fun/live/zhe-jiang-wei-shi-24.m3u8
[HD]邢台生活,https://t.freetv.fun/live/xing-tai-sheng-huo.m3u8
[BD]浙江卫视,https://t.freetv.fun/live/zhe-jiang-wei-shi-25.m3u8
[HD]邢台综合,https://t.freetv.fun/live/xing-tai-zong-he.m3u8
[SD]浙江卫视,https://t.freetv.fun/live/zhe-jiang-wei-shi-26.m3u8
[VGA]徐州新闻综合,https://t.freetv.fun/live/xu-zhou-xin-wen-zong-he-1.m3u8
[BD]浙江卫视,https://t.freetv.fun/live/zhe-jiang-wei-shi-27.m3u8
[BD]亳州新闻综合,rtmp://zbbf2.ahbztv.com/live/416
[BD]浙江卫视,https://t.freetv.fun/live/zhe-jiang-wei-shi-28.m3u8
[BD]采昌影劇,https://t.freetv.fun/live/cai-chang-ying-ju.php
[BD]浙江钱江,https://t.freetv.fun/live/zhe-jiang-qian-jiang-2.m3u8
[BD]采昌影劇,https://t.freetv.fun/live/cai-chang-ying-ju-1.m3u8
[HD]浙江钱江,https://t.freetv.fun/live/zhe-jiang-qian-jiang-3.m3u8
[BD]采昌影劇,https://t.freetv.fun/live/cai-chang-ying-ju-2.m3u8
[BD]浙江钱江,https://t.freetv.fun/live/zhe-jiang-qian-jiang-1.m3u8
[BD]重庆卫视,https://t.freetv.fun/live/zhong-qing-wei-shi-1.m3u8
[VGA]浙江钱江,https://t.freetv.fun/live/zhe-jiang-qian-jiang-6.m3u8
[BD]重庆卫视,https://t.freetv.fun/live/zhong-qing-wei-shi-4.m3u8
[BD]浙江钱江都市,https://t.freetv.fun/live/zhe-jiang-qian-jiang-du-shi.m3u8
[BD]重庆卫视,https://t.freetv.fun/live/zhong-qing-wei-shi-11.m3u8
[BD]海南卫视,https://t.freetv.fun/live/hai-nan-wei-shi.m3u8
[BD]重庆卫视,https://t.freetv.fun/live/zhong-qing-wei-shi-17.m3u8
[SD]海南卫视,https://t.freetv.fun/live/hai-nan-wei-shi-1.m3u8
[SD]重庆卫视,https://t.freetv.fun/live/zhong-qing-wei-shi.m3u8
[BD]海南卫视,https://t.freetv.fun/live/hai-nan-wei-shi-6.m3u8
[VGA]重庆卫视,https://t.freetv.fun/live/zhong-qing-wei-shi-10.m3u8
[SD]海南卫视,https://t.freetv.fun/live/hai-nan-wei-shi-8.m3u8
[SD]重庆卫视,https://t.freetv.fun/live/zhong-qing-wei-shi-25.m3u8
[BD]海南卫视,https://t.freetv.fun/live/hai-nan-wei-shi-12.m3u8
[BD]重庆卫视,https://t.freetv.fun/live/zhong-qing-wei-shi-21.m3u8
[SD]海南卫视,https://t.freetv.fun/live/hai-nan-wei-shi-5.m3u8
[BD]重庆卫视,https://t.freetv.fun/live/zhong-qing-wei-shi-2.m3u8
[BD]海南卫视,https://t.freetv.fun/live/hai-nan-wei-shi-3.m3u8
[SD]重庆卫视,https://t.freetv.fun/live/zhong-qing-wei-shi-3.m3u8
[SD]海南卫视,https://t.freetv.fun/live/hai-nan-wei-shi-7.m3u8
[BD]重庆卫视,https://t.freetv.fun/live/zhong-qing-wei-shi-6.m3u8
[VGA]海南卫视,https://t.freetv.fun/live/hai-nan-wei-shi-2.m3u8
[BD]重庆卫视,https://t.freetv.fun/live/zhong-qing-wei-shi-7.m3u8
[BD]海南卫视,https://t.freetv.fun/live/hai-nan-wei-shi-4.m3u8
[BD]重庆卫视,https://t.freetv.fun/live/zhong-qing-wei-shi-8.m3u8
[SD]海南卫视,https://t.freetv.fun/live/hai-nan-wei-shi-9.m3u8
[BD]重庆卫视,https://t.freetv.fun/live/zhong-qing-wei-shi-9.m3u8
[SD]海南卫视,https://t.freetv.fun/live/hai-nan-wei-shi-10.m3u8
[BD]重庆卫视,https://t.freetv.fun/live/zhong-qing-wei-shi-13.m3u8
[SD]海南卫视,https://t.freetv.fun/live/hai-nan-wei-shi-11.m3u8
[BD]重庆卫视,https://t.freetv.fun/live/zhong-qing-wei-shi-14.m3u8
[BD]海南卫视,https://t.freetv.fun/live/hai-nan-wei-shi-13.m3u8
[BD]重庆卫视,https://t.freetv.fun/live/zhong-qing-wei-shi-15.m3u8
[VGA]海南卫视,https://t.freetv.fun/live/hai-nan-wei-shi-14.m3u8
[SD]重庆卫视,https://t.freetv.fun/live/zhong-qing-wei-shi-16.m3u8
[SD]海南卫视,https://t.freetv.fun/live/hai-nan-wei-shi-15.m3u8
[SD]重庆卫视,https://t.freetv.fun/live/zhong-qing-wei-shi-18.m3u8
[BD]海南卫视,https://t.freetv.fun/live/hai-nan-wei-shi-16.m3u8
[BD]重庆卫视,https://t.freetv.fun/live/zhong-qing-wei-shi-19.m3u8
[BD]海南卫视,https://t.freetv.fun/live/hai-nan-wei-shi-17.m3u8
[SD]重庆卫视,https://t.freetv.fun/live/zhong-qing-wei-shi-20.m3u8
[BD]海南卫视,https://t.freetv.fun/live/hai-nan-wei-shi-18.m3u8
[SD]重庆卫视,https://t.freetv.fun/live/zhong-qing-wei-shi-22.m3u8
[BD]乌海新闻综合,https://t.freetv.fun/live/wu-hai-xin-wen-zong-he.m3u8
[BD]重庆卫视,https://t.freetv.fun/live/zhong-qing-wei-shi-23.m3u8
[BD]海峡卫视,https://t.freetv.fun/live/hai-xia-wei-shi.m3u8
[VGA]重庆卫视,https://t.freetv.fun/live/zhong-qing-wei-shi-24.m3u8
[HD]海峡卫视,https://t.freetv.fun/live/hai-xia-wei-shi-1.m3u8
[VGA]重庆卫视,https://t.freetv.fun/live/zhong-qing-wei-shi-28.m3u8
[BD]海峡卫视,https://t.freetv.fun/live/hai-xia-wei-shi-2.m3u8
[BD]金川新闻综合,rtmp://139.203.180.9/live/zhxw
[BD]海峡卫视,https://t.freetv.fun/live/hai-xia-wei-shi-3.m3u8
[SD]金鹰卡通,https://t.freetv.fun/live/jin-ying-qia-tong.m3u8
[BD]海峡卫视,https://t.freetv.fun/live/hai-xia-wei-shi-4.m3u8
[SD]金鹰卡通,https://t.freetv.fun/live/jin-ying-qia-tong-1.m3u8
[BD]海峡卫视,https://t.freetv.fun/live/hai-xia-wei-shi-5.m3u8
[VGA]金鹰卡通,https://t.freetv.fun/live/jin-ying-qia-tong-2.m3u8
[BD]海峡卫视,https://t.freetv.fun/live/hai-xia-wei-shi-6.m3u8
[SD]金鹰卡通,https://t.freetv.fun/live/jin-ying-qia-tong-4.m3u8
[SD]海绵宝宝,https://t.freetv.fun/live/hai-mian-bao-bao.m3u8
[SD]金鹰卡通,https://t.freetv.fun/live/jin-ying-qia-tong-5.m3u8
[SD]海绵宝宝,https://t.freetv.fun/live/hai-mian-bao-bao-1.flv
[BD]金鹰卡通,https://t.freetv.fun/live/jin-ying-qia-tong-9.m3u8
[BD]深圳卫视,https://t.freetv.fun/live/shen-zhen-wei-shi-7.m3u8
[BD]金鹰卡通,https://t.freetv.fun/live/jin-ying-qia-tong-3.m3u8
[BD]深圳卫视,https://t.freetv.fun/live/shen-zhen-wei-shi-9.m3u8
[SD]金鹰卡通,https://t.freetv.fun/live/jin-ying-qia-tong-6.m3u8
[BD]深圳卫视,https://t.freetv.fun/live/shen-zhen-wei-shi-14.m3u8
[SD]金鹰卡通,https://t.freetv.fun/live/jin-ying-qia-tong-7.m3u8
[BD]深圳卫视,https://t.freetv.fun/live/shen-zhen-wei-shi-16.m3u8
[SD]金鹰卡通,https://t.freetv.fun/live/jin-ying-qia-tong-8.m3u8
[BD]深圳卫视,https://t.freetv.fun/live/shen-zhen-wei-shi-27.m3u8
[BD]金鹰纪实,https://t.freetv.fun/live/jin-ying-ji-shi.m3u8
[BD]深圳卫视,https://t.freetv.fun/live/shen-zhen-wei-shi-20.m3u8
[VGA]金鹰纪实,https://t.freetv.fun/live/jin-ying-ji-shi-1.m3u8
[BD]深圳卫视,https://t.freetv.fun/live/shen-zhen-wei-shi-6.m3u8
[BD]金鹰纪实,https://t.freetv.fun/live/jin-ying-ji-shi-2.m3u8
[BD]深圳卫视,https://t.freetv.fun/live/shen-zhen-wei-shi-26.m3u8
[BD]金鹰纪实,https://t.freetv.fun/live/jin-ying-ji-shi-3.m3u8
[BD]深圳卫视,https://t.freetv.fun/live/shen-zhen-wei-shi-29.m3u8
[BD]金鹰纪实,https://t.freetv.fun/live/jin-ying-ji-shi-4.m3u8
[BD]深圳卫视,https://t.freetv.fun/live/shen-zhen-wei-shi-19.m3u8
[BD]金鹰纪实,https://t.freetv.fun/live/jin-ying-ji-shi-5.m3u8
[VGA]深圳卫视,https://t.freetv.fun/live/shen-zhen-wei-shi.m3u8
[BD]金鹰纪实,https://t.freetv.fun/live/jin-ying-ji-shi-6.m3u8
[BD]深圳卫视,https://t.freetv.fun/live/shen-zhen-wei-shi-1.m3u8
[BD]金鹰纪实,https://t.freetv.fun/live/jin-ying-ji-shi-7.m3u8
[SD]深圳卫视,https://t.freetv.fun/live/shen-zhen-wei-shi-2.m3u8
[BD]镇江新闻,rtmp://zjtv-wshls.homecdn.com/live/2aa16
[BD]深圳卫视,https://t.freetv.fun/live/shen-zhen-wei-shi-3.m3u8
[SD]江夏新闻综合,https://t.freetv.fun/live/jiang-xia-xin-wen-zong-he-1.m3u8
[BD]深圳卫视,https://t.freetv.fun/live/shen-zhen-wei-shi-4.m3u8
[VGA]江夏新闻综合,https://t.freetv.fun/live/jiang-xia-xin-wen-zong-he-1.m3u8
[BD]深圳卫视,https://t.freetv.fun/live/shen-zhen-wei-shi-5.m3u8
[BD]江津新闻综合,https://t.freetv.fun/live/jiang-jin-xin-wen-zong-he-1-1.m3u8
[BD]深圳卫视,https://t.freetv.fun/live/shen-zhen-wei-shi-8.m3u8
[BD]镇江新闻综合,https://t.freetv.fun/live/zhen-jiang-xin-wen-zong-he.m3u8
[BD]深圳卫视,https://t.freetv.fun/live/shen-zhen-wei-shi-10.m3u8
[BD]镇江新闻综合,https://t.freetv.fun/live/zhen-jiang-xin-wen-zong-he-2.m3u8
[BD]深圳卫视,https://t.freetv.fun/live/shen-zhen-wei-shi-11.m3u8
[VGA]镇江新闻综合,https://t.freetv.fun/live/zhen-jiang-xin-wen-zong-he-3.m3u8
[SD]深圳卫视,https://t.freetv.fun/live/shen-zhen-wei-shi-12.m3u8
[BD]江津新闻综合,https://t.freetv.fun/live/jiang-jin-xin-wen-zong-he-1-1.m3u8
[BD]深圳卫视,https://t.freetv.fun/live/shen-zhen-wei-shi-13.m3u8
[VGA]江津新闻综合,https://t.freetv.fun/live/jiang-jin-xin-wen-zong-he-2.m3u8
[BD]深圳卫视,https://t.freetv.fun/live/shen-zhen-wei-shi-15.m3u8
[BD]镇江新闻综合,https://t.freetv.fun/live/zhen-jiang-xin-wen-zong-he-4.m3u8
[BD]深圳卫视,https://t.freetv.fun/live/shen-zhen-wei-shi-17.m3u8
[BD]镇江新闻综合,https://t.freetv.fun/live/zhen-jiang-xin-wen-zong-he-5.m3u8
[BD]深圳卫视,https://t.freetv.fun/live/shen-zhen-wei-shi-18.m3u8
[BD]镇江新闻综合,https://t.freetv.fun/live/zhen-jiang-xin-wen-zong-he-7.m3u8
[BD]深圳卫视,https://t.freetv.fun/live/shen-zhen-wei-shi-21.m3u8
[SD]长春双阳综合,https://t.freetv.fun/live/chang-chun-shuang-yang-zong-he.m3u8
[BD]深圳卫视,https://t.freetv.fun/live/shen-zhen-wei-shi-22.m3u8
[HD]陕西新闻资讯,https://t.freetv.fun/live/shan-xi-xin-wen-zi-xun-1.m3u8
[BD]深圳卫视,https://t.freetv.fun/live/shen-zhen-wei-shi-23.m3u8
[BD]陕西卫视,https://t.freetv.fun/live/shan-xi-wei-shi.m3u8
[BD]深圳卫视,https://t.freetv.fun/live/shen-zhen-wei-shi-24.m3u8
[BD]陕西卫视,https://t.freetv.fun/live/shan-xi-wei-shi-6.m3u8
[BD]深圳卫视,https://t.freetv.fun/live/shen-zhen-wei-shi-25.m3u8
[HD]陕西卫视,https://t.freetv.fun/live/shan-xi-wei-shi-8.m3u8
[BD]深圳卫视,https://t.freetv.fun/live/shen-zhen-wei-shi-28.m3u8
[BD]陕西卫视,https://t.freetv.fun/live/shan-xi-wei-shi-1-1.m3u8
[BD]深圳卫视,https://t.freetv.fun/live/shen-zhen-wei-shi-30.m3u8
[BD]陕西卫视,https://t.freetv.fun/live/shan-xi-wei-shi-2.m3u8
[BD]深圳卫视,https://t.freetv.fun/live/shen-zhen-wei-shi-31.m3u8
[HD]陕西卫视,https://t.freetv.fun/live/shan-xi-wei-shi-9-1.m3u8
[BD]深圳卫视,https://t.freetv.fun/live/shen-zhen-wei-shi-32.m3u8
[BD]陕西卫视,https://t.freetv.fun/live/shan-xi-wei-shi-17.m3u8
[BD]深圳卫视,https://t.freetv.fun/live/shen-zhen-wei-shi-33.m3u8
[BD]陕西卫视,https://t.freetv.fun/live/shan-xi-wei-shi-3-1.m3u8
[BD]深圳卫视,https://t.freetv.fun/live/shen-zhen-wei-shi-34.m3u8
[BD]陕西卫视,https://t.freetv.fun/live/shan-xi-wei-shi-4.m3u8
[BD]湖北卫视,https://t.freetv.fun/live/hu-bei-wei-shi-2.m3u8
[SD]陕西卫视,https://t.freetv.fun/live/shan-xi-wei-shi-5-1.m3u8
[BD]湖北卫视,https://t.freetv.fun/live/hu-bei-wei-shi-3.m3u8
[BD]陕西卫视,https://t.freetv.fun/live/shan-xi-wei-shi-10-1.m3u8
[BD]湖北卫视,https://t.freetv.fun/live/hu-bei-wei-shi-6.m3u8
[BD]陕西卫视,https://t.freetv.fun/live/shan-xi-wei-shi-11-1.m3u8
[BD]湖北卫视,https://t.freetv.fun/live/hu-bei-wei-shi-8.m3u8
[BD]陕西卫视,https://t.freetv.fun/live/shan-xi-wei-shi-12-1.m3u8
[BD]湖北卫视,https://t.freetv.fun/live/hu-bei-wei-shi-10.m3u8
[BD]陕西卫视,https://t.freetv.fun/live/shan-xi-wei-shi-13-1.m3u8
[BD]湖北卫视,https://t.freetv.fun/live/hu-bei-wei-shi-15.m3u8
[BD]陕西卫视,https://t.freetv.fun/live/shan-xi-wei-shi-14-1.m3u8
[BD]湖北卫视,https://t.freetv.fun/live/hu-bei-wei-shi-16.m3u8
[BD]陕西卫视,https://t.freetv.fun/live/shan-xi-wei-shi-15.m3u8
[BD]湖北卫视,https://t.freetv.fun/live/hu-bei-wei-shi-17.m3u8
[BD]陕西卫视,https://t.freetv.fun/live/shan-xi-wei-shi-16.m3u8
[SD]湖北卫视,https://t.freetv.fun/live/hu-bei-wei-shi-18.m3u8
[BD]陕西卫视,https://t.freetv.fun/live/shan-xi-wei-shi-18.m3u8
[BD]湖北卫视,https://t.freetv.fun/live/hu-bei-wei-shi.m3u8
[BD]陕西卫视,https://t.freetv.fun/live/shan-xi-wei-shi-21.m3u8
[BD]湖北卫视,https://t.freetv.fun/live/hu-bei-wei-shi-7.m3u8
[SD]陕西都市青春,https://t.freetv.fun/live/shan-xi-du-shi-qing-chun.m3u8
[HD]湖北卫视,https://t.freetv.fun/live/hu-bei-wei-shi-1.m3u8
[HD]陕西都市青春,https://t.freetv.fun/live/shan-xi-du-shi-qing-chun-2.m3u8
[BD]湖北卫视,https://t.freetv.fun/live/hu-bei-wei-shi-13.m3u8
[HD]陕西体育休闲,https://t.freetv.fun/live/shan-xi-ti-yu-xiu-xian.m3u8
[HD]湖北卫视,https://t.freetv.fun/live/hu-bei-wei-shi-4.m3u8
[HD]陕西体育休闲,https://t.freetv.fun/live/shan-xi-ti-yu-xiu-xian-1.m3u8
[HD]湖北卫视,https://t.freetv.fun/live/hu-bei-wei-shi-5.m3u8
[HD]云南影视,rtmp://hwzbout.yntv.net/62hdvf/utrat7
[BD]湖北卫视,https://t.freetv.fun/live/hu-bei-wei-shi-9.m3u8
[BD]云南卫视,https://t.freetv.fun/live/yun-nan-wei-shi-2.m3u8
[BD]湖北卫视,https://t.freetv.fun/live/hu-bei-wei-shi-11.m3u8
[HD]云南卫视,https://t.freetv.fun/live/yun-nan-wei-shi-3.m3u8
[BD]湖北卫视,https://t.freetv.fun/live/hu-bei-wei-shi-12.m3u8
[BD]云南卫视,https://t.freetv.fun/live/yun-nan-wei-shi-9.m3u8
[HD]湖北卫视,https://t.freetv.fun/live/hu-bei-wei-shi-14.m3u8
[BD]云南卫视,https://t.freetv.fun/live/yun-nan-wei-shi-4.m3u8
[BD]湖北卫视,https://t.freetv.fun/live/hu-bei-wei-shi-19.m3u8
[SD]云南卫视,https://t.freetv.fun/live/yun-nan-wei-shi-11.m3u8
[BD]湖北卫视,https://t.freetv.fun/live/hu-bei-wei-shi-20.m3u8
[BD]云南卫视,https://t.freetv.fun/live/yun-nan-wei-shi-21.m3u8
[BD]湖北卫视,https://t.freetv.fun/live/hu-bei-wei-shi-22.m3u8
[BD]云南卫视,https://t.freetv.fun/live/yun-nan-wei-shi-13.m3u8
[BD]湖北卫视,https://t.freetv.fun/live/hu-bei-wei-shi-23.m3u8
[BD]云南卫视,https://t.freetv.fun/live/yun-nan-wei-shi.m3u8
[BD]湖北卫视,https://t.freetv.fun/live/hu-bei-wei-shi-24.m3u8
[BD]云南卫视,https://t.freetv.fun/live/yun-nan-wei-shi-5.m3u8
[BD]湖北卫视,https://t.freetv.fun/live/hu-bei-wei-shi-25.m3u8
[BD]云南卫视,https://t.freetv.fun/live/yun-nan-wei-shi-7.m3u8
[VGA]湖南国际,https://t.freetv.fun/live/hu-nan-guo-ji.m3u8
[BD]云南卫视,https://t.freetv.fun/live/yun-nan-wei-shi-8.m3u8
[VGA]湖南娱乐,https://t.freetv.fun/live/hu-nan-yu-le.m3u8
[SD]云南卫视,https://t.freetv.fun/live/yun-nan-wei-shi-12.m3u8
[HD]湖南娱乐,https://t.freetv.fun/live/hu-nan-yu-le-1.m3u8
[SD]云南卫视,https://t.freetv.fun/live/yun-nan-wei-shi-14.m3u8
[HD]湖南娱乐,https://t.freetv.fun/live/hu-nan-yu-le-2.m3u8
[BD]云南卫视,https://t.freetv.fun/live/yun-nan-wei-shi-15.m3u8
[HD]湖南娱乐,https://t.freetv.fun/live/hu-nan-yu-le-3.m3u8
[BD]云南卫视,https://t.freetv.fun/live/yun-nan-wei-shi-16.m3u8
[HD]湖南教育,https://t.freetv.fun/live/hu-nan-jiao-yu.m3u8
[BD]云南卫视,https://t.freetv.fun/live/yun-nan-wei-shi-17.m3u8
[HD]湖南教育,https://t.freetv.fun/live/hu-nan-jiao-yu-1.m3u8
[SD]云南卫视,https://t.freetv.fun/live/yun-nan-wei-shi-18.m3u8
[VGA]湖南经视,https://t.freetv.fun/live/hu-nan-jing-shi.m3u8
[BD]云南卫视,https://t.freetv.fun/live/yun-nan-wei-shi-19.m3u8
[HD]湖州公共,https://t.freetv.fun/live/hu-zhou-gong-gong-6.m3u8
[SD]云南卫视,https://t.freetv.fun/live/yun-nan-wei-shi-20.m3u8
[HD]湖州文化娱乐,https://t.freetv.fun/live/hu-zhou-wen-hua-yu-le-1.m3u8
[BD]云南卫视,https://t.freetv.fun/live/yun-nan-wei-shi-23.m3u8
[HD]泸州新闻综合,https://t.freetv.fun/live/lu-zhou-xin-wen-zong-he.m3u8
[SD]云南卫视,https://t.freetv.fun/live/yun-nan-wei-shi-24.m3u8
[BD]赣州新闻综合,https://t.freetv.fun/live/gan-zhou-xin-wen-zong-he-1.m3u8
[SD]云南卫视,https://t.freetv.fun/live/yun-nan-wei-shi-26.m3u8
[HD]湖州新闻综合,https://t.freetv.fun/live/hu-zhou-xin-wen-zong-he-3.m3u8
[SD]云南卫视,https://t.freetv.fun/live/yun-nan-wei-shi-27.m3u8
[BD]重庆|江津新闻综合,https://t.freetv.fun/live/zhong-qing-jiang-jin-xin-wen-zong-he.m3u8
[BD]云南卫视,https://t.freetv.fun/live/yun-nan-wei-shi-28.m3u8
[SD]江夏新闻综合,https://t.freetv.fun/live/jiang-xia-xin-wen-zong-he-2.m3u8
[SD]云南卫视-,https://t.freetv.fun/live/yun-nan-wei-shi-1.m3u8
[SD]江夏新闻综合,https://t.freetv.fun/live/jiang-xia-xin-wen-zong-he-4.m3u8
[HD]云南都市,https://t.freetv.fun/live/yun-nan-du-shi.m3u8
[BD]江津新闻综合,https://t.freetv.fun/live/jiang-jin-xin-wen-zong-he.m3u8
[VGA]云南都市,https://t.freetv.fun/live/yun-nan-du-shi-1.m3u8
[HD]江阴新闻综合,https://t.freetv.fun/live/jiang-yin-xin-wen-zong-he-1.m3u8
[BD]电影,https://t.freetv.fun/live/dian-ying-2.flv
[BD]经济科教高清,https://t.freetv.fun/live/jing-ji-ke-jiao-gao-qing.m3u8
[VGA]电影,https://t.freetv.fun/live/dian-ying-4.flv
[BD]经济科教高清,https://t.freetv.fun/live/jing-ji-ke-jiao-gao-qing-1.m3u8
[SD]电影,https://t.freetv.fun/live/dian-ying-6.flv
[BD]经济科教高清,https://t.freetv.fun/live/jing-ji-ke-jiao-gao-qing-3.m3u8
[BD]靖天卡通 *$,https://t.freetv.fun/live/jing-tian-qia-tong.m3u8
[BD]经济科教高清,https://t.freetv.fun/live/jing-ji-ke-jiao-gao-qing-4.m3u8
[BD]靖天戲劇,https://t.freetv.fun/live/jing-tian-xi-ju-1.php
[BD]经济科教高清,https://t.freetv.fun/live/jing-ji-ke-jiao-gao-qing-5.m3u8
[BD]靖天戲劇,https://t.freetv.fun/live/jing-tian-xi-ju-2.m3u8
[BD]经济科教高清,https://t.freetv.fun/live/jing-ji-ke-jiao-gao-qing-6.m3u8
[BD]靖天映畫,https://t.freetv.fun/live/jing-tian-ying-hua-1.php
[BD]经济科教高清,https://t.freetv.fun/live/jing-ji-ke-jiao-gao-qing-7.m3u8
[BD]靖天映畫,https://t.freetv.fun/live/jing-tian-ying-hua-2.m3u8
[BD]经济科教高清,https://t.freetv.fun/live/jing-ji-ke-jiao-gao-qing-8.m3u8
[BD]靖天映畫,https://t.freetv.fun/live/jing-tian-ying-hua-3.m3u8
[BD]经济科教高清,https://t.freetv.fun/live/jing-ji-ke-jiao-gao-qing-9.m3u8
[BD]靖天電影,https://t.freetv.fun/live/jing-tian-dian-ying.php
[BD]经济科教高清,https://t.freetv.fun/live/jing-ji-ke-jiao-gao-qing-10.m3u8
[BD]靖天電影,https://t.freetv.fun/live/jing-tian-dian-ying-1.m3u8
[BD]经济科教高清,https://t.freetv.fun/live/jing-ji-ke-jiao-gao-qing-12.m3u8
[BD]靖天電影,https://t.freetv.fun/live/jing-tian-dian-ying-2.m3u8
[BD]经济科教高清,https://t.freetv.fun/live/jing-ji-ke-jiao-gao-qing-13.m3u8
[BD]非凡新聞,https://t.freetv.fun/live/fei-fan-xin-wen.php
[BD]经济科教高清,https://t.freetv.fun/live/jing-ji-ke-jiao-gao-qing-14.m3u8
[HD]非凡新闻,rtmp://f13h.mine.nu/sat/tv581
[BD]经济科教高清,https://t.freetv.fun/live/jing-ji-ke-jiao-gao-qing-15.m3u8
[BD]韶关综合,https://t.freetv.fun/live/shao-guan-zong-he.m3u8
[BD]潮州综合高清,https://t.freetv.fun/live/chao-zhou-zong-he-gao-qing-1.m3u8
[VGA]韶关综合,https://t.freetv.fun/live/shao-guan-zong-he-1.m3u8
[BD]潮州综合高清,https://t.freetv.fun/live/chao-zhou-zong-he-gao-qing-2.m3u8
[SD]凤凰卫视 *$,https://t.freetv.fun/live/feng-huang-wei-shi.m3u8
[BD]潮州综合高清,https://t.freetv.fun/live/chao-zhou-zong-he-gao-qing-3.m3u8
[BD]凤凰卫视中文,https://t.freetv.fun/live/feng-huang-wei-shi-zhong-wen.m3u8
[BD]潮州综合高清,https://t.freetv.fun/live/chao-zhou-zong-he-gao-qing-4.m3u8
[BD]凤凰卫视中文,https://t.freetv.fun/live/feng-huang-wei-shi-zhong-wen-1.m3u8
[BD]潮州综合高清,https://t.freetv.fun/live/chao-zhou-zong-he-gao-qing-6.m3u8
[SD]凤凰中文 *$,https://t.freetv.fun/live/feng-huang-zhong-wen.m3u8
[BD]潮州综合高清,https://t.freetv.fun/live/chao-zhou-zong-he-gao-qing-8.m3u8
[BD]凤凰卫视资讯,https://t.freetv.fun/live/feng-huang-wei-shi-zi-xun.m3u8
[BD]潮州综合高清,https://t.freetv.fun/live/chao-zhou-zong-he-gao-qing-9.m3u8
[BD]凤凰卫视资讯,https://t.freetv.fun/live/feng-huang-wei-shi-zi-xun-1.m3u8
[BD]潮州综合高清,https://t.freetv.fun/live/chao-zhou-zong-he-gao-qing-12.m3u8
[BD]凤凰电影,https://t.freetv.fun/live/feng-huang-dian-ying.m3u8
[BD]潮州综合高清,https://t.freetv.fun/live/chao-zhou-zong-he-gao-qing-13.m3u8
[SD]凤凰电影 *$,https://t.freetv.fun/live/feng-huang-dian-ying-1.m3u8
[BD]潮州综合高清,https://t.freetv.fun/live/chao-zhou-zong-he-gao-qing-14.m3u8
[HD]盐城新闻综合,https://t.freetv.fun/live/yan-cheng-xin-wen-zong-he-1.m3u8
[BD]潮州综合高清,https://t.freetv.fun/live/chao-zhou-zong-he-gao-qing-15.m3u8
[BD]丽水新闻综合,https://t.freetv.fun/live/li-shui-xin-wen-zong-he.m3u8
[BD]潮州综合高清,https://t.freetv.fun/live/chao-zhou-zong-he-gao-qing-16.m3u8
[HD]溧水新闻综合,https://t.freetv.fun/live/li-shui-xin-wen-zong-he-3.m3u8
[BD]潮州综合高清,https://t.freetv.fun/live/chao-zhou-zong-he-gao-qing-17.m3u8
[BD]黑龙江卫视,https://t.freetv.fun/live/hei-long-jiang-wei-shi-2.m3u8
[BD]潮州综合高清,https://t.freetv.fun/live/chao-zhou-zong-he-gao-qing-18.m3u8
[BD]黑龙江卫视,https://t.freetv.fun/live/hei-long-jiang-wei-shi-9.m3u8
[BD]澳门莲花,https://t.freetv.fun/live/ao-men-lian-hua.php
[HD]黑龙江卫视,https://t.freetv.fun/live/hei-long-jiang-wei-shi-3.m3u8
[BD]无线新闻b,https://t.freetv.fun/live/wu-xian-xin-wen-b.php
[BD]黑龙江卫视,https://t.freetv.fun/live/hei-long-jiang-wei-shi-4.m3u8
[HD]无锡娱乐,https://t.freetv.fun/live/wu-xi-yu-le.m3u8
[BD]黑龙江卫视,https://t.freetv.fun/live/hei-long-jiang-wei-shi-6.m3u8
[HD]无锡娱乐,https://t.freetv.fun/live/wu-xi-yu-le-1.m3u8
[BD]黑龙江卫视,https://t.freetv.fun/live/hei-long-jiang-wei-shi-7.m3u8
[BD]无锡新闻综合,https://t.freetv.fun/live/wu-xi-xin-wen-zong-he.m3u8
[BD]黑龙江卫视,https://t.freetv.fun/live/hei-long-jiang-wei-shi-20.m3u8
[BD]无锡新闻综合,https://t.freetv.fun/live/wu-xi-xin-wen-zong-he-1.m3u8
[BD]黑龙江卫视,https://t.freetv.fun/live/hei-long-jiang-wei-shi.m3u8
[BD]无锡新闻综合,https://t.freetv.fun/live/wu-xi-xin-wen-zong-he-2.m3u8
[BD]黑龙江卫视,https://t.freetv.fun/live/hei-long-jiang-wei-shi-5.m3u8
[BD]无锡新闻综合,https://t.freetv.fun/live/wu-xi-xin-wen-zong-he-3.m3u8
[BD]黑龙江卫视,https://t.freetv.fun/live/hei-long-jiang-wei-shi-16.m3u8
[HD]无锡生活,https://t.freetv.fun/live/wu-xi-sheng-huo.m3u8
[BD]黑龙江卫视,https://t.freetv.fun/live/hei-long-jiang-wei-shi-17.m3u8
[HD]无锡生活,https://t.freetv.fun/live/wu-xi-sheng-huo-1.m3u8
[BD]黑龙江卫视,https://t.freetv.fun/live/hei-long-jiang-wei-shi-18.m3u8
[HD]无锡经济,https://t.freetv.fun/live/wu-xi-jing-ji.m3u8
[BD]黑龙江卫视,https://t.freetv.fun/live/hei-long-jiang-wei-shi-1.m3u8
[HD]无锡经济,https://t.freetv.fun/live/wu-xi-jing-ji-1.m3u8
[BD]黑龙江卫视,https://t.freetv.fun/live/hei-long-jiang-wei-shi-8.m3u8
[HD]无锡都市资讯,https://t.freetv.fun/live/wu-xi-du-shi-zi-xun.m3u8
[BD]黑龙江卫视,https://t.freetv.fun/live/hei-long-jiang-wei-shi-10.m3u8
[HD]无锡都市资讯,https://t.freetv.fun/live/wu-xi-du-shi-zi-xun-1.m3u8
[BD]黑龙江卫视,https://t.freetv.fun/live/hei-long-jiang-wei-shi-13.m3u8
[HD]无锡都市资讯,https://t.freetv.fun/live/wu-xi-du-shi-zi-xun-2.m3u8
[BD]黑龙江卫视,https://t.freetv.fun/live/hei-long-jiang-wei-shi-14.m3u8
[BD]甘肃卫视,https://t.freetv.fun/live/gan-su-wei-shi-1.m3u8
[BD]黑龙江卫视,https://t.freetv.fun/live/hei-long-jiang-wei-shi-15.m3u8
[BD]甘肃卫视,https://t.freetv.fun/live/gan-su-wei-shi-9.m3u8
[SD]黑龙江卫视,https://t.freetv.fun/live/hei-long-jiang-wei-shi-19.m3u8
[HD]甘肃卫视,https://t.freetv.fun/live/gan-su-wei-shi.m3u8
[BD]黑龙江卫视,https://t.freetv.fun/live/hei-long-jiang-wei-shi-21.m3u8
[SD]甘肃卫视,https://t.freetv.fun/live/gan-su-wei-shi-6.m3u8
[BD]龍華偶像,https://t.freetv.fun/live/long-hua-ou-xiang-1.php
[SD]甘肃卫视,https://t.freetv.fun/live/gan-su-wei-shi-18.m3u8
[BD]龍華偶像,https://t.freetv.fun/live/long-hua-ou-xiang-2.m3u8
[SD]甘肃卫视,https://t.freetv.fun/live/gan-su-wei-shi-5.m3u8
[HD]龍華卡通,https://t.freetv.fun/live/long-hua-qia-tong.php
[SD]甘肃卫视,https://t.freetv.fun/live/gan-su-wei-shi-2.m3u8
[HD]龍華卡通,https://t.freetv.fun/live/long-hua-qia-tong-1.m3u8
[SD]甘肃卫视,https://t.freetv.fun/live/gan-su-wei-shi-3.m3u8
[BD]龍華戲劇,https://t.freetv.fun/live/long-hua-xi-ju.php
[SD]甘肃卫视,https://t.freetv.fun/live/gan-su-wei-shi-4.m3u8
[BD]龍華戲劇,https://t.freetv.fun/live/long-hua-xi-ju-1.m3u8
[SD]甘肃卫视,https://t.freetv.fun/live/gan-su-wei-shi-7.m3u8
[BD]龍華日韓,https://t.freetv.fun/live/long-hua-ri-han.php
[BD]甘肃卫视,https://t.freetv.fun/live/gan-su-wei-shi-8.m3u8
[BD]龍華日韓,https://t.freetv.fun/live/long-hua-ri-han-1.m3u8
[SD]甘肃卫视,https://t.freetv.fun/live/gan-su-wei-shi-10.m3u8
[BD]龍華洋片,https://t.freetv.fun/live/long-hua-yang-pian.php
[SD]甘肃卫视,https://t.freetv.fun/live/gan-su-wei-shi-11.m3u8
[BD]龍華洋片,https://t.freetv.fun/live/long-hua-yang-pian-1.m3u8
[SD]甘肃卫视,https://t.freetv.fun/live/gan-su-wei-shi-13.m3u8
[BD]龍華經典,https://t.freetv.fun/live/long-hua-jing-dian-1.php
[SD]甘肃卫视,https://t.freetv.fun/live/gan-su-wei-shi-15.m3u8
[BD]龍華經典,https://t.freetv.fun/live/long-hua-jing-dian-2.m3u8
[SD]甘肃卫视,https://t.freetv.fun/live/gan-su-wei-shi-16.m3u8
[BD]龍華電影,https://t.freetv.fun/live/long-hua-dian-ying-1.php
[SD]甘肃卫视,https://t.freetv.fun/live/gan-su-wei-shi-17.m3u8
[BD]龍華電影,https://t.freetv.fun/live/long-hua-dian-ying-2.m3u8
[SD]甘肃卫视,https://t.freetv.fun/live/gan-su-wei-shi-19.m3u8
[BD]甘肃卫视,https://t.freetv.fun/live/gan-su-wei-shi-20.m3u8
[BD]生命电视 *$,https://t.freetv.fun/live/sheng-ming-dian-shi.m3u8
[SD]生活时尚,https://t.freetv.fun/live/sheng-huo-shi-shang.m3u8
[BD]生活时尚,https://t.freetv.fun/live/sheng-huo-shi-shang-2.m3u8
[HD]眉山丹棱综合,https://t.freetv.fun/live/mei-shan-dan-leng-zong-he.m3u8
[BD]第一财经,https://t.freetv.fun/live/di-yi-cai-jing.m3u8
[VGA]上海第一财经,https://t.freetv.fun/live/shang-hai-di-yi-cai-jing.m3u8
[VGA]上海第一财经,https://t.freetv.fun/live/shang-hai-di-yi-cai-jing-2.m3u8
[SD]第一财经,https://t.freetv.fun/live/di-yi-cai-jing-1.m3u8
[BD]第一财经,https://t.freetv.fun/live/di-yi-cai-jing-2.m3u8
[HD]绍兴文化影视,https://t.freetv.fun/live/shao-xing-wen-hua-ying-shi-1.m3u8
[HD]绍兴文化影院,https://t.freetv.fun/live/shao-xing-wen-hua-ying-yuan-2.m3u8
[HD]绍兴文化影视,https://t.freetv.fun/live/shao-xing-wen-hua-ying-shi-1.m3u8
[SD]绍兴新闻,https://t.freetv.fun/live/shao-xing-xin-wen.m3u8
[BD]經典卡通,https://t.freetv.fun/live/jing-dian-qia-tong-1.m3u8
[HD]经典电影,https://t.freetv.fun/live/jing-dian-dian-ying.m3u8
[HD]经典香港电影,https://t.freetv.fun/live/jing-dian-xiang-gang-dian-ying.m3u8
[BD]經典電影,https://t.freetv.fun/live/jing-dian-dian-ying-3.m3u8
[HD]纬来日本,rtmp://f13h.mine.nu/sat/tv771
[BD]纬来精彩 *$,https://t.freetv.fun/live/wei-lai-jing-cai-1.m3u8
[HD]纬来育乐,rtmp://f13h.mine.nu/sat/tv701
[BD]纬来体育,https://t.freetv.fun/live/wei-lai-ti-yu.m3u8
[HD]緯來體育,rtmp://f13h.mine.nu/sat/tv721
[SD]纬来体育,rtmp://f13h.mine.nu/sat/tv721
[HD]纬来体育,rtmp://f13h.mine.nu/sat/tv721
[HD]美亚电影,https://t.freetv.fun/live/mei-ya-dian-ying.m3u8
[BD]翡翠台 *$,https://t.freetv.fun/live/fei-cui-tai-2.m3u8
[BD]翡翠台,https://t.freetv.fun/live/fei-cui-tai.m3u8
[BD]翡翠,https://t.freetv.fun/live/fei-cui.m3u8
[SD]翡翠,https://t.freetv.fun/live/fei-cui-2.m3u8
[BD]翡翠,https://t.freetv.fun/live/fei-cui-3.m3u8
[HD]翡翠,https://t.freetv.fun/live/fei-cui-4.m3u8
[HD]台視,https://t.freetv.fun/live/tai-shi.ts
[BD]台視新聞,https://t.freetv.fun/live/tai-shi-xin-wen.m3u8
[HD]台视综合 *$,https://t.freetv.fun/live/tai-shi-zong-he.m3u8
[BD]台视财经,https://t.freetv.fun/live/tai-shi-cai-jing.ts
[BD]台视财经 *$,https://t.freetv.fun/live/tai-shi-cai-jing-1.m3u8
[HD]萧山新闻综合,https://t.freetv.fun/live/xiao-shan-xin-wen-zong-he-1.m3u8
[VGA]萧山新闻综合,https://t.freetv.fun/live/xiao-shan-xin-wen-zong-he-1.m3u8
[BD]荆门新闻综合,https://t.freetv.fun/live/jing-men-xin-wen-zong-he.m3u8
[BD]荆门新闻综合,https://t.freetv.fun/live/jing-men-xin-wen-zong-he-1-1.m3u8
[BD]荆门新闻综合,https://t.freetv.fun/live/jing-men-xin-wen-zong-he-1-1.m3u8
[BD]荆门新闻综合,https://t.freetv.fun/live/jing-men-xin-wen-zong-he-2.m3u8
[BD]荆门新闻综合,https://t.freetv.fun/live/jing-men-xin-wen-zong-he-5.m3u8
[VGA]华藏卫视 *$,https://t.freetv.fun/live/hua-cang-wei-shi.m3u8
[HD]华视,rtmp://f13h.mine.nu/sat/tv111
[BD]华视,rtmp://f13h.mine.nu/sat/tv111
[BD]华视,https://t.freetv.fun/live/hua-shi-1-1.ts
[BD]华视 *$,https://t.freetv.fun/live/hua-shi-3.m3u8
[BD]華視,https://t.freetv.fun/live/hua-shi-2.ts
[BD]華視,https://t.freetv.fun/live/hua-shi-1-2.m3u8
[BD]华视新闻 *$,https://t.freetv.fun/live/hua-shi-xin-wen-1.m3u8
[BD]西藏卫视,https://t.freetv.fun/live/xi-cang-wei-shi-10.m3u8
[BD]西藏卫视,https://t.freetv.fun/live/xi-cang-wei-shi-2.m3u8
[BD]西藏卫视,https://t.freetv.fun/live/xi-cang-wei-shi-4.m3u8
[SD]西藏卫视,https://t.freetv.fun/live/xi-cang-wei-shi-7.m3u8
[SD]西藏卫视,https://t.freetv.fun/live/xi-cang-wei-shi-12.m3u8
[BD]西藏卫视,https://t.freetv.fun/live/xi-cang-wei-shi-11.m3u8
[BD]西藏卫视,https://t.freetv.fun/live/xi-cang-wei-shi.m3u8
[SD]西藏卫视,https://t.freetv.fun/live/xi-cang-wei-shi-1.m3u8
[BD]西藏卫视,https://t.freetv.fun/live/xi-cang-wei-shi-3.m3u8
[BD]西藏卫视,https://t.freetv.fun/live/xi-cang-wei-shi-8.m3u8
[BD]西藏卫视,https://t.freetv.fun/live/xi-cang-wei-shi-13.m3u8
[BD]豬哥亮歌廳秀,https://t.freetv.fun/live/zhu-ge-liang-ge-ting-xiu-1.m3u8
[BD]贵州卫视,https://t.freetv.fun/live/gui-zhou-wei-shi-1.m3u8
[BD]贵州卫视,https://t.freetv.fun/live/gui-zhou-wei-shi-2.m3u8
[BD]贵州卫视,https://t.freetv.fun/live/gui-zhou-wei-shi-3.m3u8
[BD]贵州卫视,https://t.freetv.fun/live/gui-zhou-wei-shi-4.m3u8
[BD]贵州卫视,https://t.freetv.fun/live/gui-zhou-wei-shi-5.m3u8
[BD]贵州卫视,https://t.freetv.fun/live/gui-zhou-wei-shi-18.m3u8
[BD]贵州卫视,https://t.freetv.fun/live/gui-zhou-wei-shi-16.m3u8
[BD]贵州卫视,https://t.freetv.fun/live/gui-zhou-wei-shi-27.m3u8
[SD]贵州卫视,https://t.freetv.fun/live/gui-zhou-wei-shi.m3u8
[BD]贵州卫视,https://t.freetv.fun/live/gui-zhou-wei-shi-6.m3u8
[BD]贵州卫视,https://t.freetv.fun/live/gui-zhou-wei-shi-7.m3u8
[SD]贵州卫视,https://t.freetv.fun/live/gui-zhou-wei-shi-8.m3u8
[BD]贵州卫视,https://t.freetv.fun/live/gui-zhou-wei-shi-9.m3u8
[SD]贵州卫视,https://t.freetv.fun/live/gui-zhou-wei-shi-10.m3u8
[SD]贵州卫视,https://t.freetv.fun/live/gui-zhou-wei-shi-11.m3u8
[HD]贵州卫视,https://t.freetv.fun/live/gui-zhou-wei-shi-12.m3u8
[SD]贵州卫视,https://t.freetv.fun/live/gui-zhou-wei-shi-13.m3u8
[BD]贵州卫视,https://t.freetv.fun/live/gui-zhou-wei-shi-14.m3u8
[BD]贵州卫视,https://t.freetv.fun/live/gui-zhou-wei-shi-15.m3u8
[SD]贵州卫视,https://t.freetv.fun/live/gui-zhou-wei-shi-17.m3u8
[SD]贵州卫视,https://t.freetv.fun/live/gui-zhou-wei-shi-20.m3u8
[SD]贵州卫视,https://t.freetv.fun/live/gui-zhou-wei-shi-21.m3u8
[BD]贵州卫视,https://t.freetv.fun/live/gui-zhou-wei-shi-23.m3u8
[SD]贵州卫视,https://t.freetv.fun/live/gui-zhou-wei-shi-24.m3u8
[SD]贵州卫视,https://t.freetv.fun/live/gui-zhou-wei-shi-25.m3u8
[BD]贵州卫视,https://t.freetv.fun/live/gui-zhou-wei-shi-26.m3u8
[BD]农林卫视,https://t.freetv.fun/live/nong-lin-wei-shi-1.m3u8
[SD]农林卫视,https://t.freetv.fun/live/nong-lin-wei-shi.m3u8
[HD]中国农林卫视,https://t.freetv.fun/live/zhong-guo-nong-lin-wei-shi.m3u8
[HD]中国农林卫视,https://t.freetv.fun/live/zhong-guo-nong-lin-wei-shi-1.m3u8
[VGA]连云港新闻综合,https://t.freetv.fun/live/lian-yun-gang-xin-wen-zong-he-1.m3u8
[BD]辽宁公共,https://t.freetv.fun/live/liao-zhu-gong-gong.m3u8
[BD]辽宁北方,https://t.freetv.fun/live/liao-zhu-bei-fang.m3u8
[BD]辽宁影视剧,https://t.freetv.fun/live/liao-zhu-ying-shi-ju.m3u8
[BD]辽宁生活,https://t.freetv.fun/live/liao-zhu-sheng-huo.m3u8
[BD]辽宁经济,https://t.freetv.fun/live/liao-zhu-jing-ji.m3u8
[BD]辽宁卫视,https://t.freetv.fun/live/liao-zhu-wei-shi.m3u8
[BD]辽宁卫视,https://t.freetv.fun/live/liao-zhu-wei-shi-1.m3u8
[BD]辽宁卫视,https://t.freetv.fun/live/liao-zhu-wei-shi-2.m3u8
[HD]辽宁卫视,https://t.freetv.fun/live/liao-zhu-wei-shi-7.m3u8
[BD]辽宁卫视,https://t.freetv.fun/live/liao-zhu-wei-shi-9.m3u8
[HD]辽宁卫视,https://t.freetv.fun/live/liao-zhu-wei-shi-12.m3u8
[BD]辽宁卫视,https://t.freetv.fun/live/liao-zhu-wei-shi-14.m3u8
[BD]辽宁卫视,https://t.freetv.fun/live/liao-zhu-wei-shi-16.m3u8
[BD]辽宁卫视,https://t.freetv.fun/live/liao-zhu-wei-shi-13.m3u8
[BD]辽宁卫视,https://t.freetv.fun/live/liao-zhu-wei-shi-19.m3u8
[VGA]辽宁卫视,https://t.freetv.fun/live/liao-zhu-wei-shi-3.m3u8
[BD]辽宁卫视,https://t.freetv.fun/live/liao-zhu-wei-shi-5.m3u8
[BD]辽宁卫视,https://t.freetv.fun/live/liao-zhu-wei-shi-15.m3u8
[HD]辽宁卫视,https://t.freetv.fun/live/liao-zhu-wei-shi-4.m3u8
[BD]辽宁卫视,https://t.freetv.fun/live/liao-zhu-wei-shi-6.m3u8
[BD]辽宁卫视,https://t.freetv.fun/live/liao-zhu-wei-shi-8.m3u8
[BD]辽宁卫视,https://t.freetv.fun/live/liao-zhu-wei-shi-10.m3u8
[BD]辽宁卫视,https://t.freetv.fun/live/liao-zhu-wei-shi-11.m3u8
[BD]辽宁卫视,https://t.freetv.fun/live/liao-zhu-wei-shi-17.m3u8
[BD]辽宁卫视,https://t.freetv.fun/live/liao-zhu-wei-shi-18.m3u8
[SD]辽宁卫视,https://t.freetv.fun/live/liao-zhu-wei-shi-20.m3u8
[BD]辽宁卫视,https://t.freetv.fun/live/liao-zhu-wei-shi-21.m3u8
[BD]辽宁卫视,https://t.freetv.fun/live/liao-zhu-wei-shi-22.m3u8
[BD]辽宁卫视,https://t.freetv.fun/live/liao-zhu-wei-shi-23.m3u8
[BD]辽宁卫视,https://t.freetv.fun/live/liao-zhu-wei-shi-24.m3u8
[BD]辽宁卫视,https://t.freetv.fun/live/liao-zhu-wei-shi-26.m3u8
[BD]辽宁卫视,https://t.freetv.fun/live/liao-zhu-wei-shi-28.m3u8
[BD]辽宁都市,https://t.freetv.fun/live/liao-zhu-du-shi.m3u8
[HD]邢台生活,https://t.freetv.fun/live/xing-tai-sheng-huo.m3u8
[HD]邢台综合,https://t.freetv.fun/live/xing-tai-zong-he.m3u8
[VGA]徐州新闻综合,https://t.freetv.fun/live/xu-zhou-xin-wen-zong-he-1.m3u8
[BD]亳州新闻综合,rtmp://zbbf2.ahbztv.com/live/416
[BD]采昌影劇,https://t.freetv.fun/live/cai-chang-ying-ju-2.m3u8
[BD]重庆卫视,https://t.freetv.fun/live/zhong-qing-wei-shi-1.m3u8
[BD]重庆卫视,https://t.freetv.fun/live/zhong-qing-wei-shi-4.m3u8
[BD]重庆卫视,https://t.freetv.fun/live/zhong-qing-wei-shi-11.m3u8
[BD]重庆卫视,https://t.freetv.fun/live/zhong-qing-wei-shi-17.m3u8
[SD]重庆卫视,https://t.freetv.fun/live/zhong-qing-wei-shi.m3u8
[VGA]重庆卫视,https://t.freetv.fun/live/zhong-qing-wei-shi-10.m3u8
[SD]重庆卫视,https://t.freetv.fun/live/zhong-qing-wei-shi-25.m3u8
[BD]重庆卫视,https://t.freetv.fun/live/zhong-qing-wei-shi-21.m3u8
[BD]重庆卫视,https://t.freetv.fun/live/zhong-qing-wei-shi-2.m3u8
[SD]重庆卫视,https://t.freetv.fun/live/zhong-qing-wei-shi-3.m3u8
[BD]重庆卫视,https://t.freetv.fun/live/zhong-qing-wei-shi-6.m3u8
[BD]重庆卫视,https://t.freetv.fun/live/zhong-qing-wei-shi-7.m3u8
[BD]重庆卫视,https://t.freetv.fun/live/zhong-qing-wei-shi-8.m3u8
[BD]重庆卫视,https://t.freetv.fun/live/zhong-qing-wei-shi-9.m3u8
[BD]重庆卫视,https://t.freetv.fun/live/zhong-qing-wei-shi-13.m3u8
[BD]重庆卫视,https://t.freetv.fun/live/zhong-qing-wei-shi-14.m3u8
[BD]重庆卫视,https://t.freetv.fun/live/zhong-qing-wei-shi-15.m3u8
[SD]重庆卫视,https://t.freetv.fun/live/zhong-qing-wei-shi-16.m3u8
[SD]重庆卫视,https://t.freetv.fun/live/zhong-qing-wei-shi-18.m3u8
[BD]重庆卫视,https://t.freetv.fun/live/zhong-qing-wei-shi-19.m3u8
[SD]重庆卫视,https://t.freetv.fun/live/zhong-qing-wei-shi-20.m3u8
[SD]重庆卫视,https://t.freetv.fun/live/zhong-qing-wei-shi-22.m3u8
[BD]重庆卫视,https://t.freetv.fun/live/zhong-qing-wei-shi-23.m3u8
[VGA]重庆卫视,https://t.freetv.fun/live/zhong-qing-wei-shi-24.m3u8
[VGA]重庆卫视,https://t.freetv.fun/live/zhong-qing-wei-shi-28.m3u8
[BD]金川新闻综合,rtmp://139.203.180.9/live/zhxw
[SD]金鹰卡通,https://t.freetv.fun/live/jin-ying-qia-tong.m3u8
[SD]金鹰卡通,https://t.freetv.fun/live/jin-ying-qia-tong-1.m3u8
[VGA]金鹰卡通,https://t.freetv.fun/live/jin-ying-qia-tong-2.m3u8
[SD]金鹰卡通,https://t.freetv.fun/live/jin-ying-qia-tong-4.m3u8
[SD]金鹰卡通,https://t.freetv.fun/live/jin-ying-qia-tong-5.m3u8
[BD]金鹰卡通,https://t.freetv.fun/live/jin-ying-qia-tong-9.m3u8
[BD]金鹰卡通,https://t.freetv.fun/live/jin-ying-qia-tong-3.m3u8
[SD]金鹰卡通,https://t.freetv.fun/live/jin-ying-qia-tong-6.m3u8
[SD]金鹰卡通,https://t.freetv.fun/live/jin-ying-qia-tong-7.m3u8
[SD]金鹰卡通,https://t.freetv.fun/live/jin-ying-qia-tong-8.m3u8
[BD]金鹰纪实,https://t.freetv.fun/live/jin-ying-ji-shi.m3u8
[VGA]金鹰纪实,https://t.freetv.fun/live/jin-ying-ji-shi-1.m3u8
[BD]金鹰纪实,https://t.freetv.fun/live/jin-ying-ji-shi-2.m3u8
[BD]金鹰纪实,https://t.freetv.fun/live/jin-ying-ji-shi-3.m3u8
[BD]金鹰纪实,https://t.freetv.fun/live/jin-ying-ji-shi-4.m3u8
[BD]金鹰纪实,https://t.freetv.fun/live/jin-ying-ji-shi-5.m3u8
[BD]金鹰纪实,https://t.freetv.fun/live/jin-ying-ji-shi-6.m3u8
[BD]金鹰纪实,https://t.freetv.fun/live/jin-ying-ji-shi-7.m3u8
[BD]镇江新闻,rtmp://zjtv-wshls.homecdn.com/live/2aa16
[SD]江夏新闻综合,https://t.freetv.fun/live/jiang-xia-xin-wen-zong-he-1.m3u8
[VGA]江夏新闻综合,https://t.freetv.fun/live/jiang-xia-xin-wen-zong-he-1.m3u8
[BD]江津新闻综合,https://t.freetv.fun/live/jiang-jin-xin-wen-zong-he-1-1.m3u8
[BD]镇江新闻综合,https://t.freetv.fun/live/zhen-jiang-xin-wen-zong-he.m3u8
[BD]镇江新闻综合,https://t.freetv.fun/live/zhen-jiang-xin-wen-zong-he-2.m3u8
[VGA]镇江新闻综合,https://t.freetv.fun/live/zhen-jiang-xin-wen-zong-he-3.m3u8
[BD]江津新闻综合,https://t.freetv.fun/live/jiang-jin-xin-wen-zong-he-1-1.m3u8
[VGA]江津新闻综合,https://t.freetv.fun/live/jiang-jin-xin-wen-zong-he-2.m3u8
[BD]镇江新闻综合,https://t.freetv.fun/live/zhen-jiang-xin-wen-zong-he-4.m3u8
[BD]镇江新闻综合,https://t.freetv.fun/live/zhen-jiang-xin-wen-zong-he-5.m3u8
[BD]镇江新闻综合,https://t.freetv.fun/live/zhen-jiang-xin-wen-zong-he-7.m3u8
[SD]长春双阳综合,https://t.freetv.fun/live/chang-chun-shuang-yang-zong-he.m3u8
[HD]陕西新闻资讯,https://t.freetv.fun/live/shan-xi-xin-wen-zi-xun-1.m3u8
[BD]陕西卫视,https://t.freetv.fun/live/shan-xi-wei-shi.m3u8
[BD]陕西卫视,https://t.freetv.fun/live/shan-xi-wei-shi-6.m3u8
[HD]陕西卫视,https://t.freetv.fun/live/shan-xi-wei-shi-8.m3u8
[BD]陕西卫视,https://t.freetv.fun/live/shan-xi-wei-shi-1-1.m3u8
[BD]陕西卫视,https://t.freetv.fun/live/shan-xi-wei-shi-2.m3u8
[HD]陕西卫视,https://t.freetv.fun/live/shan-xi-wei-shi-9-1.m3u8
[BD]陕西卫视,https://t.freetv.fun/live/shan-xi-wei-shi-17.m3u8
[BD]陕西卫视,https://t.freetv.fun/live/shan-xi-wei-shi-3-1.m3u8
[BD]陕西卫视,https://t.freetv.fun/live/shan-xi-wei-shi-4.m3u8
[SD]陕西卫视,https://t.freetv.fun/live/shan-xi-wei-shi-5-1.m3u8
[BD]陕西卫视,https://t.freetv.fun/live/shan-xi-wei-shi-10-1.m3u8
[BD]陕西卫视,https://t.freetv.fun/live/shan-xi-wei-shi-11-1.m3u8
[BD]陕西卫视,https://t.freetv.fun/live/shan-xi-wei-shi-12-1.m3u8
[BD]陕西卫视,https://t.freetv.fun/live/shan-xi-wei-shi-13-1.m3u8
[BD]陕西卫视,https://t.freetv.fun/live/shan-xi-wei-shi-14-1.m3u8
[BD]陕西卫视,https://t.freetv.fun/live/shan-xi-wei-shi-15.m3u8
[BD]陕西卫视,https://t.freetv.fun/live/shan-xi-wei-shi-16.m3u8
[BD]陕西卫视,https://t.freetv.fun/live/shan-xi-wei-shi-18.m3u8
[BD]陕西卫视,https://t.freetv.fun/live/shan-xi-wei-shi-21.m3u8
[SD]陕西都市青春,https://t.freetv.fun/live/shan-xi-du-shi-qing-chun.m3u8
[HD]陕西都市青春,https://t.freetv.fun/live/shan-xi-du-shi-qing-chun-2.m3u8
[HD]陕西体育休闲,https://t.freetv.fun/live/shan-xi-ti-yu-xiu-xian.m3u8
[HD]陕西体育休闲,https://t.freetv.fun/live/shan-xi-ti-yu-xiu-xian-1.m3u8
[HD]云南影视,rtmp://hwzbout.yntv.net/62hdvf/utrat7
[BD]云南卫视,https://t.freetv.fun/live/yun-nan-wei-shi-2.m3u8
[HD]云南卫视,https://t.freetv.fun/live/yun-nan-wei-shi-3.m3u8
[BD]云南卫视,https://t.freetv.fun/live/yun-nan-wei-shi-9.m3u8
[BD]云南卫视,https://t.freetv.fun/live/yun-nan-wei-shi-4.m3u8
[SD]云南卫视,https://t.freetv.fun/live/yun-nan-wei-shi-11.m3u8
[BD]云南卫视,https://t.freetv.fun/live/yun-nan-wei-shi-21.m3u8
[BD]云南卫视,https://t.freetv.fun/live/yun-nan-wei-shi-13.m3u8
[BD]云南卫视,https://t.freetv.fun/live/yun-nan-wei-shi.m3u8
[BD]云南卫视,https://t.freetv.fun/live/yun-nan-wei-shi-5.m3u8
[BD]云南卫视,https://t.freetv.fun/live/yun-nan-wei-shi-7.m3u8
[BD]云南卫视,https://t.freetv.fun/live/yun-nan-wei-shi-8.m3u8
[SD]云南卫视,https://t.freetv.fun/live/yun-nan-wei-shi-12.m3u8
[SD]云南卫视,https://t.freetv.fun/live/yun-nan-wei-shi-14.m3u8
[BD]云南卫视,https://t.freetv.fun/live/yun-nan-wei-shi-15.m3u8
[BD]云南卫视,https://t.freetv.fun/live/yun-nan-wei-shi-16.m3u8
[BD]云南卫视,https://t.freetv.fun/live/yun-nan-wei-shi-17.m3u8
[SD]云南卫视,https://t.freetv.fun/live/yun-nan-wei-shi-18.m3u8
[BD]云南卫视,https://t.freetv.fun/live/yun-nan-wei-shi-19.m3u8
[SD]云南卫视,https://t.freetv.fun/live/yun-nan-wei-shi-20.m3u8
[BD]云南卫视,https://t.freetv.fun/live/yun-nan-wei-shi-23.m3u8
[SD]云南卫视,https://t.freetv.fun/live/yun-nan-wei-shi-24.m3u8
[SD]云南卫视,https://t.freetv.fun/live/yun-nan-wei-shi-26.m3u8
[SD]云南卫视,https://t.freetv.fun/live/yun-nan-wei-shi-27.m3u8
[BD]云南卫视,https://t.freetv.fun/live/yun-nan-wei-shi-28.m3u8
[SD]云南卫视-,https://t.freetv.fun/live/yun-nan-wei-shi-1.m3u8
[HD]云南都市,https://t.freetv.fun/live/yun-nan-du-shi.m3u8
[VGA]云南都市,https://t.freetv.fun/live/yun-nan-du-shi-1.m3u8
[BD]电影,https://t.freetv.fun/live/dian-ying-2.flv
[VGA]电影,https://t.freetv.fun/live/dian-ying-4.flv
[SD]电影,https://t.freetv.fun/live/dian-ying-6.flv
[BD]靖天卡通 *$,https://t.freetv.fun/live/jing-tian-qia-tong.m3u8
[BD]靖天映畫,https://t.freetv.fun/live/jing-tian-ying-hua-3.m3u8
[BD]靖天電影,https://t.freetv.fun/live/jing-tian-dian-ying-2.m3u8
[BD]非凡新聞,https://t.freetv.fun/live/fei-fan-xin-wen.php
[HD]非凡新闻,rtmp://f13h.mine.nu/sat/tv581
[BD]韶关综合,https://t.freetv.fun/live/shao-guan-zong-he.m3u8
[VGA]韶关综合,https://t.freetv.fun/live/shao-guan-zong-he-1.m3u8
[SD]凤凰卫视 *$,https://t.freetv.fun/live/feng-huang-wei-shi.m3u8
[BD]凤凰卫视中文,https://t.freetv.fun/live/feng-huang-wei-shi-zhong-wen.m3u8
[BD]凤凰卫视中文,https://t.freetv.fun/live/feng-huang-wei-shi-zhong-wen-1.m3u8
[SD]凤凰中文 *$,https://t.freetv.fun/live/feng-huang-zhong-wen.m3u8
[BD]凤凰卫视资讯,https://t.freetv.fun/live/feng-huang-wei-shi-zi-xun.m3u8
[BD]凤凰卫视资讯,https://t.freetv.fun/live/feng-huang-wei-shi-zi-xun-1.m3u8
[BD]凤凰电影,https://t.freetv.fun/live/feng-huang-dian-ying.m3u8
[SD]凤凰电影 *$,https://t.freetv.fun/live/feng-huang-dian-ying-1.m3u8
[HD]盐城新闻综合,https://t.freetv.fun/live/yan-cheng-xin-wen-zong-he-1.m3u8
[BD]丽水新闻综合,https://t.freetv.fun/live/li-shui-xin-wen-zong-he.m3u8
[HD]溧水新闻综合,https://t.freetv.fun/live/li-shui-xin-wen-zong-he-3.m3u8
[BD]黑龙江卫视,https://t.freetv.fun/live/hei-long-jiang-wei-shi-2.m3u8
[BD]黑龙江卫视,https://t.freetv.fun/live/hei-long-jiang-wei-shi-9.m3u8
[HD]黑龙江卫视,https://t.freetv.fun/live/hei-long-jiang-wei-shi-3.m3u8
[BD]黑龙江卫视,https://t.freetv.fun/live/hei-long-jiang-wei-shi-4.m3u8
[BD]黑龙江卫视,https://t.freetv.fun/live/hei-long-jiang-wei-shi-6.m3u8
[BD]黑龙江卫视,https://t.freetv.fun/live/hei-long-jiang-wei-shi-7.m3u8
[BD]黑龙江卫视,https://t.freetv.fun/live/hei-long-jiang-wei-shi-20.m3u8
[BD]黑龙江卫视,https://t.freetv.fun/live/hei-long-jiang-wei-shi.m3u8
[BD]黑龙江卫视,https://t.freetv.fun/live/hei-long-jiang-wei-shi-5.m3u8
[BD]黑龙江卫视,https://t.freetv.fun/live/hei-long-jiang-wei-shi-16.m3u8
[BD]黑龙江卫视,https://t.freetv.fun/live/hei-long-jiang-wei-shi-17.m3u8
[BD]黑龙江卫视,https://t.freetv.fun/live/hei-long-jiang-wei-shi-18.m3u8
[BD]黑龙江卫视,https://t.freetv.fun/live/hei-long-jiang-wei-shi-1.m3u8
[BD]黑龙江卫视,https://t.freetv.fun/live/hei-long-jiang-wei-shi-8.m3u8
[BD]黑龙江卫视,https://t.freetv.fun/live/hei-long-jiang-wei-shi-10.m3u8
[BD]黑龙江卫视,https://t.freetv.fun/live/hei-long-jiang-wei-shi-13.m3u8
[BD]黑龙江卫视,https://t.freetv.fun/live/hei-long-jiang-wei-shi-14.m3u8
[BD]黑龙江卫视,https://t.freetv.fun/live/hei-long-jiang-wei-shi-15.m3u8
[SD]黑龙江卫视,https://t.freetv.fun/live/hei-long-jiang-wei-shi-19.m3u8
[BD]黑龙江卫视,https://t.freetv.fun/live/hei-long-jiang-wei-shi-21.m3u8
[HD]sony sports ten 1,https://t.freetv.fun/live/sony-sports-ten-1-1.ts
[BD]flix,https://t.freetv.fun/live/flix.m3u8
[BD]meltem tv,https://t.freetv.fun/live/meltem-tv-2-1.m3u8
[HD]浙江民生,https://t.freetv.fun/live/zhe-jiang-min-sheng-1.m3u8
[BD]rt doc,https://t.freetv.fun/live/rt-doc-1.m3u8
[HD]tv 100,https://t.freetv.fun/live/tv-100.m3u8
[BD]cartoon head tv 4,rtmp://vkvsd278.okcdn.ru/playback/13474169039795?stkn=teYFrlCUVUJIuLZBKQ1ImcQWv_fDnIhMXd5HG4rWpAxwu6JoihJenTZ1DOmwOyyp9gA3ALXtyP7K&uid=0&sp=uid,sp&sig=vlibqm4nyu&fromCache=1
[SD]31 канал,https://t.freetv.fun/live/31-kanal.m3u8
[BD]ми україна,https://t.freetv.fun/live/mi-ukraina.m3u8
[HD]ntn 24 horas,https://t.freetv.fun/live/ntn-24-horas.m3u8
[BD]hell's kitchen italy,https://t.freetv.fun/live/hell-s-kitchen-italy.m3u8
[HD]in the kitchen,https://t.freetv.fun/live/in-the-kitchen.m3u8
[BD]hell's kitchen (1080p),https://t.freetv.fun/live/hell-s-kitchen-1080p.m3u8
[BD]news 24 albania,https://t.freetv.fun/live/news-24-albania.m3u8
[SD]24 news,https://t.freetv.fun/live/24-news.m3u8
[BD]russia-24,https://t.freetv.fun/live/russia-24.m3u8
[BD]24 канал,https://t.freetv.fun/live/24-kanal-2.m3u8
[BD]24 канал,https://t.freetv.fun/live/24-kanal-4.m3u8
[SD]2x2,https://t.freetv.fun/live/2x2.m3u8
[SD]2x2,https://t.freetv.fun/live/2x2-1.m3u8
[SD]2x2,https://t.freetv.fun/live/2x2-2.m3u8
[SD]2x2,https://t.freetv.fun/live/2x2-3.m3u8
[SD]2x2,https://t.freetv.fun/live/2x2-4.m3u8
[SD]365 дней тв,https://t.freetv.fun/live/365-dnei-tv.m3u8
[SD]365 дней,https://t.freetv.fun/live/365-dnei-1.m3u8
[SD]058 365 дней тв,https://t.freetv.fun/live/058-365-dnei-tv.m3u8
[BD]latina noticias 24/7,https://t.freetv.fun/live/latina-noticias-24-7.m3u8
[BD]5 Star Max *tv,https://t.freetv.fun/live/5-star-max-tv.ts
[SD]8 канал,https://t.freetv.fun/live/8-kanal.m3u8
[SD]5 канал,https://t.freetv.fun/live/5-kanal.m3u8
[HD]новый канал,https://t.freetv.fun/live/novyi-kanal-1.m3u8
[BD]8 канал україна,https://t.freetv.fun/live/8-kanal-ukraina.m3u8
[BD]новий канал,https://t.freetv.fun/live/novii-kanal-1.m3u8
[SD]пятый канал,https://t.freetv.fun/live/piatyi-kanal-1.m3u8
[SD]8 канал,https://t.freetv.fun/live/8-kanal-1.m3u8
[SD]пятый канал,https://t.freetv.fun/live/piatyi-kanal-2.m3u8
[SD]седьмой канал,https://t.freetv.fun/live/sedmoi-kanal.m3u8
[BD]8TV *tv,https://t.freetv.fun/live/8tv-tv.ts
[VGA]fifa plus,https://t.freetv.fun/live/fifa-plus.m3u8
[BD]kung fu plus,https://t.freetv.fun/live/kung-fu-plus.m3u8
[BD]viju plus megahit,https://t.freetv.fun/live/viju-plus-megahit.m3u8
[SD]auto plus,https://t.freetv.fun/live/auto-plus.m3u8
[HD]mgm plus drive-in,https://t.freetv.fun/live/mgm-plus-drive-in.m3u8
[HD]fifa plus,https://t.freetv.fun/live/fifa-plus-2.m3u8
[HD]fifa plus,https://t.freetv.fun/live/fifa-plus-3.m3u8
[VGA]awe plus,https://t.freetv.fun/live/awe-plus.m3u8
[SD]shopping live,https://t.freetv.fun/live/shopping-live.m3u8
[HD]lotte home shopping,https://t.freetv.fun/live/lotte-home-shopping.m3u8
[HD]a e,https://t.freetv.fun/live/a-e.m3u8
[HD]a e,https://t.freetv.fun/live/a-e-1.m3u8
[HD]a e,https://t.freetv.fun/live/a-e-2.m3u8
[BD]ziggo sport,https://t.freetv.fun/live/ziggo-sport.m3u8
[HD]080 fast sport,https://t.freetv.fun/live/080-fast-sport.m3u8
[VGA]tvs classic sports (360p),https://t.freetv.fun/live/tvs-classic-sports-360p.m3u8
[VGA]aastha bhajan,https://t.freetv.fun/live/aastha-bhajan.m3u8
[HD]news 24,https://t.freetv.fun/live/news-24.m3u8
[HD]abc news live 5,https://t.freetv.fun/live/abc-news-live-5.m3u8
[HD]abc news live 6,https://t.freetv.fun/live/abc-news-live-6.m3u8
[HD]abc news live 2,https://t.freetv.fun/live/abc-news-live-2.m3u8
[HD]abc news live 3,https://t.freetv.fun/live/abc-news-live-3.m3u8
[HD]abc news live 8,https://t.freetv.fun/live/abc-news-live-8.m3u8
[HD]abc news live 9,https://t.freetv.fun/live/abc-news-live-9.m3u8
[HD]abc news live 10,https://t.freetv.fun/live/abc-news-live-10.m3u8
[HD]abc news live 4,https://t.freetv.fun/live/abc-news-live-4.m3u8
[HD]abc news live 1,https://t.freetv.fun/live/abc-news-live-1.m3u8
[HD]abc news live 7,https://t.freetv.fun/live/abc-news-live-7.m3u8
[BD]amc plus,https://t.freetv.fun/live/amc-plus.m3u8
[VGA]abp news,https://t.freetv.fun/live/abp-news.m3u8
[BD]abp news,https://t.freetv.fun/live/abp-news-1.m3u8
[SD]voa tv africa (1080p),https://t.freetv.fun/live/voa-tv-africa-1080p.m3u8
[BD]action24,https://t.freetv.fun/live/action24.m3u8
[BD]sportsman channel,https://t.freetv.fun/live/sportsman-channel.m3u8
[SD]sportsman channel,https://t.freetv.fun/live/sportsman-channel-1.m3u8
[HD]al horreya tv,https://t.freetv.fun/live/al-horreya-tv-1.m3u8
[BD]alb uktv,https://t.freetv.fun/live/alb-uktv.m3u8
[BD]alkass four,https://t.freetv.fun/live/alkass-four-1.m3u8
[BD]alkass three,https://t.freetv.fun/live/alkass-three-1.m3u8
[BD]伊拉克sharqiya news,https://t.freetv.fun/live/yi-la-ke-sharqiya-news.m3u8
[BD]amc,https://t.freetv.fun/live/amc-1.m3u8
[BD]amc,https://t.freetv.fun/live/amc-2.m3u8
[HD]AMC *tv,https://t.freetv.fun/live/amc-tv.ts
[BD]amc thrillers,https://t.freetv.fun/live/amc-thrillers.m3u8
[BD]amc電影,https://t.freetv.fun/live/amcdian-ying-1.php
[BD]amc電影,https://t.freetv.fun/live/amcdian-ying-2.m3u8
[HD]amedia hit,https://t.freetv.fun/live/amedia-hit.m3u8
[BD]amedia hit,https://t.freetv.fun/live/amedia-hit-2.m3u8
[SD]amedia hit,https://t.freetv.fun/live/amedia-hit-3.m3u8
[HD]amu tv,https://t.freetv.fun/live/amu-tv.m3u8
[VGA]atomic tv (360p),https://t.freetv.fun/live/atomic-tv-360p.m3u8
[VGA]pmi tv (720p) [not 24/7],https://t.freetv.fun/live/pmi-tv-720p-not-24-7.m3u8
[VGA]anc,https://t.freetv.fun/live/anc.m3u8
[BD]antv,https://t.freetv.fun/live/antv-1.m3u8
[SD]art,https://t.freetv.fun/live/art-1.m3u8
[BD]rtv 1,rtmp://212.200.230.50:1935/RTV/rtv1
[HD]arte 1,https://t.freetv.fun/live/arte-1-1.m3u8
[HD]arte,https://t.freetv.fun/live/arte.m3u8
[BD]arte,https://t.freetv.fun/live/arte-2.m3u8
[HD]artv,https://t.freetv.fun/live/artv.m3u8
[VGA]arabtv,https://t.freetv.fun/live/arabtv.m3u8
[BD]artv,https://t.freetv.fun/live/artv-1.m3u8
[BD]astro aod,https://t.freetv.fun/live/astro-aod.m3u8
[BD]aod,https://t.freetv.fun/live/aod.php
[BD]Astro AOD 311 *tv,https://t.freetv.fun/live/astro-aod-311-tv.ts
[HD]Astro Awani,https://t.freetv.fun/live/astro-awani.m3u8
[HD]Astro Awani *tv,https://t.freetv.fun/live/astro-awani-tv.ts
[BD]Astro Arena 2 *tv,https://t.freetv.fun/live/astro-arena-2-tv.ts
[HD]Astro Aura *tv,https://t.freetv.fun/live/astro-aura-tv.ts
[HD]Astro Ceria *tv,https://t.freetv.fun/live/astro-ceria-tv.ts
[HD]Astro Citra *tv,https://t.freetv.fun/live/astro-citra-tv.ts
[BD]Astro Oasis *tv,https://t.freetv.fun/live/astro-oasis-tv.ts
[BD]prima,https://t.freetv.fun/live/prima.m3u8
[HD]Astro Prima *tv,https://t.freetv.fun/live/astro-prima-tv.ts
[HD]Astro Ria *tv,https://t.freetv.fun/live/astro-ria-tv.ts
[HD]Astro Rania *tv,https://t.freetv.fun/live/astro-rania-tv.ts
[BD]babytv netherlands,https://t.freetv.fun/live/babytv-netherlands.m3u8
[VGA]atv,https://t.freetv.fun/live/atv-7.m3u8
[BD].black,https://t.freetv.fun/live/black.m3u8
[BD]axn,https://t.freetv.fun/live/axn.m3u8
[HD]axn,https://t.freetv.fun/live/axn-1.m3u8
[BD]axn,https://t.freetv.fun/live/axn-2.m3u8
[HD]axn movies,https://t.freetv.fun/live/axn-movies.m3u8
[SD]axn black romania,https://t.freetv.fun/live/axn-black-romania.m3u8
[BD]axn cee romania,https://t.freetv.fun/live/axn-cee-romania.m3u8
[SD]axn white,https://t.freetv.fun/live/axn-white.m3u8
[VGA]axn white portugal,https://t.freetv.fun/live/axn-white-portugal.m3u8
[BD]accuweather,https://t.freetv.fun/live/accuweather.m3u8
[BD]accuweather network,https://t.freetv.fun/live/accuweather-network.m3u8
[BD]btv action,https://t.freetv.fun/live/btv-action.m3u8
[HD]rev'n action,https://t.freetv.fun/live/rev-n-action.m3u8
[HD]Action Max *tv,https://t.freetv.fun/live/action-max-tv.ts
[BD]max sport 1,https://t.freetv.fun/live/max-sport-1.m3u8
[HD]agro tv,https://t.freetv.fun/live/agro-tv.m3u8
[BD]agro tv,https://t.freetv.fun/live/agro-tv-2.m3u8
[VGA]agro tv,https://t.freetv.fun/live/agro-tv-3.m3u8
[HD]guaro tv,https://t.freetv.fun/live/guaro-tv.m3u8
[BD]al arabiya العربية,https://t.freetv.fun/live/al-arabiya-l-rby.m3u8
[BD]al iraqiya al 3ama,https://t.freetv.fun/live/al-iraqiya-al-3ama.m3u8
[HD]al janoub tv,https://t.freetv.fun/live/al-janoub-tv.m3u8
[BD]al jazeera,https://t.freetv.fun/live/al-jazeera.m3u8
[BD]al jazeera english,https://t.freetv.fun/live/al-jazeera-english-1.m3u8
[BD]al jazeera english,https://t.freetv.fun/live/al-jazeera-english-2.m3u8
[BD]al jazeera qa,https://t.freetv.fun/live/al-jazeera-qa.m3u8
[BD]al jazeera english,https://t.freetv.fun/live/al-jazeera-english-3.m3u8
[BD]al jazeera mubasher,https://t.freetv.fun/live/al-jazeera-mubasher.m3u8
[BD]al jazeera mubasher,https://t.freetv.fun/live/al-jazeera-mubasher-2.m3u8
[BD]al maghribia,https://t.freetv.fun/live/al-maghribia.m3u8
[BD]al masriyah,https://t.freetv.fun/live/al-masriyah.m3u8
[HD]al-naeem tv,https://t.freetv.fun/live/al-naeem-tv.m3u8
[BD]salem news channel,https://t.freetv.fun/live/salem-news-channel-2.m3u8
[BD]al rayyan qadeem,https://t.freetv.fun/live/al-rayyan-qadeem.m3u8
[VGA]al rayyan,https://t.freetv.fun/live/al-rayyan.m3u8
[BD]al sharqiya,https://t.freetv.fun/live/al-sharqiya.m3u8
[BD]al sharqiya tv,https://t.freetv.fun/live/al-sharqiya-tv.m3u8
[VGA]al sharqiya,https://t.freetv.fun/live/al-sharqiya-2.m3u8
[HD]hallo music,https://t.freetv.fun/live/hallo-music.m3u8
[BD]alkass one,https://t.freetv.fun/live/alkass-one.m3u8
[BD]alkass two,https://t.freetv.fun/live/alkass-two-1.m3u8
[BD]altitude sports,https://t.freetv.fun/live/altitude-sports.m3u8
[HD]armenia premium 6,https://t.freetv.fun/live/armenia-premium-6.m3u8
[SD]amedia premium,https://t.freetv.fun/live/amedia-premium-2.m3u8
[HD]amedia premium,https://t.freetv.fun/live/amedia-premium-4.m3u8
[HD]armenia premium 6,https://t.freetv.fun/live/armenia-premium-6-1.m3u8
[HD]destination america,https://t.freetv.fun/live/destination-america.m3u8
[BD]america tv ᴴᴰ,https://t.freetv.fun/live/america-tv-hd.m3u8
[BD]guangdong tv america,https://t.freetv.fun/live/guangdong-tv-america.m3u8
[BD]american crimes,https://t.freetv.fun/live/american-crimes.m3u8
[BD]great american family,https://t.freetv.fun/live/great-american-family.m3u8
[HD]great american faith living,https://t.freetv.fun/live/great-american-faith-living.m3u8
[HD]great american living,https://t.freetv.fun/live/great-american-living.m3u8
[BD]amozhgary tv,https://t.freetv.fun/live/amozhgary-tv.m3u8
[BD]andorra tv,https://t.freetv.fun/live/andorra-tv.m3u8
[BD]animal planet,https://t.freetv.fun/live/animal-planet.m3u8
[BD]animal planet,https://t.freetv.fun/live/animal-planet-1.m3u8
[BD]animal planet,https://t.freetv.fun/live/animal-planet-2.m3u8
[HD]animal planet,https://t.freetv.fun/live/animal-planet-3.m3u8
[VGA]Animal Planet,https://t.freetv.fun/live/animal-planet-1-1.m3u8
[SD]113 animal planet,https://t.freetv.fun/live/113-animal-planet.m3u8
[HD]cctv-8电视剧,https://t.freetv.fun/live/cctv-8dian-shi-ju.m3u8
[SD]cctv-5体育,https://t.freetv.fun/live/cctv-5ti-yu.m3u8
[SD]cctv-1综合,https://t.freetv.fun/live/cctv-1zong-he-1.m3u8
[BD]cctv-9纪录,https://t.freetv.fun/live/cctv-9ji-lu.m3u8
[SD]cctv-12社会与法,https://t.freetv.fun/live/cctv-12she-hui-yu-fa.m3u8
[VGA]Animax *tv,https://t.freetv.fun/live/animax-tv.ts
[HD]antena 7,https://t.freetv.fun/live/antena-7.m3u8
[BD]ant1 cyprus,https://t.freetv.fun/live/ant1-cyprus.m3u8
[BD]antena sur,https://t.freetv.fun/live/antena-sur.m3u8
[BD]antena sur,https://t.freetv.fun/live/antena-sur-1.m3u8
[BD]latina,https://t.freetv.fun/live/latina-2.m3u8
[BD]haunt tv,https://t.freetv.fun/live/haunt-tv.m3u8
[BD]123 ararat,https://t.freetv.fun/live/123-ararat.m3u8
[BD]arena sport 2,https://t.freetv.fun/live/arena-sport-2-3.m3u8
[BD]arena sport 1,https://t.freetv.fun/live/arena-sport-1-3.m3u8
[BD]arirang radio,https://t.freetv.fun/live/arirang-radio.m3u8
[HD]arirang,https://t.freetv.fun/live/arirang.m3u8
[SD]arirang tv,https://t.freetv.fun/live/arirang-tv.m3u8
[SD]arirang,https://t.freetv.fun/live/arirang-1.m3u8
[BD]arirang radio,https://t.freetv.fun/live/arirang-radio-1.m3u8
[BD]arirang,https://t.freetv.fun/live/arirang-2.m3u8
[HD]arirang tv,https://t.freetv.fun/live/arirang-tv-1.m3u8
[HD]arirang world,https://t.freetv.fun/live/arirang-world-1.m3u8
[BD]arirang,https://t.freetv.fun/live/arirang-3.m3u8
[BD]arirang,https://t.freetv.fun/live/arirang-4.m3u8
[BD]arirang tv un (1080p),https://t.freetv.fun/live/arirang-tv-un-1080p.m3u8
[BD]arirang tv,https://t.freetv.fun/live/arirang-tv-3.m3u8
[BD]usa armenia am,https://t.freetv.fun/live/usa-armenia-am.m3u8
[BD]008 armenia premium,https://t.freetv.fun/live/008-armenia-premium.m3u8
[BD]003 armenia tv,https://t.freetv.fun/live/003-armenia-tv.m3u8
[SD]013 armenia jantv,https://t.freetv.fun/live/013-armenia-jantv.m3u8
[SD]116 armenia tuntunik,https://t.freetv.fun/live/116-armenia-tuntunik.m3u8
[SD]012 armenia comedy,https://t.freetv.fun/live/012-armenia-comedy.m3u8
[BD]010 armenia cineman,https://t.freetv.fun/live/010-armenia-cineman.m3u8
[BD]091 song tv armenia,https://t.freetv.fun/live/091-song-tv-armenia.m3u8
[SD]009 armenia haykino,https://t.freetv.fun/live/009-armenia-haykino.m3u8
[HD]oasis tv,https://t.freetv.fun/live/oasis-tv-1.m3u8
[HD]Astro AEC *tv,https://t.freetv.fun/live/astro-aec-tv.ts
[HD]Astro Arena Bola *tv,https://t.freetv.fun/live/astro-arena-bola-tv.ts
[HD]Astro Arena Bola 2 *tv,https://t.freetv.fun/live/astro-arena-bola-2-tv.ts
[HD]Astro Boo *tv,https://t.freetv.fun/live/astro-boo-tv.ts
[HD]Astro Badminton *tv,https://t.freetv.fun/live/astro-badminton-tv.ts
[HD]Astro Badminton 2 *tv,https://t.freetv.fun/live/astro-badminton-2-tv.ts
[BD]Astro Footbal *tv,https://t.freetv.fun/live/astro-footbal-tv.ts
[HD]Astro Grandstand *tv,https://t.freetv.fun/live/astro-grandstand-tv.ts
[BD]Astro Premier League *tv,https://t.freetv.fun/live/astro-premier-league-tv.ts
[BD]Astro Premier League 2 *tv,https://t.freetv.fun/live/astro-premier-league-2-tv.ts
[HD]Astro QJ *tv,https://t.freetv.fun/live/astro-qj-tv.ts
[BD]astro showcase *tv,https://t.freetv.fun/live/astro-showcase-tv.ts
[BD]Astro Sports Plus *tv,https://t.freetv.fun/live/astro-sports-plus-tv.ts
[BD]astro欢喜,https://t.freetv.fun/live/astrohuan-xi.m3u8
[HD]automotion,https://t.freetv.fun/live/automotion.m3u8
[BD]automotion,https://t.freetv.fun/live/automotion-1.m3u8
[HD]people are awesome,https://t.freetv.fun/live/people-are-awesome.m3u8
[HD]people are awesome,https://t.freetv.fun/live/people-are-awesome-1.m3u8
[BD]people are awesome,https://t.freetv.fun/live/people-are-awesome-3.m3u8
[VGA]azteca 7,https://t.freetv.fun/live/azteca-7.m3u8
[BD]b4u movies,https://t.freetv.fun/live/b4u-movies.m3u8
[SD]b4u music,https://t.freetv.fun/live/b4u-music.m3u8
[BD]bbc alba uk,https://t.freetv.fun/live/bbc-alba-uk.m3u8
[SD]bbc america east,https://t.freetv.fun/live/bbc-america-east.m3u8
[BD]bbc america,https://t.freetv.fun/live/bbc-america-1.m3u8
[BD]bbc arabic,https://t.freetv.fun/live/bbc-arabic.m3u8
[BD]bbc earth,https://t.freetv.fun/live/bbc-earth.m3u8
[BD]bbc earth,https://t.freetv.fun/live/bbc-earth-1.m3u8
[BD]bbc earth,https://t.freetv.fun/live/bbc-earth-2.m3u8
[SD]bbc earth,https://t.freetv.fun/live/bbc-earth-3.m3u8
[BD]bbc four uk,https://t.freetv.fun/live/bbc-four-uk.m3u8
[HD]bbc news,https://t.freetv.fun/live/bbc-news.m3u8
[BD]bbc one uk,https://t.freetv.fun/live/bbc-one-uk.m3u8
[SD]bbc world,https://t.freetv.fun/live/bbc-world.m3u8
[BD]bbs,https://t.freetv.fun/live/bbs.m3u8
[BD]bbs tv,https://t.freetv.fun/live/bbs-tv.m3u8
[BD]bein sport extra ñ,https://t.freetv.fun/live/bein-sport-extra-n.m3u8
[BD]bet,https://t.freetv.fun/live/bet.m3u8
[SD]bfm business,https://t.freetv.fun/live/bfm-business.m3u8
[SD]atameken business,https://t.freetv.fun/live/atameken-business.m3u8
[HD]business rockstars,https://t.freetv.fun/live/business-rockstars.m3u8
[SD]bfm tv,https://t.freetv.fun/live/bfm-tv.m3u8
[BD]new brasil,https://t.freetv.fun/live/new-brasil.m3u8
[HD]biz tv,https://t.freetv.fun/live/biz-tv-1.m3u8
[BD]bnt 1,https://t.freetv.fun/live/bnt-1.m3u8
[SD]bnt 2,https://t.freetv.fun/live/bnt-2.m3u8
[SD]bolt,https://t.freetv.fun/live/bolt.m3u8
[BD]bolt,https://t.freetv.fun/live/bolt-1.m3u8
[BD]bolt,https://t.freetv.fun/live/bolt-2.m3u8
[HD]brtv,https://t.freetv.fun/live/brtv-1.m3u8
[BD]btv,https://t.freetv.fun/live/btv-1.m3u8
[BD]buzzr,https://t.freetv.fun/live/buzzr.m3u8
[BD]babyfirst,https://t.freetv.fun/live/babyfirst.m3u8
[BD]babyfirst tv,https://t.freetv.fun/live/babyfirst-tv.m3u8
[HD]baby shark tv,https://t.freetv.fun/live/baby-shark-tv.m3u8
[BD]baby shark tv,https://t.freetv.fun/live/baby-shark-tv-1.m3u8
[SD]balapan,https://t.freetv.fun/live/balapan.m3u8
[BD]band mg,https://t.freetv.fun/live/band-mg.m3u8
[BD]band,https://t.freetv.fun/live/band.m3u8
[BD]bandamax usa,https://t.freetv.fun/live/bandamax-usa.m3u8
[BD]bein sports 2 fr,https://t.freetv.fun/live/bein-sports-2-fr.m3u8
[BD]bein sports 3 fr,https://t.freetv.fun/live/bein-sports-3-fr.m3u8
[BD]bein sports xtra,https://t.freetv.fun/live/bein-sports-xtra.m3u8
[BD]bein sports xtra,https://t.freetv.fun/live/bein-sports-xtra-1.m3u8
[HD]bein sports haber,https://t.freetv.fun/live/bein-sports-haber.m3u8
[VGA]t sports 7,https://t.freetv.fun/live/t-sports-7.m3u8
[BD]sport1,https://t.freetv.fun/live/sport1.m3u8
[HD]buendia tv,https://t.freetv.fun/live/buendia-tv.m3u8
[BD]bergamo tv,https://t.freetv.fun/live/bergamo-tv.m3u8
[BD]bergamo tv,https://t.freetv.fun/live/bergamo-tv-1.m3u8
[HD]bethel tv,https://t.freetv.fun/live/bethel-tv.m3u8
[HD]bethel tv,https://t.freetv.fun/live/bethel-tv-1.m3u8
[VGA]euro tv,https://t.freetv.fun/live/euro-tv.m3u8
[HD]euro tv,https://t.freetv.fun/live/euro-tv-1.m3u8
[BD]bibel tv musik,https://t.freetv.fun/live/bibel-tv-musik-1.m3u8
[BD]billiard tv,https://t.freetv.fun/live/billiard-tv.m3u8
[SD].black,https://t.freetv.fun/live/black-2.m3u8
[SD].black,https://t.freetv.fun/live/black-3.m3u8
[HD]bloomberg,https://t.freetv.fun/live/bloomberg.m3u8
[BD]bloomberg tv plus,https://t.freetv.fun/live/bloomberg-tv-plus.m3u8
[BD]bloomberg tv plus,https://t.freetv.fun/live/bloomberg-tv-plus-1.m3u8
[BD]bloomberg originals,https://t.freetv.fun/live/bloomberg-originals.m3u8
[HD]bloomberg ht,https://t.freetv.fun/live/bloomberg-ht-2.m3u8
[BD]bloomberg originals,https://t.freetv.fun/live/bloomberg-originals-1.m3u8
[BD]bnn bloomberg ca,https://t.freetv.fun/live/bnn-bloomberg-ca.m3u8
[BD]bloomberg tv,https://t.freetv.fun/live/bloomberg-tv-1.m3u8
[BD]bloomberg tv plus,https://t.freetv.fun/live/bloomberg-tv-plus-2.m3u8
[HD]bloomberg tv,https://t.freetv.fun/live/bloomberg-tv-3.m3u8
[SD]bloomberg tv bulgaria,https://t.freetv.fun/live/bloomberg-tv-bulgaria.m3u8
[SD]bloomberg european tv,https://t.freetv.fun/live/bloomberg-european-tv.m3u8
[SD]bloomberg european tv,https://t.freetv.fun/live/bloomberg-european-tv-1.m3u8
[SD]bolajon,https://t.freetv.fun/live/bolajon.m3u8
[SD]bolajon,https://t.freetv.fun/live/bolajon-1.m3u8
[BD]bollywood,https://t.freetv.fun/live/bollywood-2.m3u8
[BD]boomerang,https://t.freetv.fun/live/boomerang.m3u8
[BD]bravo vault,https://t.freetv.fun/live/bravo-vault.m3u8
[HD]bravo,https://t.freetv.fun/live/bravo.m3u8
[BD]bravo,https://t.freetv.fun/live/bravo-1.m3u8
[HD]bravo,https://t.freetv.fun/live/bravo-3.m3u8
[BD]bravo west,https://t.freetv.fun/live/bravo-west.m3u8
[BD]bravo,https://t.freetv.fun/live/bravo-4.m3u8
[BD]bravo west,https://t.freetv.fun/live/bravo-west-1.m3u8
[BD]bravo,https://t.freetv.fun/live/bravo-5.m3u8
[HD]super tv brescia,https://t.freetv.fun/live/super-tv-brescia.m3u8
[SD]bridge hits,https://t.freetv.fun/live/bridge-hits.m3u8
[BD]bridge deluxe,https://t.freetv.fun/live/bridge-deluxe.m3u8
[SD]bridge tv,https://t.freetv.fun/live/bridge-tv.m3u8
[SD]bridge tv,https://t.freetv.fun/live/bridge-tv-1.m3u8
[SD]bridge tv русский хит,https://t.freetv.fun/live/bridge-tv-russkii-khit.m3u8
[SD]bridge tv,https://t.freetv.fun/live/bridge-tv-2.m3u8
[BD]bridge deluxe,https://t.freetv.fun/live/bridge-deluxe-1.m3u8
[SD]bridge,https://t.freetv.fun/live/bridge-1.m3u8
[SD]bridge rock,https://t.freetv.fun/live/bridge-rock-1.m3u8
[SD]107 bridge tv,https://t.freetv.fun/live/107-bridge-tv.m3u8
[SD]bridge hits,https://t.freetv.fun/live/bridge-hits-1.m3u8
[SD]bridge,https://t.freetv.fun/live/bridge-2.m3u8
[SD]bridge classic,https://t.freetv.fun/live/bridge-classic.m3u8
[SD]bridge classic (576p),https://t.freetv.fun/live/bridge-classic-576p.m3u8
[SD]bridge classic,https://t.freetv.fun/live/bridge-classic-2.m3u8
[SD]bridge classic,https://t.freetv.fun/live/bridge-classic-3.m3u8
[SD]euronews bulgaria,https://t.freetv.fun/live/euronews-bulgaria.m3u8
[SD]bulgaria on air,https://t.freetv.fun/live/bulgaria-on-air.m3u8
[HD]cay tv,https://t.freetv.fun/live/cay-tv.m3u8
[BD]香港c plus,https://t.freetv.fun/live/xiang-gang-c-plus.m3u8
[BD]fifa plus his,https://t.freetv.fun/live/fifa-plus-his.m3u8
[HD]иллюзион plus,https://t.freetv.fun/live/illiuzion-plus-1.m3u8
[SD]иллюзион plus,https://t.freetv.fun/live/illiuzion-plus-2.m3u8
[SD]иллюзион plus,https://t.freetv.fun/live/illiuzion-plus-4.m3u8
[SD]иллюзион plus,https://t.freetv.fun/live/illiuzion-plus-5.m3u8
[BD]c-span,https://t.freetv.fun/live/c-span.m3u8
[BD]c-span 2,https://t.freetv.fun/live/c-span-2.m3u8
[HD]canal 11,https://t.freetv.fun/live/canal-11.m3u8
[HD]canal 11,https://t.freetv.fun/live/canal-11-1.m3u8
[VGA]super canal,https://t.freetv.fun/live/super-canal.m3u8
[BD]catholic tv,https://t.freetv.fun/live/catholic-tv-1.m3u8
[BD]catholic tv,https://t.freetv.fun/live/catholic-tv-1.m3u8
[HD]cbc,https://t.freetv.fun/live/cbc-2.m3u8
[BD]ucayalina de television,https://t.freetv.fun/live/ucayalina-de-television.m3u8
[HD]beverly hills television 10,https://t.freetv.fun/live/beverly-hills-television-10.m3u8
[BD]qatar television 2,https://t.freetv.fun/live/qatar-television-2.m3u8
[HD]globus television,https://t.freetv.fun/live/globus-television.m3u8
[BD]qatar television,https://t.freetv.fun/live/qatar-television.m3u8
[HD]via television,https://t.freetv.fun/live/via-television.m3u8
[BD]monroe county television mctv (monroe county fl) (1080p),https://t.freetv.fun/live/monroe-county-television-mctv-monroe-county-fl-1080p.m3u8
[BD]monte carlo digital television (1080p),https://t.freetv.fun/live/monte-carlo-digital-television-1080p.m3u8
[VGA]beverly hills television 10 (720p),https://t.freetv.fun/live/beverly-hills-television-10-720p.m3u8
[BD]qatar television 2,https://t.freetv.fun/live/qatar-television-2-1.m3u8
[VGA]venezolana de television,https://t.freetv.fun/live/venezolana-de-television.m3u8
[BD]conexion positiva television,https://t.freetv.fun/live/conexion-positiva-television.m3u8
[BD]interactivo television,https://t.freetv.fun/live/interactivo-television.m3u8
[HD]aiquilena radio y television,https://t.freetv.fun/live/aiquilena-radio-y-television.m3u8
[BD]qatar television the holy quran,https://t.freetv.fun/live/qatar-television-the-holy-quran.m3u8
[BD]ucayalina de television,https://t.freetv.fun/live/ucayalina-de-television-1.m3u8
[VGA]retromusica television,https://t.freetv.fun/live/retromusica-television.m3u8
[BD]tc television,https://t.freetv.fun/live/tc-television.m3u8
[BD]qatar television,https://t.freetv.fun/live/qatar-television-1.m3u8
[BD]cinelatino,https://t.freetv.fun/live/cinelatino.m3u8
[BD]cbs,https://t.freetv.fun/live/cbs.m3u8
[HD]mlb network,https://t.freetv.fun/live/mlb-network.m3u8
[HD]sec network,https://t.freetv.fun/live/sec-network.m3u8
[BD]yes network,https://t.freetv.fun/live/yes-network.m3u8
[HD]cbs sports network usa,https://t.freetv.fun/live/cbs-sports-network-usa.m3u8
[HD]mlb network,https://t.freetv.fun/live/mlb-network-1.m3u8
[HD]sec network,https://t.freetv.fun/live/sec-network-1.m3u8
[BD]yes network,https://t.freetv.fun/live/yes-network-1.m3u8
[HD]acc network,https://t.freetv.fun/live/acc-network.m3u8
[BD]cbs 2 new york,https://t.freetv.fun/live/cbs-2-new-york.m3u8
[HD]cbs sports network,https://t.freetv.fun/live/cbs-sports-network.ts
[BD]cctv-8k超高清,https://t.freetv.fun/live/cctv-8kchao-gao-qing.m3u8
[HD]cctv-8k超高清,https://t.freetv.fun/live/cctv-8kchao-gao-qing-1.m3u8
[HD]cctv-8k超高清,https://t.freetv.fun/live/cctv-8kchao-gao-qing-2.m3u8
[HD]cctv-8k超高清,https://t.freetv.fun/live/cctv-8kchao-gao-qing-3.m3u8
[BD]documentary plus,https://t.freetv.fun/live/documentary-plus-1.m3u8
[BD]cctv-11戏曲,https://t.freetv.fun/live/cctv-11xi-qu.m3u8
[BD]cctv-11戏曲,https://t.freetv.fun/live/cctv-11xi-qu-1.m3u8
[BD]cctv-11戏曲,https://t.freetv.fun/live/cctv-11xi-qu-3.m3u8
[SD]cctv-11戏曲,https://t.freetv.fun/live/cctv-11xi-qu-5.m3u8
[SD]cctv-11戏曲,https://t.freetv.fun/live/cctv-11xi-qu-6.m3u8
[SD]cctv-11戏曲,https://t.freetv.fun/live/cctv-11xi-qu-7.m3u8
[BD]cctv-11戏曲,https://t.freetv.fun/live/cctv-11xi-qu-8.m3u8
[BD]cctv-11戏曲,https://t.freetv.fun/live/cctv-11xi-qu-9.m3u8
[HD]cctv1综合,https://t.freetv.fun/live/cctv1zong-he.m3u8
[HD]cctv1综合,https://t.freetv.fun/live/cctv1zong-he-1.m3u8
[HD]cctv-4k超高清,https://t.freetv.fun/live/cctv-4kchao-gao-qing-1.m3u8
[BD]cctv-4k超高清,https://t.freetv.fun/live/cctv-4kchao-gao-qing-2.m3u8
[BD]cctv-4k超高清,https://t.freetv.fun/live/cctv-4kchao-gao-qing-3.m3u8
[BD]cctv-4k超高清,https://t.freetv.fun/live/cctv-4kchao-gao-qing-5.m3u8
[BD]cctv-4k超高清,https://t.freetv.fun/live/cctv-4kchao-gao-qing-7.m3u8
[BD]cctv-4k超高清,https://t.freetv.fun/live/cctv-4kchao-gao-qing-8.m3u8
[SD]cctv1-综合,https://t.freetv.fun/live/cctv1-zong-he-3.m3u8
[BD]cctv-10科教,https://t.freetv.fun/live/cctv-10ke-jiao-1.m3u8
[HD]cctv10科教,https://t.freetv.fun/live/cctv10ke-jiao.m3u8
[HD]cctv10科教,https://t.freetv.fun/live/cctv10ke-jiao-1.m3u8
[BD]cctv-10科教,https://t.freetv.fun/live/cctv-10ke-jiao-2.m3u8
[SD]cctv-10科教,https://t.freetv.fun/live/cctv-10ke-jiao-3.m3u8
[SD]cctv-10科教,https://t.freetv.fun/live/cctv-10ke-jiao-4.m3u8
[BD]cctv-10科教,https://t.freetv.fun/live/cctv-10ke-jiao-6.m3u8
[BD]cctv-10科教,https://t.freetv.fun/live/cctv-10ke-jiao-7.m3u8
[BD]cctv-10科教,https://t.freetv.fun/live/cctv-10ke-jiao-8.m3u8
[BD]cctv-10科教,https://t.freetv.fun/live/cctv-10ke-jiao-9.m3u8
[SD]cctv-10科教,https://t.freetv.fun/live/cctv-10ke-jiao-10.m3u8
[SD]cctv-10科教,https://t.freetv.fun/live/cctv-10ke-jiao-11.m3u8
[HD]cctv11戏曲,https://t.freetv.fun/live/cctv11xi-qu.m3u8
[BD]cctv11-戏曲,https://t.freetv.fun/live/cctv11-xi-qu.m3u8
[HD]cctv11戏曲,https://t.freetv.fun/live/cctv11xi-qu-1.m3u8
[VGA]cctv11-戏曲,https://t.freetv.fun/live/cctv11-xi-qu-1.m3u8
[VGA]cctv11-戏曲,https://t.freetv.fun/live/cctv11-xi-qu-3.m3u8
[HD]cctv13新闻,https://t.freetv.fun/live/cctv13xin-wen.m3u8
[HD]cctv13新闻,https://t.freetv.fun/live/cctv13xin-wen-1.m3u8
[SD]cctv-13新闻,https://t.freetv.fun/live/cctv-13xin-wen-3.m3u8
[SD]cctv-13新闻,https://t.freetv.fun/live/cctv-13xin-wen-4.m3u8
[BD]cctv-13新闻,https://t.freetv.fun/live/cctv-13xin-wen-5.m3u8
[BD]cctv-13新闻,https://t.freetv.fun/live/cctv-13xin-wen-7.m3u8
[BD]cctv-13新闻,https://t.freetv.fun/live/cctv-13xin-wen-8.m3u8
[SD]cctv-13新闻,https://t.freetv.fun/live/cctv-13xin-wen-10.m3u8
[BD]cctv-13新闻,https://t.freetv.fun/live/cctv-13xin-wen-11.m3u8
[SD]cctv-13新闻,https://t.freetv.fun/live/cctv-13xin-wen-12.m3u8
[HD]cctv-14少儿,https://t.freetv.fun/live/cctv-14shao-er.m3u8
[HD]cctv14少儿,https://t.freetv.fun/live/cctv14shao-er.m3u8
[HD]cctv14少儿,https://t.freetv.fun/live/cctv14shao-er-1.m3u8
[BD]cctv14-少儿,https://t.freetv.fun/live/cctv14-shao-er-1.m3u8
[BD]cctv-14少儿,https://t.freetv.fun/live/cctv-14shao-er-1.m3u8
[SD]cctv-14少儿,https://t.freetv.fun/live/cctv-14shao-er-2.m3u8
[SD]cctv-14少儿,https://t.freetv.fun/live/cctv-14shao-er-3.m3u8
[BD]cctv-14少儿,https://t.freetv.fun/live/cctv-14shao-er-4.m3u8
[SD]cctv-14少儿,https://t.freetv.fun/live/cctv-14shao-er-5.m3u8
[SD]cctv-14少儿,https://t.freetv.fun/live/cctv-14shao-er-6.m3u8
[SD]cctv-14少儿,https://t.freetv.fun/live/cctv-14shao-er-7.m3u8
[HD]cctv-14少儿,https://t.freetv.fun/live/cctv-14shao-er-8.m3u8
[SD]cctv-14少儿,https://t.freetv.fun/live/cctv-14shao-er-9.m3u8
[HD]cctv-14少儿,https://t.freetv.fun/live/cctv-14shao-er-10.m3u8
[BD]cctv-14少儿,https://t.freetv.fun/live/cctv-14shao-er-11.m3u8
[VGA]cctv14-少儿,https://t.freetv.fun/live/cctv14-shao-er-4.m3u8
[HD]cctv15音乐,https://t.freetv.fun/live/cctv15yin-le.m3u8
[HD]cctv15音乐,https://t.freetv.fun/live/cctv15yin-le-1.m3u8
[SD]cctv15-音乐,https://t.freetv.fun/live/cctv15-yin-le-1.m3u8
[HD]cctv-15音乐,https://t.freetv.fun/live/cctv-15yin-le.m3u8
[SD]cctv-15音乐,https://t.freetv.fun/live/cctv-15yin-le-1.m3u8
[BD]cctv-15音乐,https://t.freetv.fun/live/cctv-15yin-le-3.m3u8
[SD]cctv-15音乐,https://t.freetv.fun/live/cctv-15yin-le-4.m3u8
[BD]cctv-15音乐,https://t.freetv.fun/live/cctv-15yin-le-5.m3u8
[HD]cctv-15音乐,https://t.freetv.fun/live/cctv-15yin-le-10.m3u8
[BD]cctv-15音乐,https://t.freetv.fun/live/cctv-15yin-le-11.m3u8
[BD]cctv22,https://t.freetv.fun/live/cctv22.m3u8
[HD]cctv2财经,https://t.freetv.fun/live/cctv2cai-jing.m3u8
[BD]cctv2-财经,https://t.freetv.fun/live/cctv2-cai-jing.m3u8
[HD]cctv2财经,https://t.freetv.fun/live/cctv2cai-jing-1.m3u8
[VGA]cctv2-财经,https://t.freetv.fun/live/cctv2-cai-jing-1.m3u8
[VGA]cctv2-财经,https://t.freetv.fun/live/cctv2-cai-jing-4.m3u8
[HD]cctv3综艺,https://t.freetv.fun/live/cctv3zong-yi.m3u8
[HD]cctv3综艺,https://t.freetv.fun/live/cctv3zong-yi-1.m3u8
[BD]cctv4k,https://t.freetv.fun/live/cctv4k.m3u8
[HD]cctv4欧洲,https://t.freetv.fun/live/cctv4ou-zhou-1.m3u8
[HD]cctv4美洲,https://t.freetv.fun/live/cctv4mei-zhou-2.m3u8
[HD]cctv4k,https://t.freetv.fun/live/cctv4k-3.m3u8
[BD]cctv-4k高清,https://t.freetv.fun/live/cctv-4kgao-qing.m3u8
[BD]cctv-4k高清,https://t.freetv.fun/live/cctv-4kgao-qing-1.m3u8
[BD]cctv-4k高清,https://t.freetv.fun/live/cctv-4kgao-qing-2.m3u8
[BD]cctv-4k高清,https://t.freetv.fun/live/cctv-4kgao-qing-3.m3u8
[BD]cctv-4k高清,https://t.freetv.fun/live/cctv-4kgao-qing-4.m3u8
[BD]cctv-4k高清,https://t.freetv.fun/live/cctv-4kgao-qing-5.m3u8
[BD]cctv-4k高清,https://live-play-hls.cctvnews.cctv.com/CCTVChannel/channel_cctv4k_mbd.m3u8?auth_key=1783969200-1-b59134a2ead43d7f783f943c8f535e7bb80c5169575b2e8efcd5b3ddea21b41c-4fd552e1493675fcd713c0f858b3fe55&yid=b59134a2ead43d7f783f943c8f535e7bb80c5169575b2e8efcd5b3ddea21b41c
[SD]cctv-4中文国际,https://t.freetv.fun/live/cctv-4zhong-wen-guo-ji.m3u8
[BD]cctv-4中文国际,https://t.freetv.fun/live/cctv-4zhong-wen-guo-ji-1.m3u8
[BD]cctv-4中文国际,https://t.freetv.fun/live/cctv-4zhong-wen-guo-ji-2.m3u8
[SD]cctv-4中文国际,https://t.freetv.fun/live/cctv-4zhong-wen-guo-ji-3.m3u8
[HD]cctv-4中文国际,https://t.freetv.fun/live/cctv-4zhong-wen-guo-ji-4.m3u8
[SD]cctv-4中文国际,https://t.freetv.fun/live/cctv-4zhong-wen-guo-ji-5.m3u8
[SD]cctv-4中文国际,https://t.freetv.fun/live/cctv-4zhong-wen-guo-ji-6.m3u8
[SD]cctv-4中文国际,https://t.freetv.fun/live/cctv-4zhong-wen-guo-ji-7.m3u8
[BD]cctv-4中文国际,https://t.freetv.fun/live/cctv-4zhong-wen-guo-ji-9.m3u8
[BD]cctv-4中文国际,https://t.freetv.fun/live/cctv-4zhong-wen-guo-ji-10.m3u8
[BD]cctv-4中文国际,https://t.freetv.fun/live/cctv-4zhong-wen-guo-ji-11.m3u8
[HD]cctv4中文国际,https://t.freetv.fun/live/cctv4zhong-wen-guo-ji.m3u8
[HD]cctv4中文国际,https://t.freetv.fun/live/cctv4zhong-wen-guo-ji-1.m3u8
[BD]cctv-4 中文国际,https://t.freetv.fun/live/cctv-4-zhong-wen-guo-ji.m3u8
[BD]cctv-4 中文国际,https://t.freetv.fun/live/cctv-4-zhong-wen-guo-ji-1.m3u8
[BD]cctv-4 中文国际,https://t.freetv.fun/live/cctv-4-zhong-wen-guo-ji-2.m3u8
[BD]cctv-4 中文国际,https://t.freetv.fun/live/cctv-4-zhong-wen-guo-ji-3.m3u8
[BD]cctv-4 中文国际,https://t.freetv.fun/live/cctv-4-zhong-wen-guo-ji-4.m3u8
[BD]cctv-4 中文国际,https://live-play-hls.cctvnews.cctv.com/CCTVChannel/channel_cctv4_mbd.m3u8?auth_key=1783969200-1-b59134a2ead43d7f783f943c8f535e7bb80c5169575b2e8efcd5b3ddea21b41c-6b1ef827b98d42fb6b5f743e425f3480&yid=b59134a2ead43d7f783f943c8f535e7bb80c5169575b2e8efcd5b3ddea21b41c
[BD]cctv-4 中文国际,https://t.freetv.fun/live/cctv-4-zhong-wen-guo-ji-6.m3u8
[BD]cctv52,https://t.freetv.fun/live/cctv52.m3u8
[HD]cctv5体育,https://t.freetv.fun/live/cctv5ti-yu.m3u8
[HD]cctv5体育,https://t.freetv.fun/live/cctv5ti-yu-1.m3u8
[BD]cctv-5 plus体育赛事,https://t.freetv.fun/live/cctv-5-plusti-yu-sai-shi.m3u8
[HD]cctv5 plus体育赛事,https://t.freetv.fun/live/cctv5-plusti-yu-sai-shi.m3u8
[BD]cctv-5 plus体育赛事,https://t.freetv.fun/live/cctv-5-plusti-yu-sai-shi-1.m3u8
[HD]cctv5 plus体育赛事,https://t.freetv.fun/live/cctv5-plusti-yu-sai-shi-1.m3u8
[BD]cctv-5 plus体育赛事,https://t.freetv.fun/live/cctv-5-plusti-yu-sai-shi-2.m3u8
[BD]cctv-5 plus体育赛事,https://t.freetv.fun/live/cctv-5-plusti-yu-sai-shi-3.m3u8
[HD]cctv6电影,https://t.freetv.fun/live/cctv6dian-ying.m3u8
[HD]cctv6电影,https://t.freetv.fun/live/cctv6dian-ying-1.m3u8
[BD]cctv6-电影,https://t.freetv.fun/live/cctv6-dian-ying-1.m3u8
[VGA]cctv6-电影,https://t.freetv.fun/live/cctv6-dian-ying-2.m3u8
[HD]cctv-4k超高清,https://t.freetv.fun/live/cctv-4kchao-gao-qing.m3u8
[HD]cctv9纪录,https://t.freetv.fun/live/cctv9ji-lu.m3u8
[HD]cctv9纪录,https://t.freetv.fun/live/cctv9ji-lu-1.m3u8
[BD]cctv第一剧场,https://t.freetv.fun/live/cctvdi-yi-ju-chang-2.m3u8
[BD]cctv-第一剧场,https://t.freetv.fun/live/cctv-di-yi-ju-chang.m3u8
[BD]cctv-第一剧场,https://t.freetv.fun/live/cctv-di-yi-ju-chang-1.m3u8
[BD]cctv-第一剧场,https://t.freetv.fun/live/cctv-di-yi-ju-chang-2.m3u8
[VGA]cctv-第一剧场,https://t.freetv.fun/live/cctv-di-yi-ju-chang-3.m3u8
[BD]cctv-第一剧场,https://t.freetv.fun/live/cctv-di-yi-ju-chang-4.m3u8
[BD]cctv-第一剧场,https://t.freetv.fun/live/cctv-di-yi-ju-chang-5.m3u8
[HD]cctv-第一剧场,https://t.freetv.fun/live/cctv-di-yi-ju-chang-6.m3u8
[BD]cctv第一剧场-,https://t.freetv.fun/live/cctvdi-yi-ju-chang.m3u8
[BD]cctv-风云足球,https://t.freetv.fun/live/cctv-feng-yun-zu-qiu.m3u8
[BD]cctv-风云足球,https://t.freetv.fun/live/cctv-feng-yun-zu-qiu-1.m3u8
[BD]cctv-风云足球,https://t.freetv.fun/live/cctv-feng-yun-zu-qiu-2.m3u8
[BD]cctv-风云足球,https://t.freetv.fun/live/cctv-feng-yun-zu-qiu-3.m3u8
[BD]cctv-风云足球,https://t.freetv.fun/live/cctv-feng-yun-zu-qiu-4.m3u8
[HD]cctv-风云足球,https://t.freetv.fun/live/cctv-feng-yun-zu-qiu-5.m3u8
[BD]cctv风云足球-,https://t.freetv.fun/live/cctvfeng-yun-zu-qiu.m3u8
[BD]cctv-风云音乐,https://t.freetv.fun/live/cctv-feng-yun-yin-le.m3u8
[BD]cctv-风云音乐,https://t.freetv.fun/live/cctv-feng-yun-yin-le-1.m3u8
[BD]cctv-风云音乐,https://t.freetv.fun/live/cctv-feng-yun-yin-le-2.m3u8
[BD]cctv-风云音乐,https://t.freetv.fun/live/cctv-feng-yun-yin-le-3.m3u8
[BD]cctv-风云音乐,https://t.freetv.fun/live/cctv-feng-yun-yin-le-4.m3u8
[HD]cctv-风云音乐,https://t.freetv.fun/live/cctv-feng-yun-yin-le-5.m3u8
[BD]cctv风云音乐-,https://t.freetv.fun/live/cctvfeng-yun-yin-le.m3u8
[HD]espn deportes,https://t.freetv.fun/live/espn-deportes.m3u8
[BD]cctv-4k超高清,https://t.freetv.fun/live/cctv-4kchao-gao-qing-9.m3u8
[HD]cctv-4k超高清,https://t.freetv.fun/live/cctv-4kchao-gao-qing-10.m3u8
[HD]cgtn,https://t.freetv.fun/live/cgtn-1.m3u8
[BD]cgtn documentary,https://t.freetv.fun/live/cgtn-documentary.m3u8
[BD]cgtn documentary,https://t.freetv.fun/live/cgtn-documentary-1.m3u8
[BD]cgtn documentary,https://t.freetv.fun/live/cgtn-documentary-2.m3u8
[BD]documentary plus,https://t.freetv.fun/live/documentary-plus.m3u8
[SD]cgtn documentary (1080p),https://t.freetv.fun/live/cgtn-documentary-1080p.m3u8
[BD]cgtn-español,https://t.freetv.fun/live/cgtn-espanol.m3u8
[BD]cgtn français,https://t.freetv.fun/live/cgtn-francais.m3u8
[VGA]cgtn français,https://t.freetv.fun/live/cgtn-francais-2.m3u8
[BD]cgtn русский,https://t.freetv.fun/live/cgtn-russkii-1.m3u8
[BD]cgtn法语,https://t.freetv.fun/live/cgtnfa-yu.m3u8
[HD]cgtn纪录,https://t.freetv.fun/live/cgtnji-lu.m3u8
[BD]cgtn,https://t.freetv.fun/live/cgtn-1.m3u8
[HD]cgtn纪录,https://t.freetv.fun/live/cgtnji-lu-1.m3u8
[BD]cgtn西语,https://t.freetv.fun/live/cgtnxi-yu.m3u8
[BD]cgtn阿语,https://t.freetv.fun/live/cgtna-yu.m3u8
[BD]cgtn法语,https://t.freetv.fun/live/cgtnfa-yu-1.m3u8
[BD]cgtn俄语,https://t.freetv.fun/live/cgtne-yu.m3u8
[VGA]cgtn法语,https://t.freetv.fun/live/cgtnfa-yu-2.m3u8
[BD]cgtn西语,https://t.freetv.fun/live/cgtnxi-yu-1.m3u8
[BD]cgtn阿语,https://t.freetv.fun/live/cgtna-yu-1.m3u8
[HD]cgtn,https://t.freetv.fun/live/cgtn-3.m3u8
[SD]cgtn,https://t.freetv.fun/live/cgtn-4.m3u8
[BD]cgtn,https://t.freetv.fun/live/cgtn-6.m3u8
[BD]cgtn,https://t.freetv.fun/live/cgtn-8.m3u8
[BD]cgtn俄语,https://t.freetv.fun/live/cgtne-yu-3.m3u8
[BD]cgtn法语,https://t.freetv.fun/live/cgtnfa-yu-3.m3u8
[BD]cgtn法语,https://t.freetv.fun/live/cgtnfa-yu-4.m3u8
[VGA]cgtn,https://t.freetv.fun/live/cgtn-10.m3u8
[VGA]cgtn俄语,https://t.freetv.fun/live/cgtne-yu-4.m3u8
[SD]cgtn新闻,https://t.freetv.fun/live/cgtnxin-wen.m3u8
[SD]cgtn新闻,https://t.freetv.fun/live/cgtnxin-wen-1.m3u8
[SD]cgtn新闻,https://t.freetv.fun/live/cgtnxin-wen-2.m3u8
[BD]cgtn法语,https://t.freetv.fun/live/cgtnfa-yu-6.m3u8
[BD]cgtn新闻,https://t.freetv.fun/live/cgtnxin-wen-3.m3u8
[SD]cgtn新闻,https://t.freetv.fun/live/cgtnxin-wen-5.m3u8
[HD]cgtn,https://t.freetv.fun/live/cgtn-15.m3u8
[BD]cgtn财经,https://t.freetv.fun/live/cgtncai-jing.m3u8
[BD]cgtn r,https://t.freetv.fun/live/cgtn-r.m3u8
[BD]test channel 3,https://t.freetv.fun/live/test-channel-3.m3u8
[BD]tennis channel,https://t.freetv.fun/live/tennis-channel.m3u8
[HD]light channel,https://t.freetv.fun/live/light-channel.m3u8
[HD]light channel,https://t.freetv.fun/live/light-channel-1.m3u8
[BD]magna channel,https://t.freetv.fun/live/magna-channel.m3u8
[BD]channel y,https://t.freetv.fun/live/channel-y.m3u8
[BD]pursuit channel,https://t.freetv.fun/live/pursuit-channel.m3u8
[HD]channel 11,https://t.freetv.fun/live/channel-11.m3u8
[HD]xplore channel,https://t.freetv.fun/live/xplore-channel.m3u8
[HD]kurd channel,https://t.freetv.fun/live/kurd-channel.m3u8
[HD]chile channel (720p),https://t.freetv.fun/live/chile-channel-720p.m3u8
[BD]nascar channel,https://t.freetv.fun/live/nascar-channel.m3u8
[BD]motogp channel,https://t.freetv.fun/live/motogp-channel.m3u8
[BD]the lego channel,https://t.freetv.fun/live/the-lego-channel-1.m3u8
[VGA]channel 18 gac,https://t.freetv.fun/live/channel-18-gac.m3u8
[BD]cci channel,https://t.freetv.fun/live/cci-channel.m3u8
[HD]bek channel,https://t.freetv.fun/live/bek-channel.m3u8
[BD]china channel,https://t.freetv.fun/live/china-channel.m3u8
[BD]r channel,https://t.freetv.fun/live/r-channel.m3u8
[BD]dmoda channel,https://t.freetv.fun/live/dmoda-channel.m3u8
[BD]soccer channel,https://t.freetv.fun/live/soccer-channel.m3u8
[BD]chc动作电影,https://t.freetv.fun/live/chcdong-zuo-dian-ying.m3u8
[BD]chc动作电影,https://t.freetv.fun/live/chcdong-zuo-dian-ying-2.m3u8
[BD]chc动作电影,https://t.freetv.fun/live/chcdong-zuo-dian-ying-3.m3u8
[BD]chc动作电影,https://t.freetv.fun/live/chcdong-zuo-dian-ying-6.m3u8
[BD]chc动作电影,https://t.freetv.fun/live/chcdong-zuo-dian-ying-7.m3u8
[BD]chc动作电影,https://t.freetv.fun/live/chcdong-zuo-dian-ying-1.m3u8
[BD]chc动作电影,https://t.freetv.fun/live/chcdong-zuo-dian-ying-5.m3u8
[HD]CHC动作电影 *$,https://t.freetv.fun/live/chcdong-zuo-dian-ying-4.m3u8
[BD]chc家庭影院,https://t.freetv.fun/live/chcjia-ting-ying-yuan-1.m3u8
[BD]chc家庭影院,https://t.freetv.fun/live/chcjia-ting-ying-yuan-2.m3u8
[BD]chc家庭影院,https://t.freetv.fun/live/chcjia-ting-ying-yuan-4.m3u8
[BD]chc家庭影院,https://t.freetv.fun/live/chcjia-ting-ying-yuan-5.m3u8
[BD]chc家庭影院,https://t.freetv.fun/live/chcjia-ting-ying-yuan.m3u8
[BD]chc家庭影院,https://t.freetv.fun/live/chcjia-ting-ying-yuan-3.m3u8
[BD]chc家庭影院,https://t.freetv.fun/live/chcjia-ting-ying-yuan-6.m3u8
[HD]CHC家庭影院 *$,https://t.freetv.fun/live/chcjia-ting-ying-yuan-7.m3u8
[BD]chc影迷电影,https://t.freetv.fun/live/chcying-mi-dian-ying-6.m3u8
[HD]chc影迷电影,https://t.freetv.fun/live/chcying-mi-dian-ying-1.m3u8
[BD]chc影迷电影,https://t.freetv.fun/live/chcying-mi-dian-ying-3.m3u8
[BD]chc影迷电影,https://t.freetv.fun/live/chcying-mi-dian-ying-4.m3u8
[BD]chc影迷电影,https://t.freetv.fun/live/chcying-mi-dian-ying-5.m3u8
[BD]chc影迷电影,https://t.freetv.fun/live/chcying-mi-dian-ying-7.m3u8
[BD]chc影迷电影,https://t.freetv.fun/live/chcying-mi-dian-ying-8.m3u8
[BD]cinecanal south,https://t.freetv.fun/live/cinecanal-south.m3u8
[BD]cinecanal pacific,https://t.freetv.fun/live/cinecanal-pacific.m3u8
[BD]stingray classica,https://t.freetv.fun/live/stingray-classica.m3u8
[SD]stingray classica (1080p),https://t.freetv.fun/live/stingray-classica-1080p.m3u8
[BD]msg plus,https://t.freetv.fun/live/msg-plus.m3u8
[HD]mgm plus,https://t.freetv.fun/live/mgm-plus.m3u8
[HD]mgm plus,https://t.freetv.fun/live/mgm-plus-1.m3u8
[HD]4music,https://t.freetv.fun/live/4music.m3u8
[HD]cnn brasil,https://t.freetv.fun/live/cnn-brasil.m3u8
[BD]cnn brasil,https://t.freetv.fun/live/cnn-brasil-2.m3u8
[BD]cna,https://t.freetv.fun/live/cna.m3u8
[BD]cna *$,https://t.freetv.fun/live/cna-1.m3u8
[BD]cnbc arabia,https://t.freetv.fun/live/cnbc-arabia.m3u8
[VGA]cnbc arabiya,https://t.freetv.fun/live/cnbc-arabiya.m3u8
[HD]cnbc world,https://t.freetv.fun/live/cnbc-world-1.m3u8
[BD]cnbc,https://t.freetv.fun/live/cnbc.m3u8
[BD]cnbc,https://t.freetv.fun/live/cnbc-1.m3u8
[BD]cnbc,https://t.freetv.fun/live/cnbc-2.m3u8
[HD]cnbc,https://t.freetv.fun/live/cnbc-3.m3u8
[BD]cnbc,https://t.freetv.fun/live/cnbc-4.m3u8
[HD]cnn,https://t.freetv.fun/live/cnn.m3u8
[BD]cnn,https://t.freetv.fun/live/cnn-1.m3u8
[SD]cnn,https://t.freetv.fun/live/cnn-3.m3u8
[BD]cnn,https://t.freetv.fun/live/cnn-6.m3u8
[BD]hln,https://t.freetv.fun/live/hln.m3u8
[HD]cnn indonesia,https://t.freetv.fun/live/cnn-indonesia.m3u8
[HD]cnbc indonesia,https://t.freetv.fun/live/cnbc-indonesia-2.m3u8
[HD]cnbc indonesia,https://t.freetv.fun/live/cnbc-indonesia-3.m3u8
[HD]cnn indonesia,https://t.freetv.fun/live/cnn-indonesia-3.m3u8
CGTN英语,https://0472.org/hls/cgtn.m3u8
[BD]cnn en español,https://t.freetv.fun/live/cnn-en-espanol.m3u8
CGTN记录,https://0472.org/hls/cgtnd.m3u8
[BD]beyblade en español,https://t.freetv.fun/live/beyblade-en-espanol.m3u8
CGTN俄语,https://0472.org/hls/cgtne.m3u8
[BD]cn卡通,https://t.freetv.fun/live/cnqia-tong.m3u8
CGTN法语,https://0472.org/hls/cgtnf.m3u8
[BD]crtv,https://t.freetv.fun/live/crtv.m3u8
CGTN西语,https://0472.org/hls/cgtnx.m3u8
[SD]117 ctc love,https://t.freetv.fun/live/117-ctc-love.m3u8
CGTN阿语,https://0472.org/hls/cgtna.m3u8
[SD]actv,https://t.freetv.fun/live/actv.m3u8
延边卫视,http://[2409:8087:8:21::18]:6610/otttv.bj.chinamobile.com/PLTV/88888888/224/3221227045/1.m3u8?GuardEncType=2&accountinfo=%7E%7EV2.0%7Eq0D3NdTUN7FuRzr8eJsbQA%7EtP4-l0lmSfjwLWEfK_el1vH_mv-s1zo4AQJwdedaVwG9xkuFTDg8J26cwOrNJzn20BErrHdLhuZ9EzLUCD3PMW-OMx4MGteHV2vLeW6BqoY%2CEND
[BD]ctv ca,https://t.freetv.fun/live/ctv-ca.m3u8
康巴卫视,http://[2409:8087:8:21::18]:6610/otttv.bj.chinamobile.com/PLTV/88888888/224/3221227027/1.m3u8?GuardEncType=2&accountinfo=%7E%7EV2.0%7EkHMvBpWz4rccMxNvSRekpQ%7EtP4-l0lmSfjwLWEfK_el1vH_mv-s1zo4AQJwdedaVwG9xkuFTDg8J26cwOrNJzn20BErrHdLhuZ9EzLUCD3PMW-OMx4MGteHV2vLeW6BqoY%2CEND
[HD]ctv drama channel,https://t.freetv.fun/live/ctv-drama-channel.m3u8
浙江新闻,https://ali-m-l.cztv.com/channels/lantian/channel007/1080p.m3u8
[BD]ctv drama channel ca,https://t.freetv.fun/live/ctv-drama-channel-ca.m3u8
浙江国际,https://ali-m-l.cztv.com/channels/lantian/channel010/1080p.m3u8
[BD]cbn news channel,https://t.freetv.fun/live/cbn-news-channel.m3u8
浙江少儿,https://ali-m-l.cztv.com/channels/lantian/channel008/1080p.m3u8
[BD]ctv news channel ca,https://t.freetv.fun/live/ctv-news-channel-ca.m3u8
浙江教科,https://ali-m-l.cztv.com/channels/lantian/channel004/1080p.m3u8
[HD]cw,https://t.freetv.fun/live/cw.m3u8
之江纪录,https://ali-m-l.cztv.com/channels/lantian/channel012/1080p.m3u8
[HD]cablenoticias,https://t.freetv.fun/live/cablenoticias.m3u8
浙江民生,https://ali-m-l.cztv.com/channels/lantian/channel006/1080p.m3u8
[BD]california music channel,https://t.freetv.fun/live/california-music-channel.m3u8
浙江经济,https://ali-m-l.cztv.com/channels/lantian/channel003/1080p.m3u8
[HD]canal 10,https://t.freetv.fun/live/canal-10.m3u8
浙江钱江,https://ali-m-l.cztv.com/channels/lantian/channel002/1080p.m3u8
[HD]canal 12,https://t.freetv.fun/live/canal-12.m3u8
内蒙新闻,https://livestream-bt.nmtv.cn/nmtv/2316general.m3u8?txSecret=b4373417a82ed64e52b0982a66da8df2&txTime=771E8800
[HD]canal 2,https://t.freetv.fun/live/canal-2.m3u8
内蒙经济,https://livestream-bt.nmtv.cn/nmtv/2317general.m3u8?txSecret=112b2c4c872de52b0f37aff6ead63ef0&txTime=771E8800
[BD]canal 26,https://t.freetv.fun/live/canal-26.m3u8
内蒙少儿,https://livestream-bt.nmtv.cn/nmtv/2318general.m3u8?txSecret=a2c948908728a0733cecbe1fadea23dc&txTime=771E8800
[VGA]canal 26,https://t.freetv.fun/live/canal-26-1.m3u8
内蒙文体,https://livestream-bt.nmtv.cn/nmtv/2319general.m3u8?txSecret=c7b5c515d2bb6df442492d54955329a3&txTime=771E8800
[BD]canal 4,https://t.freetv.fun/live/canal-4.m3u8
内蒙农牧,https://livestream-bt.nmtv.cn/nmtv/2320general.m3u8?txSecret=4d368a175afa19737a9f5be10af24fe2&txTime=771E8800
[HD]canal 4,https://t.freetv.fun/live/canal-4-1.m3u8
蒙语卫视,https://livestream-bt.nmtv.cn/nmtv/2315general.m3u8?txSecret=4971666599ef9411629213c9a300bf66&txTime=771EF880
[BD]canal 5,https://t.freetv.fun/live/canal-5.m3u8
蒙语文化,https://livestream-bt.nmtv.cn/nmtv/2321general.m3u8?txSecret=d9d0fd7a252ef56b515c46a2e21830f4&txTime=771E8800
[BD]canal 6,https://t.freetv.fun/live/canal-6.m3u8
呼市新闻综合,https://livestream-bt.nmtv.cn/nmtv/2331general.m3u8?txSecret=4d7342ca5cd74480526ab6d292247aff&txTime=771E8800
[HD]canal 6,https://t.freetv.fun/live/canal-6-1.m3u8
包头新闻综合,https://livestream-bt.nmtv.cn/nmtv/2358general.m3u8?txSecret=98390a77c143a68f0fd64bfe6e181dcb&txTime=771E8800
[HD]canal 8,https://t.freetv.fun/live/canal-8.m3u8
鄂尔多斯新闻,https://livestream-bt.nmtv.cn/nmtv/2349general.m3u8?txSecret=e44477052aba305cadeea45aaf1c674a&txTime=771E8800
[HD]canal futura,https://t.freetv.fun/live/canal-futura.m3u8
巴彦淖尔新闻,https://livestream-bt.nmtv.cn/nmtv/2348general.m3u8?txSecret=6a4ddce077e41b976fe33619fbef2b30&txTime=771E8800
[HD]canal motor,https://t.freetv.fun/live/canal-motor.m3u8
赤峰新闻综合,https://livestream-bt.nmtv.cn/nmtv/2351general.m3u8?txSecret=8857087aeec2cec44d178a18550fdb8a&txTime=771E8800
[BD]canal san roque,https://t.freetv.fun/live/canal-san-roque.m3u8
乌兰察布新闻,https://livestream-bt.nmtv.cn/nmtv/2354general.m3u8?txSecret=cf5f71d0000862b18f5813607b3dfd5b&txTime=771E8800
[HD]canal 56,https://t.freetv.fun/live/canal-56-1.m3u8
[BD]canal catorce,https://t.freetv.fun/live/canal-catorce.m3u8
[HD]canal gov,https://t.freetv.fun/live/canal-gov.m3u8
[HD]canal motor,https://t.freetv.fun/live/canal-motor-1.m3u8
[HD]canal ipe,https://t.freetv.fun/live/canal-ipe.m3u8
[BD]canal i,https://t.freetv.fun/live/canal-i.m3u8
[BD]canal j,https://t.freetv.fun/live/canal-j.m3u8
[BD]canal rcn,https://t.freetv.fun/live/canal-rcn.m3u8
[HD]canal rural,https://t.freetv.fun/live/canal-rural.m3u8
[BD]canal rural,https://t.freetv.fun/live/canal-rural-2.m3u8
[BD]telesur,https://t.freetv.fun/live/telesur.m3u8
[VGA]telesur ᴴᴰ,https://t.freetv.fun/live/telesur-hd.m3u8
[BD]canal goat,https://t.freetv.fun/live/canal-goat.m3u8
[HD]am canal,https://t.freetv.fun/live/am-canal.m3u8
[BD]canal do boi,https://t.freetv.fun/live/canal-do-boi.m3u8
[BD]canal congreso,https://t.freetv.fun/live/canal-congreso.m3u8
[VGA]tvo canal 23,https://t.freetv.fun/live/tvo-canal-23.m3u8
[HD]agro canal,https://t.freetv.fun/live/agro-canal.m3u8
[BD]canal plus sport 5,https://t.freetv.fun/live/canal-plus-sport-5.m3u8
[BD]canal plus sport 2,https://t.freetv.fun/live/canal-plus-sport-2-1.m3u8
[HD]canal plus cinemas,https://t.freetv.fun/live/canal-plus-cinemas.m3u8
[BD]canal plus film pl,https://t.freetv.fun/live/canal-plus-film-pl.m3u8
[BD]canal plus fr,https://t.freetv.fun/live/canal-plus-fr.m3u8
[BD]canal plus sport 360 fr,https://t.freetv.fun/live/canal-plus-sport-360-fr.m3u8
[BD]canal plus sport 2 pl,https://t.freetv.fun/live/canal-plus-sport-2-pl.m3u8
[BD]canal plus sport fr,https://t.freetv.fun/live/canal-plus-sport-fr.m3u8
[BD]canal plus sport 3,https://t.freetv.fun/live/canal-plus-sport-3.m3u8
[BD]canal plus sport 4,https://t.freetv.fun/live/canal-plus-sport-4.m3u8
[BD]canal plus sport 2,https://t.freetv.fun/live/canal-plus-sport-2.m3u8
[BD]canal plus sport,https://t.freetv.fun/live/canal-plus-sport.m3u8
[BD]canal plus sport,https://t.freetv.fun/live/canal-plus-sport-1.m3u8
[BD]canale 5 au3,https://t.freetv.fun/live/canale-5-au3.m3u8
[BD]canale 5 au2,https://t.freetv.fun/live/canale-5-au2.m3u8
[BD]canale 5 au1,https://t.freetv.fun/live/canale-5-au1.m3u8
[BD]canale 5 au,https://t.freetv.fun/live/canale-5-au.m3u8
[BD]canale 5,https://t.freetv.fun/live/canale-5.m3u8
[HD]canale 7,https://t.freetv.fun/live/canale-7.m3u8
[HD]canale 7,https://t.freetv.fun/live/canale-7-1.m3u8
[HD]50 canale,https://t.freetv.fun/live/50-canale.m3u8
[BD]campus tv,https://t.freetv.fun/live/campus-tv.m3u8
[VGA]campus tv,https://t.freetv.fun/live/campus-tv-1.m3u8
[BD]caracol tv,https://t.freetv.fun/live/caracol-tv.m3u8
[BD]caracol 2,https://t.freetv.fun/live/caracol-2.m3u8
[BD]cartoon network,https://t.freetv.fun/live/cartoon-network-1.m3u8
[HD]cartoon network,https://t.freetv.fun/live/cartoon-network-2.m3u8
[HD]cartoon network,https://t.freetv.fun/live/cartoon-network-3.m3u8
[VGA]cartoonito,https://t.freetv.fun/live/cartoonito.m3u8
[BD]central tv,https://t.freetv.fun/live/central-tv.m3u8
[VGA]cetelmón tv,https://t.freetv.fun/live/cetelmon-tv.m3u8
[HD]reshet 13,https://t.freetv.fun/live/reshet-13-1.m3u8
[BD]channel 4 uk,https://t.freetv.fun/live/channel-4-uk.m3u8
[BD]channel 5,https://t.freetv.fun/live/channel-5.m3u8
[BD]channel 5,https://t.freetv.fun/live/channel-5-1.m3u8
[BD]channel 8,https://t.freetv.fun/live/channel-8.m3u8
[SD]channel 8,https://t.freetv.fun/live/channel-8-1.m3u8
[BD]channel 8,https://t.freetv.fun/live/channel-8-3.m3u8
[SD]channel one plus 8,https://t.freetv.fun/live/channel-one-plus-8.m3u8
[BD]channel 9,https://t.freetv.fun/live/channel-9.m3u8
[BD]channel 9,https://t.freetv.fun/live/channel-9-1.m3u8
[BD]one channel,https://t.freetv.fun/live/one-channel.m3u8
[BD]chef tv,https://t.freetv.fun/live/chef-tv.m3u8
[BD]christian youth channel,https://t.freetv.fun/live/christian-youth-channel.m3u8
[VGA]christian youth channel (cyc) (1080p),https://t.freetv.fun/live/christian-youth-channel-cyc-1080p.m3u8
[BD]cielo,https://t.freetv.fun/live/cielo.m3u8
[BD]cine plus frisson,https://t.freetv.fun/live/cine-plus-frisson.m3u8
[BD]cine plus hit,https://t.freetv.fun/live/cine-plus-hit.m3u8
[BD]cine plus,https://t.freetv.fun/live/cine-plus.m3u8
[SD]cine plus classic,https://t.freetv.fun/live/cine-plus-classic.m3u8
[BD]ciné plus classic fr,https://t.freetv.fun/live/cine-plus-classic-fr.m3u8
[BD]ciné plus emotion fr,https://t.freetv.fun/live/cine-plus-emotion-fr.m3u8
[BD]classic cinema,https://t.freetv.fun/live/classic-cinema.m3u8
[BD]alpha cinema,https://t.freetv.fun/live/alpha-cinema.m3u8
[SD]70s cinema,https://t.freetv.fun/live/70s-cinema.m3u8
[SD]black cinema,https://t.freetv.fun/live/black-cinema.m3u8
[VGA]classic cinema (240p) [not 24/7],https://t.freetv.fun/live/classic-cinema-240p-not-24-7.m3u8
[BD]btv cinema,https://t.freetv.fun/live/btv-cinema.m3u8
[VGA]classic cinema,https://t.freetv.fun/live/classic-cinema-1.m3u8
[BD]silk way cinema kz,https://t.freetv.fun/live/silk-way-cinema-kz.m3u8
[BD]joj cinema,https://t.freetv.fun/live/joj-cinema.php
[HD]biz cinema,https://t.freetv.fun/live/biz-cinema.m3u8
[BD]alpha cinema,https://t.freetv.fun/live/alpha-cinema-1.m3u8
[BD]cinemaworld,https://t.freetv.fun/live/cinemaworld-1.php
[BD]cinemaworld,https://t.freetv.fun/live/cinemaworld-2.m3u8
[BD]cinemax,https://t.freetv.fun/live/cinemax.m3u8
[BD]cinemax,https://t.freetv.fun/live/cinemax-1.m3u8
[HD]cinemax,https://t.freetv.fun/live/cinemax-3.ts
[BD]cinemax,https://t.freetv.fun/live/cinemax-5.m3u8
[SD]cinemax经典,https://t.freetv.fun/live/cinemaxjing-dian.m3u8
[BD]cinemax精选,https://t.freetv.fun/live/cinemaxjing-xuan.m3u8
[SD]city tv,https://t.freetv.fun/live/city-tv.m3u8
[VGA]tvs classic movies (288p),https://t.freetv.fun/live/tvs-classic-movies-288p.m3u8
[BD]comedy central,https://t.freetv.fun/live/comedy-central.m3u8
[BD]comedy central,https://t.freetv.fun/live/comedy-central-1.m3u8
[BD]comedy central,https://t.freetv.fun/live/comedy-central-2.m3u8
[SD]comedy central,https://t.freetv.fun/live/comedy-central-3.m3u8
[BD]cosmo,https://t.freetv.fun/live/cosmo.m3u8
[BD]ortb tv,https://t.freetv.fun/live/ortb-tv.m3u8
[HD]crime plus investigation,https://t.freetv.fun/live/crime-plus-investigation.m3u8
[SD]crime plus investigation cee,https://t.freetv.fun/live/crime-plus-investigation-cee.m3u8
[HD]cozi tv,https://t.freetv.fun/live/cozi-tv.m3u8
[BD]cozi tv,https://t.freetv.fun/live/cozi-tv-1.m3u8
[BD]dazn ringside,https://t.freetv.fun/live/dazn-ringside.m3u8
[HD]dazn1,rtmp://f13h.mine.nu/sat/tv731
[HD]dazn 1 pt,https://t.freetv.fun/live/dazn-1-pt.m3u8
[SD]dazn 5 pt,https://t.freetv.fun/live/dazn-5-pt.m3u8
[VGA]dazn 3 pt,https://t.freetv.fun/live/dazn-3-pt.m3u8
[BD]dazn 5,https://t.freetv.fun/live/dazn-5.m3u8
[BD]dd national,https://t.freetv.fun/live/dd-national.m3u8
[BD]dd national,https://t.freetv.fun/live/dd-national-1.m3u8
[BD]deejay tv,https://t.freetv.fun/live/deejay-tv.m3u8
[BD]deejay tv,https://t.freetv.fun/live/deejay-tv-1.m3u8
[BD]deutsche welle,https://t.freetv.fun/live/deutsche-welle.m3u8
[HD]dieu tv,https://t.freetv.fun/live/dieu-tv.m3u8
[BD]digi sport 3,https://t.freetv.fun/live/digi-sport-3.m3u8
[BD]digi sport 4,https://t.freetv.fun/live/digi-sport-4.m3u8
[VGA]Discovery Channel,https://t.freetv.fun/live/discovery-channel-1-1.m3u8
[HD]discovery world,https://t.freetv.fun/live/discovery-world.m3u8
[BD]discovery turbo italy,https://t.freetv.fun/live/discovery-turbo-italy.m3u8
[BD]vision latina network,https://t.freetv.fun/live/vision-latina-network.m3u8
[HD]ning tv,https://t.freetv.fun/live/ning-tv.m3u8
[BD]dmax,https://t.freetv.fun/live/dmax-1.m3u8
[BD]sport2,https://t.freetv.fun/live/sport2.m3u8
[HD]dunya news,https://t.freetv.fun/live/dunya-news.m3u8
[BD]dw english,https://t.freetv.fun/live/dw-english.m3u8
[BD]telesur english,https://t.freetv.fun/live/telesur-english.m3u8
[HD]africanews english,https://t.freetv.fun/live/africanews-english.m3u8
[HD]3abn english,https://t.freetv.fun/live/3abn-english.m3u8
[BD]dw english,https://t.freetv.fun/live/dw-english-2.m3u8
[VGA]telesur english,https://t.freetv.fun/live/telesur-english-2.m3u8
[BD]english class,https://t.freetv.fun/live/english-class.m3u8
[HD]西班牙dw español ⓢ,https://t.freetv.fun/live/xi-ban-ya-dw-espanol-s.m3u8
[BD]amc latin america,https://t.freetv.fun/live/amc-latin-america.m3u8
[HD]mtv latin america,https://t.freetv.fun/live/mtv-latin-america.m3u8
[BD]axn latin america,https://t.freetv.fun/live/axn-latin-america.m3u8
[BD]axn latin america,https://t.freetv.fun/live/axn-latin-america-1.m3u8
[BD]amc latin america,https://t.freetv.fun/live/amc-latin-america-1.m3u8
[SD]bbc news europe,https://t.freetv.fun/live/bbc-news-europe.m3u8
[SD]da vinci,https://t.freetv.fun/live/da-vinci.m3u8
[SD]da vinci,https://t.freetv.fun/live/da-vinci-2.m3u8
[HD]daai tv,https://t.freetv.fun/live/daai-tv.m3u8
[BD]das erste,https://t.freetv.fun/live/das-erste.m3u8
[BD]das erste,https://t.freetv.fun/live/das-erste-3.m3u8
[VGA]delta tv,https://t.freetv.fun/live/delta-tv-3.m3u8
[SD]diema,https://t.freetv.fun/live/diema-1.m3u8
[BD]discovery channel,https://t.freetv.fun/live/discovery-channel.m3u8
[BD]discovery channel,https://t.freetv.fun/live/discovery-channel-1.m3u8
[BD]discovery family channel,https://t.freetv.fun/live/discovery-family-channel-1.m3u8
[SD]118 discovery channel,https://t.freetv.fun/live/118-discovery-channel.m3u8
[HD]discovery kids,https://t.freetv.fun/live/discovery-kids.m3u8
[HD]discovery kids,https://t.freetv.fun/live/discovery-kids-1.m3u8
[HD]discovery life,https://t.freetv.fun/live/discovery-life-1.m3u8
[VGA]discovery science,https://t.freetv.fun/live/discovery-science.m3u8
[BD]science,https://t.freetv.fun/live/science.m3u8
[HD]discovery turbo,https://t.freetv.fun/live/discovery-turbo.m3u8
[VGA]discovery turbo,https://t.freetv.fun/live/discovery-turbo-1.m3u8
[BD]turbo,https://t.freetv.fun/live/turbo.m3u8
[BD]discovery,https://t.freetv.fun/live/discovery.m3u8
[HD]discovery id,https://t.freetv.fun/live/discovery-id.m3u8
[HD]discovery h h,https://t.freetv.fun/live/discovery-h-h.m3u8
[HD]disney channel east,https://t.freetv.fun/live/disney-channel-east.m3u8
[BD]disney channel,https://t.freetv.fun/live/disney-channel.m3u8
[SD]disney channel,https://t.freetv.fun/live/disney-channel-2.m3u8
[BD]disney channel,https://t.freetv.fun/live/disney-channel-3.m3u8
[BD]disney channel latin america,https://t.freetv.fun/live/disney-channel-latin-america.m3u8
[BD]disney channel,https://t.freetv.fun/live/disney-channel-4.m3u8
[BD]disney channel,https://t.freetv.fun/live/disney-channel-5.m3u8
[BD]disney channel,https://t.freetv.fun/live/disney-channel-6.m3u8
[HD]disney channel,https://t.freetv.fun/live/disney-channel-7.m3u8
[SD]disney channel,https://t.freetv.fun/live/disney-channel-8.m3u8
[SD]disney channel emea,https://t.freetv.fun/live/disney-channel-emea.m3u8
[HD]disney channel,https://t.freetv.fun/live/disney-channel-10.m3u8
[HD]disney chanell,https://t.freetv.fun/live/disney-chanell-1.m3u8
[VGA]disney jr.,https://t.freetv.fun/live/disney-jr.m3u8
[SD]disney jr.,https://t.freetv.fun/live/disney-jr-1.m3u8
[HD]DIsney Junior,https://t.freetv.fun/live/disney-junior-vt.m3u8
[HD]disney junior,https://t.freetv.fun/live/disney-junior-1.m3u8
[HD]disney junior,https://t.freetv.fun/live/disney-junior-2.m3u8
[SD]disney junior,https://t.freetv.fun/live/disney-junior-3.m3u8
[HD]disney junior west,https://t.freetv.fun/live/disney-junior-west.m3u8
[HD]Disney XD,https://t.freetv.fun/live/disney-xd-vt.m3u8
[HD]Disney XD *tv,https://t.freetv.fun/live/disney-xd-tv.ts
[HD]disney xd,https://t.freetv.fun/live/disney-xd-1.m3u8
[SD].sci-fi,https://t.freetv.fun/live/sci-fi.m3u8
[BD]docubox,https://t.freetv.fun/live/docubox.m3u8
[HD]docubox,https://t.freetv.fun/live/docubox-1.m3u8
[SD]docubox,https://t.freetv.fun/live/docubox-3.m3u8
[BD]doma,https://t.freetv.fun/live/doma.m3u8
[SD]doma,https://t.freetv.fun/live/doma-1.php
[BD]oromar tv,https://t.freetv.fun/live/oromar-tv.m3u8
[BD]doyel tv,https://t.freetv.fun/live/doyel-tv.m3u8
[BD]dorcel tv,https://t.freetv.fun/live/dorcel-tv.m3u8
[BD]dove channel,https://t.freetv.fun/live/dove-channel.m3u8
[BD]dove channel,https://t.freetv.fun/live/dove-channel-1.m3u8
[BD]dreamworks,https://t.freetv.fun/live/dreamworks.php
[BD]dreamworks,https://t.freetv.fun/live/dreamworks-1.m3u8
[HD]dreamworks夢工廠動畫,https://t.freetv.fun/live/dreamworksmeng-gong-chang-dong-hua.m3u8
[SD]ducktv,https://t.freetv.fun/live/ducktv-1.m3u8
[SD]ducktv,https://t.freetv.fun/live/ducktv-2.m3u8
[HD]ducktv,https://t.freetv.fun/live/ducktv-3.m3u8
[BD]ducktv,https://t.freetv.fun/live/ducktv-4.m3u8
[BD]e!,https://t.freetv.fun/live/e.m3u8
[VGA]ebs 2,https://t.freetv.fun/live/ebs-2-1.m3u8
[VGA]ebse,https://t.freetv.fun/live/ebse.m3u8
[VGA]ebs1,https://t.freetv.fun/live/ebs1.m3u8
[VGA]ebs1,https://t.freetv.fun/live/ebs1-1.m3u8
[VGA]ebs2,https://t.freetv.fun/live/ebs2.m3u8
[HD]eco tv,https://t.freetv.fun/live/eco-tv.m3u8
[HD]eco tv,https://t.freetv.fun/live/eco-tv-1.m3u8
[HD]eet tv,https://t.freetv.fun/live/eet-tv.m3u8
[BD]eitb 2,https://t.freetv.fun/live/eitb-2.m3u8
[HD]cctv4美洲,https://t.freetv.fun/live/cctv4mei-zhou.m3u8
[BD]delta tv,https://t.freetv.fun/live/delta-tv.m3u8
[HD]delta tv,https://t.freetv.fun/live/delta-tv-1.m3u8
[VGA]delta tv,https://t.freetv.fun/live/delta-tv-2.m3u8
[BD]Epix Hits *tv,https://t.freetv.fun/live/epix-hits-tv.ts
[HD]espn brasil 2,https://t.freetv.fun/live/espn-brasil-2.m3u8
[HD]espn 2,https://t.freetv.fun/live/espn-2-1.m3u8
[HD]espn 2,https://t.freetv.fun/live/espn-2-1-1.m3u8
[BD]esp 2,https://t.freetv.fun/live/esp-2.m3u8
[BD]espn 3,https://t.freetv.fun/live/espn-3.m3u8
[BD]espn,https://t.freetv.fun/live/espn.m3u8
[BD]espn,https://t.freetv.fun/live/espn-2.m3u8
[VGA]espn 4,https://t.freetv.fun/live/espn-4.m3u8
[BD]espn 5,https://t.freetv.fun/live/espn-5.m3u8
[BD]espn 6,https://t.freetv.fun/live/espn-6.m3u8
[HD]espn4,https://t.freetv.fun/live/espn4.m3u8
[HD]espn 4,https://t.freetv.fun/live/espn-4-1.m3u8
[BD]espn 4,https://t.freetv.fun/live/espn-4-2.m3u8
[HD]espnews,https://t.freetv.fun/live/espnews.m3u8
[HD]espnu,https://t.freetv.fun/live/espnu.m3u8
[HD]espn2,https://t.freetv.fun/live/espn2-1.m3u8
[SD]belsat tv,https://t.freetv.fun/live/belsat-tv.m3u8
[VGA]etc tv,https://t.freetv.fun/live/etc-tv.m3u8
[BD]etv,https://t.freetv.fun/live/etv.m3u8
[HD]etv,https://t.freetv.fun/live/etv-1.m3u8
[HD]etv ⓖ,https://t.freetv.fun/live/etv-g.m3u8
[HD]metv,https://t.freetv.fun/live/metv-1.m3u8
[HD]metv,https://t.freetv.fun/live/metv-2.m3u8
[HD]eurosport 1,https://t.freetv.fun/live/eurosport-1.m3u8
[VGA]ewtn,https://t.freetv.fun/live/ewtn.m3u8
[HD]el pingüino tv,https://t.freetv.fun/live/el-pinguino-tv-1.m3u8
[VGA]el pingüino tv,https://t.freetv.fun/live/el-pinguino-tv-2.m3u8
[BD]eleven sports 4,https://t.freetv.fun/live/eleven-sports-4.m3u8
[BD]eleven sports 2,https://t.freetv.fun/live/eleven-sports-2.m3u8
[BD]eleven sports 1,https://t.freetv.fun/live/eleven-sports-1.m3u8
[BD]eleven sports 1,https://t.freetv.fun/live/eleven-sports-1-1.m3u8
[BD]delfi tv,https://t.freetv.fun/live/delfi-tv.m3u8
[BD]energy,https://t.freetv.fun/live/energy.m3u8
[SD]english club tv,https://t.freetv.fun/live/english-club-tv.m3u8
[SD]english club,https://t.freetv.fun/live/english-club.m3u8
[SD]epic drama,https://t.freetv.fun/live/epic-drama.m3u8
[SD]epic drama poland,https://t.freetv.fun/live/epic-drama-poland.m3u8
[BD]espreso tv,https://t.freetv.fun/live/espreso-tv-1.m3u8
[HD]entella tv,https://t.freetv.fun/live/entella-tv.m3u8
[HD]entella tv,https://t.freetv.fun/live/entella-tv-1.m3u8
[HD]euronews pt,https://t.freetv.fun/live/euronews-pt.m3u8
[HD]euronews,https://t.freetv.fun/live/euronews.m3u8
[HD]euronews,https://t.freetv.fun/live/euronews-1.m3u8
[BD]euronews,https://t.freetv.fun/live/euronews-3.m3u8
[BD]euronews,https://t.freetv.fun/live/euronews-4.m3u8
[SD]euronews,https://t.freetv.fun/live/euronews-5.m3u8
[HD]euronews es,https://t.freetv.fun/live/euronews-es.m3u8
[BD]euronews georgia,https://t.freetv.fun/live/euronews-georgia.m3u8
[BD]euronews german,https://t.freetv.fun/live/euronews-german.m3u8
[BD]euronews english,https://t.freetv.fun/live/euronews-english.m3u8
[BD]euronews english,https://t.freetv.fun/live/euronews-english-1.m3u8
[BD]euronews english,https://t.freetv.fun/live/euronews-english-2.m3u8
[HD]euronews russian,https://t.freetv.fun/live/euronews-russian.m3u8
[BD]eurosport 1 uhd 25fps,https://t.freetv.fun/live/eurosport-1-uhd-25fps.m3u8
[BD]eurosport 1 fr,https://t.freetv.fun/live/eurosport-1-fr.m3u8
[BD]eurosport 1 all,https://t.freetv.fun/live/eurosport-1-all.m3u8
[BD]eurosport 1 au2,https://t.freetv.fun/live/eurosport-1-au2.m3u8
[BD]eurosport 1 dutch,https://t.freetv.fun/live/eurosport-1-dutch.m3u8
[BD]eurosport 1 eng rus,https://t.freetv.fun/live/eurosport-1-eng-rus.m3u8
[BD]eurosport 1 de,https://t.freetv.fun/live/eurosport-1-de.m3u8
[BD]eurosport 1 eng,https://t.freetv.fun/live/eurosport-1-eng.m3u8
[BD]eurosport 1 rus,https://t.freetv.fun/live/eurosport-1-rus.m3u8
[SD]111 eurosport 1,https://t.freetv.fun/live/111-eurosport-1.m3u8
[HD]eurosport 2,https://t.freetv.fun/live/eurosport-2.m3u8
[BD]eurosport 2,https://t.freetv.fun/live/eurosport-2-1.php
[BD]eurosport 2 uhd 25fps,https://t.freetv.fun/live/eurosport-2-uhd-25fps-1.m3u8
[BD]eurosport 2 fr,https://t.freetv.fun/live/eurosport-2-fr.m3u8
[BD]eurosport 2 fr,https://t.freetv.fun/live/eurosport-2-fr-1.m3u8
[BD]eurosport 2 greek,https://t.freetv.fun/live/eurosport-2-greek.m3u8
[BD]eurosport 2 eng,https://t.freetv.fun/live/eurosport-2-eng.m3u8
[BD]eurosport 2 de,https://t.freetv.fun/live/eurosport-2-de.m3u8
[BD]eurosport 2 eng rus,https://t.freetv.fun/live/eurosport-2-eng-rus.m3u8
[BD]eurosport 2 rus,https://t.freetv.fun/live/eurosport-2-rus.m3u8
[SD]112 eurosport 2,https://t.freetv.fun/live/112-eurosport-2.m3u8
[SD]extreme sports channel,https://t.freetv.fun/live/extreme-sports-channel.m3u8
[SD]fashiontv,https://t.freetv.fun/live/fashiontv.m3u8
[HD]fish tv,https://t.freetv.fun/live/fish-tv-1.m3u8
[HD]fox,https://t.freetv.fun/live/fox-1.m3u8
[BD]fox,https://t.freetv.fun/live/fox-2.m3u8
[BD]fox 01,https://t.freetv.fun/live/fox-01.m3u8
[BD]fox  02,https://t.freetv.fun/live/fox-02.m3u8
[SD]061 fox,https://t.freetv.fun/live/061-fox.m3u8
[HD]fox,https://t.freetv.fun/live/fox.m3u8
[HD]fox deportes,https://t.freetv.fun/live/fox-deportes.m3u8
[HD]kabc abc los angeles,https://t.freetv.fun/live/kabc-abc-los-angeles.m3u8
[HD]kttv fox los angeles,https://t.freetv.fun/live/kttv-fox-los-angeles.m3u8
[HD]kabc abc los angeles,https://t.freetv.fun/live/kabc-abc-los-angeles-1.m3u8
[HD]fox 11 los angeles,https://t.freetv.fun/live/fox-11-los-angeles.m3u8
[BD]hbo movies,https://t.freetv.fun/live/hbo-movies.m3u8
[HD]hbo movies,https://t.freetv.fun/live/hbo-movies-1.m3u8
[BD]fox sports,https://t.freetv.fun/live/fox-sports.m3u8
[BD]fox sports,https://t.freetv.fun/live/fox-sports-1-1.m3u8
[BD]fox sports,https://t.freetv.fun/live/fox-sports-2-1.m3u8
[HD]fox soccer plus,https://t.freetv.fun/live/fox-soccer-plus.m3u8
[HD]fox soccer plus,https://t.freetv.fun/live/fox-soccer-plus-1.m3u8
[HD]fox sports 2,https://t.freetv.fun/live/fox-sports-2.ts
[BD]dsports 2 co,https://t.freetv.fun/live/dsports-2-co.m3u8
[BD]fs1,https://t.freetv.fun/live/fs1.m3u8
[BD]fs1,https://t.freetv.fun/live/fs1-1.m3u8
[BD]fs2,https://t.freetv.fun/live/fs2.m3u8
[BD]ftv,https://t.freetv.fun/live/ftv.m3u8
[HD]ftv,https://t.freetv.fun/live/ftv-1.m3u8
[BD]ftv,https://t.freetv.fun/live/ftv-3.m3u8
[HD]fx,https://t.freetv.fun/live/fx.m3u8
[BD]fx,https://t.freetv.fun/live/fx-1.m3u8
[HD]fnx [geo-blocked],https://t.freetv.fun/live/fnx-geo-blocked.m3u8
[HD]FX,https://t.freetv.fun/live/fx-vt.m3u8
[HD]FXX,https://t.freetv.fun/live/fxx-vt.m3u8
[HD]FXX *tv,https://t.freetv.fun/live/fxx-tv.ts
[HD]fxx,https://t.freetv.fun/live/fxx-1.m3u8
[BD]fashion tv,https://t.freetv.fun/live/fashion-tv-1.m3u8
[BD]code fashion tv,https://t.freetv.fun/live/code-fashion-tv.m3u8
[BD]world fashion channel en,https://t.freetv.fun/live/world-fashion-channel-en.m3u8
[BD]fashionbox,https://t.freetv.fun/live/fashionbox.m3u8
[BD]fast funbox,https://t.freetv.fun/live/fast-funbox.m3u8
[SD]fast funbox,https://t.freetv.fun/live/fast-funbox-1.m3u8
[BD]funbox,https://t.freetv.fun/live/funbox.m3u8
[HD]fenerbahçe tv,https://t.freetv.fun/live/fenerbahce-tv-1.m3u8
[BD]channel fight,https://t.freetv.fun/live/channel-fight.m3u8
[HD]ftf sports,https://t.freetv.fun/live/ftf-sports.m3u8
[BD]fightbox,https://t.freetv.fun/live/fightbox.m3u8
[SD]fightbox,https://t.freetv.fun/live/fightbox-1.m3u8
[VGA]fightbox,https://t.freetv.fun/live/fightbox-3.m3u8
[BD]vip premiere,https://t.freetv.fun/live/vip-premiere.m3u8
[HD]premiere 5,https://t.freetv.fun/live/premiere-5.m3u8
[HD]premiere 6,https://t.freetv.fun/live/premiere-6.m3u8
[BD]film4 uk,https://t.freetv.fun/live/film4-uk.m3u8
[BD]filmbox,https://t.freetv.fun/live/filmbox.m3u8
[VGA]filmbox arthouse,https://t.freetv.fun/live/filmbox-arthouse.m3u8
[SD]filmbox family,https://t.freetv.fun/live/filmbox-family.m3u8
[HD]usa,https://t.freetv.fun/live/usa-3.m3u8
[HD]zee business,https://t.freetv.fun/live/zee-business.m3u8
[HD]food network,https://t.freetv.fun/live/food-network-1.m3u8
[BD]food network,https://t.freetv.fun/live/food-network-2.m3u8
[HD]food network,https://t.freetv.fun/live/food-network-3.m3u8
[BD]food network,https://t.freetv.fun/live/food-network-4.m3u8
[BD]gfn football,https://t.freetv.fun/live/gfn-football.m3u8
[BD]cctv-storm football,https://t.freetv.fun/live/cctv-storm-football.m3u8
[BD]sky sports football uk,https://t.freetv.fun/live/sky-sports-football-uk.m3u8
[SD]092 match football 3,https://t.freetv.fun/live/092-match-football-3.m3u8
[SD]082 match football 2,https://t.freetv.fun/live/082-match-football-2.m3u8
[SD]081 match football 1,https://t.freetv.fun/live/081-match-football-1.m3u8
[BD]fortuna tv,https://t.freetv.fun/live/fortuna-tv.m3u8
[BD]fortuna tv,https://t.freetv.fun/live/fortuna-tv-2.m3u8
[HD]foro tv,https://t.freetv.fun/live/foro-tv.m3u8
[HD]fox business,https://t.freetv.fun/live/fox-business.m3u8
[BD]fox business network,https://t.freetv.fun/live/fox-business-network.m3u8
[SD]pro business,https://t.freetv.fun/live/pro-business.m3u8
[BD]fox life,https://t.freetv.fun/live/fox-life.php
[VGA]fox news channel,https://t.freetv.fun/live/fox-news-channel.m3u8
[HD]fox news channel,https://t.freetv.fun/live/fox-news-channel-1.m3u8
[HD]fox sports 1,https://t.freetv.fun/live/fox-sports-1.ts
[HD]美国fox weather,https://t.freetv.fun/live/mei-guo-fox-weather.m3u8
[BD]france 24 español,https://t.freetv.fun/live/france-24-espanol.m3u8
[BD]france 24 español,https://t.freetv.fun/live/france-24-espanol-1.m3u8
[BD]france 24 français,https://t.freetv.fun/live/france-24-francais.m3u8
[BD]france 24,https://t.freetv.fun/live/france-24-1.m3u8
[BD]france 24,https://t.freetv.fun/live/france-24-2.m3u8
[BD]france 24,https://t.freetv.fun/live/france-24-3.m3u8
[BD]france 24,https://t.freetv.fun/live/france-24-5.m3u8
[BD]france 24 english,https://t.freetv.fun/live/france-24-english.m3u8
[BD]france 24 english,https://t.freetv.fun/live/france-24-english-1.m3u8
[BD]france 4,https://t.freetv.fun/live/france-4.m3u8
[HD]freeform,https://t.freetv.fun/live/freeform.m3u8
[HD]freeform,https://t.freetv.fun/live/freeform-1.m3u8
[HD]freeform west,https://t.freetv.fun/live/freeform-west.m3u8
[BD]fuel tv,https://t.freetv.fun/live/fuel-tv.m3u8
[BD]fuel tv,https://t.freetv.fun/live/fuel-tv-1.m3u8
[BD]future lbn,https://t.freetv.fun/live/future-lbn.m3u8
[VGA]future tv,https://t.freetv.fun/live/future-tv.m3u8
[HD]usa,https://t.freetv.fun/live/usa.ts
[BD]fyi,https://t.freetv.fun/live/fyi-2.m3u8
[BD]great entertainment television,https://t.freetv.fun/live/great-entertainment-television.m3u8
[HD]global tv,https://t.freetv.fun/live/global-tv.m3u8
[HD]global tv,https://t.freetv.fun/live/global-tv-3.m3u8
[BD]gol,https://t.freetv.fun/live/gol.m3u8
[BD]golden,https://t.freetv.fun/live/golden.m3u8
[BD]golden edge,https://t.freetv.fun/live/golden-edge.m3u8
[BD]golden edge,https://t.freetv.fun/live/golden-edge-1.m3u8
[HD]golden plus mx,https://t.freetv.fun/live/golden-plus-mx.m3u8
[BD]golden plus,https://t.freetv.fun/live/golden-plus.m3u8
[HD]golden edge,https://t.freetv.fun/live/golden-edge-2.m3u8
[HD]soltv,https://t.freetv.fun/live/soltv-1.m3u8
[HD]el gourmet,https://t.freetv.fun/live/el-gourmet.m3u8
[HD]gstv,https://t.freetv.fun/live/gstv.m3u8
[HD]gstv,https://t.freetv.fun/live/gstv-1.m3u8
[VGA]gtv,https://t.freetv.fun/live/gtv.m3u8
[SD]galaxy,https://t.freetv.fun/live/galaxy.m3u8
[HD]global news,https://t.freetv.fun/live/global-news.m3u8
[HD]globo news,https://t.freetv.fun/live/globo-news.m3u8
[HD]globo news,https://t.freetv.fun/live/globo-news-1.m3u8
[HD]globonews,https://t.freetv.fun/live/globonews.m3u8
[BD]golf channel,https://t.freetv.fun/live/golf-channel.m3u8
[HD]golf channel,https://t.freetv.fun/live/golf-channel-1.m3u8
[HD]golf channel,https://t.freetv.fun/live/golf-channel-2.m3u8
[VGA]golf channel latin america,https://t.freetv.fun/live/golf-channel-latin-america-1.m3u8
[HD]good idea tv,https://t.freetv.fun/live/good-idea-tv.m3u8
[BD]goodtv,https://t.freetv.fun/live/goodtv.m3u8
[VGA]goodtv *$,https://t.freetv.fun/live/goodtv-1.m3u8
[HD]goodtv *$,https://t.freetv.fun/live/goodtv-1-1.m3u8
[BD]goodtv (1080p) *$,https://t.freetv.fun/live/goodtv-1080p.m3u8
[HD]great,https://t.freetv.fun/live/great.m3u8
[SD]gulli,https://t.freetv.fun/live/gulli.m3u8
[HD]gulli,https://t.freetv.fun/live/gulli-1.m3u8
[SD]gulli girl,https://t.freetv.fun/live/gulli-girl-1.m3u8
[SD]gulli girl,https://t.freetv.fun/live/gulli-girl-2.m3u8
[BD]h1,https://t.freetv.fun/live/h1.m3u8
[HD]hadi tv 8,https://t.freetv.fun/live/hadi-tv-8.m3u8
[HD]hadi tv 4,https://t.freetv.fun/live/hadi-tv-4.m3u8
[BD]hbo,https://t.freetv.fun/live/hbo-3.m3u8
[BD]hbo 2,https://t.freetv.fun/live/hbo-2-1.m3u8
[HD]bbc comedy,https://t.freetv.fun/live/bbc-comedy.m3u8
[HD]hbo comedy,https://t.freetv.fun/live/hbo-comedy-1.m3u8
[BD]btv comedy,https://t.freetv.fun/live/btv-comedy.m3u8
[HD]bbc comedy,https://t.freetv.fun/live/bbc-comedy-1.m3u8
[HD]hbo family,https://t.freetv.fun/live/hbo-family.m3u8
[HD]HBO USA *tv,https://t.freetv.fun/live/hbo-usa-tv.ts
[BD]hbo hits,https://t.freetv.fun/live/hbo-hits-1.m3u8
[BD]HBO Signature *tv,https://t.freetv.fun/live/hbo-signature-tv.ts
[BD]HBO Zone *tv,https://t.freetv.fun/live/hbo-zone-tv.ts
[BD]hbo,https://t.freetv.fun/live/hbo-2.m3u8
[HD]hbo pop,https://t.freetv.fun/live/hbo-pop.m3u8
[BD]hbo3,https://t.freetv.fun/live/hbo3.m3u8
[HD]hgtv,https://t.freetv.fun/live/hgtv.m3u8
[BD]punktum fernsehen,https://t.freetv.fun/live/punktum-fernsehen.m3u8
[HD]hr-fernsehen,https://t.freetv.fun/live/hr-fernsehen.m3u8
[BD]hsn,https://t.freetv.fun/live/hsn.m3u8
[SD]umm tv,https://t.freetv.fun/live/umm-tv.m3u8
[SD]hadi tv 6,https://t.freetv.fun/live/hadi-tv-6.m3u8
[BD]hallmark channel,https://t.freetv.fun/live/hallmark-channel.m3u8
[VGA]Hallmark Channel,https://t.freetv.fun/live/hallmark-channel-1.m3u8
[HD]hallo movies,https://t.freetv.fun/live/hallo-movies.m3u8
[BD]hallmark movies mysteries,https://t.freetv.fun/live/hallmark-movies-mysteries.m3u8
[HD]hallmark movies more,https://t.freetv.fun/live/hallmark-movies-more.m3u8
[VGA]shalom tv,https://t.freetv.fun/live/shalom-tv-1.m3u8
[BD]dog tv,https://t.freetv.fun/live/dog-tv.m3u8
[HD]life tv,https://t.freetv.fun/live/life-tv-2.m3u8
[BD]hi-yah! (1080p),https://t.freetv.fun/live/hi-yah-1080p.m3u8
[HD]history 2,https://t.freetv.fun/live/history-2-1.m3u8
[HD]storychannel tv (720p),https://t.freetv.fun/live/storychannel-tv-720p.m3u8
[HD]history,https://t.freetv.fun/live/history.m3u8
[BD]viju history,https://t.freetv.fun/live/viju-history-1.m3u8
[BD]history hunters,https://t.freetv.fun/live/history-hunters.m3u8
[HD]history,https://t.freetv.fun/live/history-1.m3u8
[BD]history,https://t.freetv.fun/live/history-2.m3u8
[HD]history hit,https://t.freetv.fun/live/history-hit.m3u8
[BD]history hit,https://t.freetv.fun/live/history-hit-1.m3u8
[BD]history,https://t.freetv.fun/live/history-3.m3u8
[BD]history,https://t.freetv.fun/live/history-4.m3u8
[SD]viju history,https://t.freetv.fun/live/viju-history-2.m3u8
[VGA]viju history,https://t.freetv.fun/live/viju-history-3.m3u8
[HD]history,https://t.freetv.fun/live/history-5.m3u8
[BD]history,https://t.freetv.fun/live/history-7.m3u8
[BD]cs history,https://t.freetv.fun/live/cs-history.php
[VGA]history,https://t.freetv.fun/live/history-8.m3u8
[BD]history *$,https://t.freetv.fun/live/history-6.m3u8
[BD]xite hits,https://t.freetv.fun/live/xite-hits.m3u8
[BD]xite hits,https://t.freetv.fun/live/xite-hits-1.m3u8
[HD]hollywire,https://t.freetv.fun/live/hollywire-1.m3u8
[SD]hollywire (720p),https://t.freetv.fun/live/hollywire-720p.m3u8
[BD]hollywood,https://t.freetv.fun/live/hollywood.m3u8
[BD]young hollywood,https://t.freetv.fun/live/young-hollywood.m3u8
[SD]hollywood,https://t.freetv.fun/live/hollywood-3.m3u8
[SD]hollywood,https://t.freetv.fun/live/hollywood-4.m3u8
[SD]hollywood,https://t.freetv.fun/live/hollywood-5.m3u8
[HD]horse and country,https://t.freetv.fun/live/horse-and-country-1.m3u8
[HD]horse and country tv,https://t.freetv.fun/live/horse-and-country-tv.m3u8
[BD]i24news french,https://t.freetv.fun/live/i24news-french.m3u8
[BD]i24news arabic,https://t.freetv.fun/live/i24news-arabic.m3u8
[BD]ictv,https://t.freetv.fun/live/ictv.m3u8
[BD]ictv,https://t.freetv.fun/live/ictv-1.m3u8
[BD]ifc,https://t.freetv.fun/live/ifc.m3u8
[BD]iipc tv,https://t.freetv.fun/live/iipc-tv-1.m3u8
[HD]iipc tv (480p) [geo-blocked],https://t.freetv.fun/live/iipc-tv-480p-geo-blocked.m3u8
[BD]imam hussein tv 2,https://t.freetv.fun/live/imam-hussein-tv-2.m3u8
[BD]imam hussein tv 4,https://t.freetv.fun/live/imam-hussein-tv-4.m3u8
[BD]imam hussein tv 3,https://t.freetv.fun/live/imam-hussein-tv-3-1.m3u8
[BD]imam hussein tv 2,https://t.freetv.fun/live/imam-hussein-tv-2-1.m3u8
[BD]imam hussein tv 4,https://t.freetv.fun/live/imam-hussein-tv-4-1.m3u8
[BD]伊朗imam hussein tv,https://t.freetv.fun/live/yi-lang-imam-hussein-tv.m3u8
[HD]wion,https://t.freetv.fun/live/wion.m3u8
[BD]iris,https://t.freetv.fun/live/iris.m3u8
[HD]istv,https://t.freetv.fun/live/istv.m3u8
[BD]istv,https://t.freetv.fun/live/istv-1.m3u8
[BD]istv,https://t.freetv.fun/live/istv-2.m3u8
[VGA]itv,https://t.freetv.fun/live/itv.m3u8
[HD]itv,https://t.freetv.fun/live/itv-1.m3u8
[BD]itv1 uk 02,https://t.freetv.fun/live/itv1-uk-02-1.m3u8
[BD]ictv2,https://t.freetv.fun/live/ictv2.m3u8
[BD]ictv2,https://t.freetv.fun/live/ictv2-1.m3u8
[BD]cindie tv,https://t.freetv.fun/live/cindie-tv.m3u8
[BD]7 info,https://t.freetv.fun/live/7-info.m3u8
[BD]investigation discovery,https://t.freetv.fun/live/investigation-discovery.m3u8
[HD]ionian channel,https://t.freetv.fun/live/ionian-channel.m3u8
[HD]sabor tv,https://t.freetv.fun/live/sabor-tv.m3u8
[BD]italia 1,https://t.freetv.fun/live/italia-1.m3u8
[BD]英国premier sports 2,https://t.freetv.fun/live/ying-guo-premier-sports-2.m3u8
[HD]jitv,https://t.freetv.fun/live/jitv.m3u8
[HD]juntos tv,https://t.freetv.fun/live/juntos-tv.m3u8
[BD]inter plus,https://t.freetv.fun/live/inter-plus.m3u8
[BD]ciné plus festival fr,https://t.freetv.fun/live/cine-plus-festival-fr.m3u8
[BD]acción por m plus es,https://t.freetv.fun/live/accion-por-m-plus-es.m3u8
[BD]documentales por m plus es,https://t.freetv.fun/live/documentales-por-m-plus-es.m3u8
[BD]movistar plus plus es,https://t.freetv.fun/live/movistar-plus-plus-es.m3u8
[BD]planète plus aventure fr,https://t.freetv.fun/live/planete-plus-aventure-fr.m3u8
[BD]planète plus crime fr,https://t.freetv.fun/live/planete-plus-crime-fr.m3u8
[BD]comedia por m plus es,https://t.freetv.fun/live/comedia-por-m-plus-es.m3u8
[BD]laliga por m plus es,https://t.freetv.fun/live/laliga-por-m-plus-es.m3u8
[BD]vamos por m plus es,https://t.freetv.fun/live/vamos-por-m-plus-es.m3u8
[SD]tvrus plus,https://t.freetv.fun/live/tvrus-plus.m3u8
[VGA]filmbox plus emotion adria,https://t.freetv.fun/live/filmbox-plus-emotion-adria.m3u8
[HD]indie por m plus es,https://t.freetv.fun/live/indie-por-m-plus-es-1.m3u8
[SD]tvrus plus,https://t.freetv.fun/live/tvrus-plus-1.m3u8
[BD]ale kino plus pl,https://t.freetv.fun/live/ale-kino-plus-pl.m3u8
[BD]ducktv plus,https://t.freetv.fun/live/ducktv-plus.m3u8
[BD]cine plus kids,https://t.freetv.fun/live/cine-plus-kids.m3u8
[BD]2 plus 2 marathon,https://t.freetv.fun/live/2-plus-2-marathon.m3u8
[BD]1 plus 1 марафон,https://t.freetv.fun/live/1-plus-1-marafon-2.m3u8
[BD]1 plus 1 марафон,https://t.freetv.fun/live/1-plus-1-marafon-3.m3u8
[BD]1 plus 1 marafon,https://t.freetv.fun/live/1-plus-1-marafon.m3u8
[BD]pop,https://t.freetv.fun/live/pop.m3u8
[BD]k24,https://t.freetv.fun/live/k24.m3u8
[BD]kvartal tv,https://t.freetv.fun/live/kvartal-tv-1.m3u8
[BD]anal,https://t.freetv.fun/live/anal.m3u8
[BD]n sports,https://t.freetv.fun/live/n-sports.m3u8
[BD]knbc nbc los angeles,https://t.freetv.fun/live/knbc-nbc-los-angeles.m3u8
[BD]ktla cw los angeles,https://t.freetv.fun/live/ktla-cw-los-angeles.m3u8
[HD]cbs 2 los angeles,https://t.freetv.fun/live/cbs-2-los-angeles.m3u8
[HD]kctv,https://t.freetv.fun/live/kctv.m3u8
[HD]kctv,https://t.freetv.fun/live/kctv-1.m3u8
[HD]kctv,https://t.freetv.fun/live/kctv-2.m3u
[HD]khl,https://t.freetv.fun/live/khl.m3u8
[HD]khl,https://t.freetv.fun/live/khl-2.m3u8
[BD]khl,https://t.freetv.fun/live/khl-3.m3u8
[SD]khl,https://t.freetv.fun/live/khl-4.m3u8
[HD]extrema kids tv,https://t.freetv.fun/live/extrema-kids-tv.m3u8
[HD]ru.tv kids,https://t.freetv.fun/live/ru-tv-kids.m3u8
[BD]rial tv,https://t.freetv.fun/live/rial-tv.m3u8
[HD]pk sports,https://t.freetv.fun/live/pk-sports.m3u8
[BD]aktv,https://t.freetv.fun/live/aktv.m3u8
[BD]kuriakos tv,https://t.freetv.fun/live/kuriakos-tv.m3u8
[BD]kuriakos tv,https://t.freetv.fun/live/kuriakos-tv-1.m3u8
[BD]kabel eins,https://t.freetv.fun/live/kabel-eins.m3u8
[BD]kanal 23,https://t.freetv.fun/live/kanal-23.m3u8
[VGA]24 kanal,https://t.freetv.fun/live/24-kanal.m3u8
[BD]kanal d,https://t.freetv.fun/live/kanal-d-1.m3u8
[HD]kanal 15,https://t.freetv.fun/live/kanal-15.m3u8
[SD]kanal d2,https://t.freetv.fun/live/kanal-d2.m3u8
[HD]kanal 35,https://t.freetv.fun/live/kanal-35.m3u8
[HD]karbala tv channel,https://t.freetv.fun/live/karbala-tv-channel.ts
[BD]karbala documentary,https://t.freetv.fun/live/karbala-documentary.m3u8
[BD]qazsport,https://t.freetv.fun/live/qazsport.m3u8
[BD]kika,https://t.freetv.fun/live/kika.m3u8
[HD]kika,https://t.freetv.fun/live/kika-1.m3u8
[BD]miel tv,https://t.freetv.fun/live/miel-tv.m3u8
[HD]miel tv,https://t.freetv.fun/live/miel-tv-1.m3u8
[BD]tvp info,https://t.freetv.fun/live/tvp-info.m3u8
[BD]kino tv,https://t.freetv.fun/live/kino-tv-1.m3u8
[BD]kiss tv,https://t.freetv.fun/live/kiss-tv-1.m3u8
[SD]klasik,https://t.freetv.fun/live/klasik.php
[HD]music pop,https://t.freetv.fun/live/music-pop.m3u8
[BD]pop,https://t.freetv.fun/live/pop-1.m3u8
[BD]kurdistan 24,https://t.freetv.fun/live/kurdistan-24.m3u8
[BD]kuriakos kids,https://t.freetv.fun/live/kuriakos-kids.m3u8
[BD]la 5,https://t.freetv.fun/live/la-5.m3u8
[HD]la7,https://t.freetv.fun/live/la7-1.m3u8
[VGA]музыка 2 international,https://t.freetv.fun/live/muzyka-2-international.m3u8
[SD]1 plus 1 international,https://t.freetv.fun/live/1-plus-1-international-1.m3u8
[HD]the pet collective international,https://t.freetv.fun/live/the-pet-collective-international.m3u8
[HD]the pet collective international,https://t.freetv.fun/live/the-pet-collective-international-1.m3u8
[SD]lbc international,https://t.freetv.fun/live/lbc-international.m3u8
[BD]lci,https://t.freetv.fun/live/lci.m3u8
[HD]acn tv,https://t.freetv.fun/live/acn-tv.m3u8
[BD]cleo tv,https://t.freetv.fun/live/cleo-tv.m3u8
[BD]cleo tv,https://t.freetv.fun/live/cleo-tv-1.m3u8
[SD]biznet lifestyle,https://t.freetv.fun/live/biznet-lifestyle.m3u8
[HD]la red,https://t.freetv.fun/live/la-red.m3u8
[BD]la tele,https://t.freetv.fun/live/la-tele-2.m3u8
[BD]alawla tv,https://t.freetv.fun/live/alawla-tv.m3u8
[HD]lifetime,https://t.freetv.fun/live/lifetime-1.m3u8
[HD]lider tv,https://t.freetv.fun/live/lider-tv-1.m3u8
[BD]logos tv,https://t.freetv.fun/live/logos-tv.m3u8
[BD]logos tv,https://t.freetv.fun/live/logos-tv-1.m3u8
[HD]love nature,https://t.freetv.fun/live/love-nature-2.m3u8
[BD]love nature,https://t.freetv.fun/live/love-nature-3.m3u8
[BD]love nature,https://t.freetv.fun/live/love-nature-5.m3u8
[BD]love nature,https://t.freetv.fun/live/love-nature-6.m3u8
[BD]love nature ca,https://t.freetv.fun/live/love-nature-ca.m3u8
[BD]m6,https://t.freetv.fun/live/m6.m3u8
[HD]music black,https://t.freetv.fun/live/music-black.m3u8
[HD]music hits,https://t.freetv.fun/live/music-hits.m3u8
[SD]hit mix music,https://t.freetv.fun/live/hit-mix-music.m3u8
[SD]mma-tv,https://t.freetv.fun/live/mma-tv.m3u8
[SD]mma-tv,https://t.freetv.fun/live/mma-tv-2.m3u8
[BD]tv max,https://t.freetv.fun/live/tv-max.m3u8
[HD]tv max,https://t.freetv.fun/live/tv-max-1.m3u8
[HD]tv max,https://t.freetv.fun/live/tv-max-2.m3u8
[SD]mma-tv,https://t.freetv.fun/live/mma-tv-1.m3u8
[BD]drama por m plus es,https://t.freetv.fun/live/drama-por-m-plus-es.m3u8
[HD]2 plus 2 sd,https://t.freetv.fun/live/2-plus-2-sd.m3u8
[HD]2 plus 2,https://t.freetv.fun/live/2-plus-2.m3u8
[SD]mcm top,https://t.freetv.fun/live/mcm-top.m3u8
[SD]mcm top,https://t.freetv.fun/live/mcm-top-1.m3u8
[HD]metro tv,https://t.freetv.fun/live/metro-tv.m3u8
[BD]metro tv,https://t.freetv.fun/live/metro-tv-1.m3u8
[BD]mezzo,https://t.freetv.fun/live/mezzo.m3u8
[BD]msg,https://t.freetv.fun/live/msg.m3u8
[BD]radio moldova,https://t.freetv.fun/live/radio-moldova.m3u8
[BD]mytime movie network,https://t.freetv.fun/live/mytime-movie-network-2.m3u8
[HD]movies!,https://t.freetv.fun/live/movies.m3u8
[SD]paramount movie channel,https://t.freetv.fun/live/paramount-movie-channel.m3u8
[HD]tvs drive in movie (360p),https://t.freetv.fun/live/tvs-drive-in-movie-360p.m3u8
[BD]new k.movies,https://t.freetv.fun/live/new-k-movies.m3u8
[BD]new kmovies,https://t.freetv.fun/live/new-kmovies.m3u8
[BD]new kmovies,https://t.freetv.fun/live/new-kmovies-1.m3u8
[HD]mtv2,https://t.freetv.fun/live/mtv2.m3u8
[BD]mtv2,https://t.freetv.fun/live/mtv2-1.m3u8
[HD]mtv2,https://t.freetv.fun/live/mtv2-2.m3u8
[HD]MTV HD *tv,https://t.freetv.fun/live/mtv-hd-tv.ts
[BD]mtv,https://t.freetv.fun/live/mtv-1.m3u8
[BD]mtv,https://t.freetv.fun/live/mtv-1-1.m3u8
[SD]mtv,https://t.freetv.fun/live/mtv-4.m3u8
[BD]mtv,https://t.freetv.fun/live/mtv-5.m3u8
[HD]mtv,https://t.freetv.fun/live/mtv-6.m3u8
[BD]mtv live,https://t.freetv.fun/live/mtv-live.m3u8
[HD]mtv live,https://t.freetv.fun/live/mtv-live-1.m3u8
[SD]mtv live,https://t.freetv.fun/live/mtv-live-2.m3u8
[BD]stvr live,https://t.freetv.fun/live/stvr-live.php
[BD]pulse,https://t.freetv.fun/live/pulse.m3u8
[HD]maidan,https://t.freetv.fun/live/maidan.m3u8
[VGA]ciudad magazine,https://t.freetv.fun/live/ciudad-magazine.m3u8
[BD]nw magazine,https://t.freetv.fun/live/nw-magazine-1.m3u8
[BD]man-ga,https://t.freetv.fun/live/man-ga.m3u
[BD]ahora tv,https://t.freetv.fun/live/ahora-tv.m3u8
[HD]lemar tv,https://t.freetv.fun/live/lemar-tv.m3u8
[BD]maray tv,https://t.freetv.fun/live/maray-tv.m3u8
[HD]cajamarca tv,https://t.freetv.fun/live/cajamarca-tv.m3u8
[HD]cajamarca tv,https://t.freetv.fun/live/cajamarca-tv-1.m3u8
[HD]azan tv,https://t.freetv.fun/live/azan-tv.m3u8
[BD]aza tv,https://t.freetv.fun/live/aza-tv.m3u8
[BD]mediaset extra,https://t.freetv.fun/live/mediaset-extra.m3u8
[BD]mediaset italia due,https://t.freetv.fun/live/mediaset-italia-due.m3u8
[BD]mediaset italia,https://t.freetv.fun/live/mediaset-italia.m3u8
[BD]mediaset italia usa,https://t.freetv.fun/live/mediaset-italia-usa.m3u8
[BD]mediaset italia australia,https://t.freetv.fun/live/mediaset-italia-australia.m3u8
[BD]mega,https://t.freetv.fun/live/mega-1-1.m3u8
[VGA]mega,https://t.freetv.fun/live/mega-2-2.m3u8
[BD]mega,https://t.freetv.fun/live/mega-2.m3u8
[HD]mega tv,https://t.freetv.fun/live/mega-tv-1.m3u8
[BD]mega,https://t.freetv.fun/live/mega-3-1.m3u8
[BD]megavision canal 43,https://t.freetv.fun/live/megavision-canal-43.m3u8
[BD]megavisión,https://t.freetv.fun/live/megavision.m3u8
[HD]gigavision,https://t.freetv.fun/live/gigavision.m3u8
[BD]gamavision,https://t.freetv.fun/live/gamavision-1.m3u8
[BD]up tv,https://t.freetv.fun/live/up-tv.m3u8
[SD]minimax,https://t.freetv.fun/live/minimax.m3u8
[VGA]minimax,https://t.freetv.fun/live/minimax-2.m3u8
[VGA]mir 24,https://t.freetv.fun/live/mir-24-1.m3u8
[SD]044 mir,https://t.freetv.fun/live/044-mir.m3u8
[HD]moy mir,https://t.freetv.fun/live/moy-mir.m3u8
[BD]miracle tv,https://t.freetv.fun/live/miracle-tv-1.m3u8
[HD]itv deportes,https://t.freetv.fun/live/itv-deportes.m3u8
[HD]itv deportes,https://t.freetv.fun/live/itv-deportes-1.m3u8
[HD]tolo tv,https://t.freetv.fun/live/tolo-tv.m3u8
[BD]tv mon,https://t.freetv.fun/live/tv-mon.m3u8
[SD]moskva. doveriye,https://t.freetv.fun/live/moskva-doveriye.m3u8
[VGA]movistar deportes,https://t.freetv.fun/live/movistar-deportes.m3u8
[HD]multishow,https://t.freetv.fun/live/multishow-1.m3u8
[BD]retro music tv ⓢ,https://t.freetv.fun/live/retro-music-tv-s.m3u8
[SD]muz-tv,https://t.freetv.fun/live/muz-tv-1.m3u8
[BD]my cinema europe,https://t.freetv.fun/live/my-cinema-europe.php
[BD]my cinema europe,https://t.freetv.fun/live/my-cinema-europe-1.m3u8
[BD]myzen fit,https://t.freetv.fun/live/myzen-fit.m3u8
[BD]myzen fit,https://t.freetv.fun/live/myzen-fit-1.m3u8
[BD]myzen,https://t.freetv.fun/live/myzen.m3u8
[BD]cs mystery,https://t.freetv.fun/live/cs-mystery.php
[BD]nasa tv,https://t.freetv.fun/live/nasa-tv.m3u8
[SD]nat geo wild,https://t.freetv.fun/live/nat-geo-wild.m3u8
[HD]nat geo wild,https://t.freetv.fun/live/nat-geo-wild-2.m3u8
[HD]nat geo wild,https://t.freetv.fun/live/nat-geo-wild-3.m3u8
[BD]wild nature,https://t.freetv.fun/live/wild-nature.m3u8
[BD]nba tv,https://t.freetv.fun/live/nba-tv.m3u8
[BD]nba tv,https://t.freetv.fun/live/nba-tv-1.m3u8
[BD]nbc,https://t.freetv.fun/live/nbc.m3u8
[HD]wabc abc new york,https://t.freetv.fun/live/wabc-abc-new-york.m3u8
[BD]wnbc nbc new york,https://t.freetv.fun/live/wnbc-nbc-new-york.m3u8
[BD]nbc news now,https://t.freetv.fun/live/nbc-news-now.m3u8
[BD]nbc news now,https://t.freetv.fun/live/nbc-news-now-1.m3u8
[BD]nbc news now,https://t.freetv.fun/live/nbc-news-now-2.m3u8
[BD]nbc news now,https://t.freetv.fun/live/nbc-news-now-3.m3u8
[BD]nbc sports boston,https://t.freetv.fun/live/nbc-sports-boston.m3u8
[BD]nbc sports bay area,https://t.freetv.fun/live/nbc-sports-bay-area.m3u8
[HD]nbcsn,https://t.freetv.fun/live/nbcsn.m3u8
[BD]gnn tv,https://t.freetv.fun/live/gnn-tv.m3u8
[BD]黔南,rtmp://tv.qntv.net/channellive/ch1
[BD]nbt,https://t.freetv.fun/live/nbt.m3u8
[HD]ndtv india,https://t.freetv.fun/live/ndtv-india.m3u8
[HD]ndtv,https://t.freetv.fun/live/ndtv.m3u8
[HD]印度ndtv india,https://t.freetv.fun/live/yin-du-ndtv-india.m3u8
[BD]eko tv,https://t.freetv.fun/live/eko-tv-1.m3u8
[HD]neo tv,https://t.freetv.fun/live/neo-tv-1.m3u8
[BD]nesn,https://t.freetv.fun/live/nesn.m3u8
[SD]ntd tv,https://t.freetv.fun/live/ntd-tv-1.m3u8
[HD]lao net tv,https://t.freetv.fun/live/lao-net-tv.m3u8
[BD]nhk world,https://t.freetv.fun/live/nhk-world.m3u8
[BD]nhk world-japan,https://t.freetv.fun/live/nhk-world-japan.m3u8
[BD]nhk world-japan,https://t.freetv.fun/live/nhk-world-japan-1.m3u8
[BD]nfl network,https://t.freetv.fun/live/nfl-network.m3u8
[HD]nfl network,https://t.freetv.fun/live/nfl-network-1.m3u8
[BD]nhl network,https://t.freetv.fun/live/nhl-network-1.m3u8
[HD]sonic tv,https://t.freetv.fun/live/sonic-tv.m3u8
[SD]noursat,https://t.freetv.fun/live/noursat.m3u8
[BD]now新聞,https://t.freetv.fun/live/nowxin-wen.m3u8
[BD]now新聞,https://t.freetv.fun/live/nowxin-wen-1.php
[BD]bnt 3,https://t.freetv.fun/live/bnt-3.m3u8
[HD]ntn,https://t.freetv.fun/live/ntn.m3u8
[VGA]canal n,https://t.freetv.fun/live/canal-n.m3u8
[VGA]tv canal 72,https://t.freetv.fun/live/tv-canal-72.m3u8
[HD]ntv,https://t.freetv.fun/live/ntv.m3u8
[HD]ntv,https://t.freetv.fun/live/ntv-1.m3u8
[SD]ntv,https://t.freetv.fun/live/ntv-2.ts
[HD]nhtv,https://t.freetv.fun/live/nhtv.m3u8
[SD]ntv law,https://t.freetv.fun/live/ntv-law.m3u8
[SD]ntv mir,https://t.freetv.fun/live/ntv-mir.m3u8
[HD]national geographic,https://t.freetv.fun/live/national-geographic.m3u8
[SD]national geographic wild,https://t.freetv.fun/live/national-geographic-wild.m3u8
[BD]national geographic,https://t.freetv.fun/live/national-geographic-1.m3u8
[BD]national geographic wild,https://t.freetv.fun/live/national-geographic-wild-1.m3u8
[BD]national geographic,https://t.freetv.fun/live/national-geographic-2.m3u8
[HD]national geographic wild,https://t.freetv.fun/live/national-geographic-wild-2.m3u8
[HD]national geographic,https://t.freetv.fun/live/national-geographic-3.m3u8
[SD]national geographic,https://t.freetv.fun/live/national-geographic-5.m3u8
[SD]national geographic,https://t.freetv.fun/live/national-geographic-6.m3u8
[BD]national geographic wild,https://t.freetv.fun/live/national-geographic-wild-4.m3u8
[HD]national geographic west,https://t.freetv.fun/live/national-geographic-west.m3u8
[HD]national geographic wild,https://t.freetv.fun/live/national-geographic-wild-5.m3u8
[BD]105 national geographic,https://t.freetv.fun/live/105-national-geographic.m3u8
[BD]national geographic latin america,https://t.freetv.fun/live/national-geographic-latin-america.m3u8
[HD]latina tv,https://t.freetv.fun/live/latina-tv-1.m3u8
[HD]newkid4,https://t.freetv.fun/live/newkid4.m3u8
[HD]newkid4,https://t.freetv.fun/live/newkid4-1.m3u8
[BD]newsnation,https://t.freetv.fun/live/newsnation.m3u8
[BD]nesn nation,https://t.freetv.fun/live/nesn-nation.m3u8
[BD]nesn nation,https://t.freetv.fun/live/nesn-nation-1.m3u8
[BD]newsnation,https://t.freetv.fun/live/newsnation-2.m3u8
[BD]newsmax tv,https://t.freetv.fun/live/newsmax-tv.m3u8
[BD]newsmax spanish,https://t.freetv.fun/live/newsmax-spanish.m3u8
[BD]newsmax balkans,https://t.freetv.fun/live/newsmax-balkans.m3u8
[BD]靖洋卡通nice bingo,https://t.freetv.fun/live/jing-yang-qia-tong-nice-bingo.m3u8
[HD]nick jr,https://t.freetv.fun/live/nick-jr.m3u8
[HD]nick jr,https://t.freetv.fun/live/nick-jr-1.m3u8
[HD]nick jr,https://t.freetv.fun/live/nick-jr-3-1.m3u8
[BD]nick jr.,https://t.freetv.fun/live/nick-jr-2.m3u8
[SD]nick jr.,https://t.freetv.fun/live/nick-jr-1-1.m3u8
[SD]nick jr.,https://t.freetv.fun/live/nick-jr-2-1.m3u8
[BD]nick jr.,https://t.freetv.fun/live/nick-jr-3.m3u8
[BD]nick jr.,https://t.freetv.fun/live/nick-jr-4.m3u8
[VGA]nick jr.,https://t.freetv.fun/live/nick-jr-6.m3u8
[HD]Nick Jr. *tv,https://t.freetv.fun/live/nick-jr-tv.ts
[HD]NIcktoons *tv,https://t.freetv.fun/live/nicktoons-tv.ts
[BD]Nickelodeon,https://t.freetv.fun/live/nickelodeon-vt.m3u8
[BD]nickelodeon,https://t.freetv.fun/live/nickelodeon.m3u8
[BD]nickelodeon,https://t.freetv.fun/live/nickelodeon-1.m3u8
[BD]nickelodeon,https://t.freetv.fun/live/nickelodeon-2.m3u8
[SD]nickelodeon,https://t.freetv.fun/live/nickelodeon-4.m3u8
[SD]nickelodeon,https://t.freetv.fun/live/nickelodeon-5.m3u8
[SD]nickelodeon,https://t.freetv.fun/live/nickelodeon-7.m3u8
[BD]nickelodeon,https://t.freetv.fun/live/nickelodeon-9.m3u8
[BD]099 nickelodeon,https://t.freetv.fun/live/099-nickelodeon.m3u8
[BD]nickelodeon cis,https://t.freetv.fun/live/nickelodeon-cis.m3u8
[BD]nicktoons,https://t.freetv.fun/live/nicktoons-1.m3u8
[BD]nicktoons,https://t.freetv.fun/live/nicktoons-3.m3u8
[BD]nicktoons cis,https://t.freetv.fun/live/nicktoons-cis.m3u8
[SD]nicktoons,https://t.freetv.fun/live/nicktoons-4.m3u8
[HD]bx culture,https://t.freetv.fun/live/bx-culture.m3u8
[HD]sbn tv international,https://t.freetv.fun/live/sbn-tv-international.m3u8
[BD]dubai tv international,https://t.freetv.fun/live/dubai-tv-international.m3u8
[HD]action hollywood movies,https://t.freetv.fun/live/action-hollywood-movies-1.m3u8
[BD]action hollywood movies,https://t.freetv.fun/live/action-hollywood-movies.m3u8
[BD]noor tv,https://t.freetv.fun/live/noor-tv-1.m3u8
[HD]noor tv (720p),https://t.freetv.fun/live/noor-tv-720p.m3u8
[HD]ozono tv,https://t.freetv.fun/live/ozono-tv.m3u8
[BD]rtv noord,https://t.freetv.fun/live/rtv-noord.m3u8
[BD]rtv noord,https://t.freetv.fun/live/rtv-noord-1.m3u8
[BD]nova,https://t.freetv.fun/live/nova.m3u8
[SD]nova,https://t.freetv.fun/live/nova-2.m3u8
[SD]kino nova,https://t.freetv.fun/live/kino-nova.m3u8
[SD]nova gold,https://t.freetv.fun/live/nova-gold.php
[SD]nova lady,https://t.freetv.fun/live/nova-lady.php
[BD]nw sport 2,https://t.freetv.fun/live/nw-sport-2.m3u8
[HD]kos tv,https://t.freetv.fun/live/kos-tv.m3u8
[HD]sony movies,https://t.freetv.fun/live/sony-movies.m3u8
[BD]ok wernigerode,https://t.freetv.fun/live/ok-wernigerode.m3u8
[BD]oman tv,https://t.freetv.fun/live/oman-tv.m3u8
[HD]company tv,https://t.freetv.fun/live/company-tv.m3u8
[SD]komsan tv,https://t.freetv.fun/live/komsan-tv.m3u8
[VGA]oman tv,https://t.freetv.fun/live/oman-tv-1.m3u8
[BD]tn live,https://t.freetv.fun/live/tn-live.php
[BD]oan plus,https://t.freetv.fun/live/oan-plus.m3u8
[BD]joj plus,https://t.freetv.fun/live/joj-plus.php
[HD]onni tv,https://t.freetv.fun/live/onni-tv.m3u8
[SD]onda tv,https://t.freetv.fun/live/onda-tv-1.m3u8
[BD]ocn tv,https://t.freetv.fun/live/ocn-tv.m3u8
[HD]onda tv,https://t.freetv.fun/live/onda-tv-2.m3u8
[HD]tv one,https://t.freetv.fun/live/tv-one-2.m3u8
[HD]tv one,https://t.freetv.fun/live/tv-one-3.m3u8
[HD]orf 2,https://t.freetv.fun/live/orf-2.m3u8
[BD]premiere clubes,https://t.freetv.fun/live/premiere-clubes.m3u8
[BD]otv lbn,https://t.freetv.fun/live/otv-lbn.m3u8
[BD]otv,https://t.freetv.fun/live/otv-1.m3u8
[BD]own,https://t.freetv.fun/live/own.m3u8
[HD]onda tv,https://t.freetv.fun/live/onda-tv.m3u8
[BD]one america news network,https://t.freetv.fun/live/one-america-news-network.m3u8
[HD]tv one,https://t.freetv.fun/live/tv-one.m3u8
[HD]tv one,https://t.freetv.fun/live/tv-one-1.m3u8
[BD]outdoor channel,https://t.freetv.fun/live/outdoor-channel.m3u8
[BD]outdoor channel,https://t.freetv.fun/live/outdoor-channel-1.m3u8
[BD]outdoor channel,https://t.freetv.fun/live/outdoor-channel-2.m3u8
[HD]inside outside,https://t.freetv.fun/live/inside-outside.m3u8
[HD]music,https://t.freetv.fun/live/music.m3u8
[BD]Paramount,https://t.freetv.fun/live/paramount-1.m3u8
[HD]pbs kids,https://t.freetv.fun/live/pbs-kids.m3u8
[BD]pbs kids,https://t.freetv.fun/live/pbs-kids-1.m3u8
[BD]pet club tv,https://t.freetv.fun/live/pet-club-tv.m3u8
[BD]pet club tv,https://t.freetv.fun/live/pet-club-tv-1.m3u8
[BD]pop tv,https://t.freetv.fun/live/pop-tv.m3u8
[VGA]canal 1,https://t.freetv.fun/live/canal-1.m3u8
[SD]press tv,https://t.freetv.fun/live/press-tv.m3u8
[SD]iran press (720p),https://t.freetv.fun/live/iran-press-720p.m3u8
[VGA]iran press,https://t.freetv.fun/live/iran-press.m3u8
[HD]ptv,https://t.freetv.fun/live/ptv.m3u8
[VGA]tvs sports (720p) [not 24/7],https://t.freetv.fun/live/tvs-sports-720p-not-24-7.m3u8
[BD]tvp world,https://t.freetv.fun/live/tvp-world.m3u8
[BD]tvp world,https://t.freetv.fun/live/tvp-world-1.m3u8
[SD]ptv,https://t.freetv.fun/live/ptv-1.m3u8
[BD]paramount network,https://t.freetv.fun/live/paramount-network.m3u8
[BD]paramount network,https://t.freetv.fun/live/paramount-network-1.m3u8
[BD]paramount network latin america,https://t.freetv.fun/live/paramount-network-latin-america.m3u8
[HD]tvr parlemen,https://t.freetv.fun/live/tvr-parlemen.m3u8
[BD]payam tv,https://t.freetv.fun/live/payam-tv.m3u8
[BD]pixel tv,https://t.freetv.fun/live/pixel-tv.m3u8
[BD]big planet,https://t.freetv.fun/live/big-planet.m3u8
[BD]planète plus fr,https://t.freetv.fun/live/planete-plus-fr.m3u8
[BD]popcorn central,https://t.freetv.fun/live/popcorn-central.m3u8
[BD]polo tv,https://t.freetv.fun/live/polo-tv.m3u8
[BD]polsat sport premium 2,https://t.freetv.fun/live/polsat-sport-premium-2.m3u8
[BD]polsat,https://t.freetv.fun/live/polsat.m3u8
[BD]sky sport premier league de,https://t.freetv.fun/live/sky-sport-premier-league-de.m3u8
[BD]premier sports 1,https://t.freetv.fun/live/premier-sports-1.ts
[BD]premier sports 2,https://t.freetv.fun/live/premier-sports-2-1.ts
[BD]premier sports,https://t.freetv.fun/live/premier-sports.m3u8
[BD]premier sports 1 uk,https://t.freetv.fun/live/premier-sports-1-uk.m3u8
[HD]prima,https://t.freetv.fun/live/prima-1.php
[BD]qvc,https://t.freetv.fun/live/qvc.m3u8
[BD]qvc,https://t.freetv.fun/live/qvc-2.m3u8
[BD]qvc,https://t.freetv.fun/live/qvc-3.m3u8
[BD]rtc quarta rete,https://t.freetv.fun/live/rtc-quarta-rete.m3u8
[HD]uranio tv,https://t.freetv.fun/live/uranio-tv.m3u8
[HD]radio 51 tv,https://t.freetv.fun/live/radio-51-tv.m3u8
[HD]radio 51 tv,https://t.freetv.fun/live/radio-51-tv-1.m3u8
[BD]rbw,https://t.freetv.fun/live/rbw.m3u8
[BD].red,https://t.freetv.fun/live/red-1.m3u8
[SD].red,https://t.freetv.fun/live/red-2.m3u8
[BD].red,https://t.freetv.fun/live/red-3.m3u8
[BD]rede tv!,https://t.freetv.fun/live/rede-tv.m3u8
[BD]ren tv,https://t.freetv.fun/live/ren-tv.m3u8
[BD]rewind tv,https://t.freetv.fun/live/rewind-tv.m3u8
[SD]ren tv,https://t.freetv.fun/live/ren-tv-1.m3u8
[HD]retro tv,https://t.freetv.fun/live/retro-tv.m3u8
[SD]retro tv,https://t.freetv.fun/live/retro-tv-1.m3u8
[BD]retro tv,https://t.freetv.fun/live/retro-tv-2.m3u8
[BD]rfd-tv,https://t.freetv.fun/live/rfd-tv-1.m3u8
[HD]agr fm tv,https://t.freetv.fun/live/agr-fm-tv.m3u8
[HD]rmc decouverte,https://t.freetv.fun/live/rmc-decouverte.m3u8
[HD]rock entertainment,https://t.freetv.fun/live/rock-entertainment.m3u8
[HD]rsi la 2,https://t.freetv.fun/live/rsi-la-2.m3u8
[HD]rsi la 1,https://t.freetv.fun/live/rsi-la-1.m3u8
[BD]rtu,https://t.freetv.fun/live/rtu.m3u8
[BD]rt,https://t.freetv.fun/live/rt.m3u8
[VGA]abn africa (480p),https://t.freetv.fun/live/abn-africa-480p.m3u8
[BD]rtg,https://t.freetv.fun/live/rtg.m3u8
[HD]rtg tv,https://t.freetv.fun/live/rtg-tv.m3u8
[SD]rtg int.,https://t.freetv.fun/live/rtg-int.m3u8
[BD]rthk31,https://t.freetv.fun/live/rthk31.php
[BD]rthk31,https://t.freetv.fun/live/rthk31-1.m3u8
[BD]rthk32,https://t.freetv.fun/live/rthk32.php
[BD]rthk32,https://t.freetv.fun/live/rthk32-1.m3u8
[SD]kbs world,https://t.freetv.fun/live/kbs-world.m3u8
[HD]kbs world,https://t.freetv.fun/live/kbs-world-1.m3u8
[BD]kbs world,https://t.freetv.fun/live/kbs-world-2.m3u8
[SD]rtp açores,https://t.freetv.fun/live/rtp-acores.m3u8
[HD]rtp açores,https://t.freetv.fun/live/rtp-acores-1.m3u8
[BD]azteca internacional,https://t.freetv.fun/live/azteca-internacional.m3u8
[BD]azteca internacional,https://t.freetv.fun/live/azteca-internacional-1.m3u8
[BD]nuestra tele internacional,https://t.freetv.fun/live/nuestra-tele-internacional.m3u8
[VGA]waldivision internacional,https://t.freetv.fun/live/waldivision-internacional.m3u8
[SD]rtp madeira,https://t.freetv.fun/live/rtp-madeira.m3u8
[SD]rtp madeira,https://t.freetv.fun/live/rtp-madeira-1.m3u8
[HD]rtr-planeta cis,https://t.freetv.fun/live/rtr-planeta-cis.m3u8
[BD]rts,https://t.freetv.fun/live/rts.m3u8
[HD]rts 1,https://t.freetv.fun/live/rts-1.m3u8
[BD]rtv,https://t.freetv.fun/live/rtv.m3u8
[BD]tv 7 albania,https://t.freetv.fun/live/tv-7-albania.m3u8
[HD]afghanistan international (720p),https://t.freetv.fun/live/afghanistan-international-720p.m3u8
[BD]tvr international,https://t.freetv.fun/live/tvr-international.m3u8
[BD]iran international,https://t.freetv.fun/live/iran-international-1.m3u8
[SD]033 тнт4 international,https://t.freetv.fun/live/033-tnt4-international.m3u8
[SD]037 5 international,https://t.freetv.fun/live/037-5-international.m3u8
[SD]sts international,https://t.freetv.fun/live/sts-international-1.m3u8
[BD]rtv rijnmond,https://t.freetv.fun/live/rtv-rijnmond.m3u8
[HD]rté one ie,https://t.freetv.fun/live/rte-one-ie.m3u8
[SD]rtéjr ie,https://t.freetv.fun/live/rtejr-ie.m3u8
[BD]ru tv,https://t.freetv.fun/live/ru-tv.m3u8
[BD]ru tv,https://t.freetv.fun/live/ru-tv-1.m3u8
[BD]cruz tv,https://t.freetv.fun/live/cruz-tv-1.m3u8
[SD]cruz tv,https://t.freetv.fun/live/cruz-tv-1.m3u8
[SD]ru tv,https://t.freetv.fun/live/ru-tv-2.m3u8
[BD]usa today,https://t.freetv.fun/live/usa-today.m3u8
[BD]russia today ⓖ,https://t.freetv.fun/live/russia-today-g.m3u8
[HD]fanduel racing,https://t.freetv.fun/live/fanduel-racing.m3u8
[BD]sky sports racing uk,https://t.freetv.fun/live/sky-sports-racing-uk.m3u8
[HD]radio italia trend,https://t.freetv.fun/live/radio-italia-trend.m3u8
[HD]radio italia trend,https://t.freetv.fun/live/radio-italia-trend-1.m3u8
[HD]radio fantasia tv,https://t.freetv.fun/live/radio-fantasia-tv.m3u8
[BD]radio camila tv,https://t.freetv.fun/live/radio-camila-tv.m3u8
[BD]radio maria tv,https://t.freetv.fun/live/radio-maria-tv.m3u8
[BD]radio norba tv,https://t.freetv.fun/live/radio-norba-tv.m3u8
[BD]radio norba tv,https://t.freetv.fun/live/radio-norba-tv-1.m3u8
[BD]rhema tv,https://t.freetv.fun/live/rhema-tv-1.m3u8
[BD]rai 1,https://t.freetv.fun/live/rai-1.m3u8
[BD]rai 1,https://t.freetv.fun/live/rai-1-1.m3u8
[HD]rai 1,https://t.freetv.fun/live/rai-1-2.m3u8
[SD]rik 1,https://t.freetv.fun/live/rik-1-1.m3u8
[BD]rai 2,https://t.freetv.fun/live/rai-2-1.m3u8
[SD]rik 2,https://t.freetv.fun/live/rik-2-1.m3u8
[BD]rai 3,https://t.freetv.fun/live/rai-3.m3u8
[HD]rai 3,https://t.freetv.fun/live/rai-3-1.m3u8
[BD]rai 4,https://t.freetv.fun/live/rai-4.m3u8
[SD]rai italia asia,https://t.freetv.fun/live/rai-italia-asia.m3u8
[BD]rai italia americas,https://t.freetv.fun/live/rai-italia-americas.m3u8
[BD]rai italia australia,https://t.freetv.fun/live/rai-italia-australia.m3u8
[BD]rai italia,https://t.freetv.fun/live/rai-italia.m3u8
[BD]rai movie,https://t.freetv.fun/live/rai-movie.m3u8
[BD]rai sport 1,https://t.freetv.fun/live/rai-sport-1.m3u8
[BD]rai storia,https://t.freetv.fun/live/rai-storia.m3u8
[BD]rai storia,https://t.freetv.fun/live/rai-storia-1.m3u8
[BD]rai world premium,https://t.freetv.fun/live/rai-world-premium.m3u8
[BD]rai premium,https://t.freetv.fun/live/rai-premium.m3u8
[SD]rada tv,https://t.freetv.fun/live/rada-tv.m3u8
[HD]ayaz tv,https://t.freetv.fun/live/ayaz-tv.m3u8
[VGA]real madrid tv,https://t.freetv.fun/live/real-madrid-tv.m3u8
[HD]record news,https://t.freetv.fun/live/record-news.m3u8
[BD]rede cnt rio de janeiro,https://t.freetv.fun/live/rede-cnt-rio-de-janeiro.m3u8
[BD]red bull tv,https://t.freetv.fun/live/red-bull-tv-2.m3u8
[SD]red bull tv,https://t.freetv.fun/live/red-bull-tv-1.m3u8
[BD]red bull tv,https://t.freetv.fun/live/red-bull-tv-3.m3u8
[BD]red bull tv,https://t.freetv.fun/live/red-bull-tv-2.m3u8
[SD].red,https://t.freetv.fun/live/red-5.m3u8
[BD]rede brasil,https://t.freetv.fun/live/rede-brasil.m3u8
[HD]rede brasil,https://t.freetv.fun/live/rede-brasil-1.m3u8
[HD]rede minas,https://t.freetv.fun/live/rede-minas.m3u8
[HD]super!,https://t.freetv.fun/live/super-1.m3u8
[HD]rede vida,https://t.freetv.fun/live/rede-vida.m3u8
[BD]rede vida,https://t.freetv.fun/live/rede-vida-1.m3u8
[BD]axn cee czech republic,https://t.freetv.fun/live/axn-cee-czech-republic.m3u8
[BD]rete 4,https://t.freetv.fun/live/rete-4.m3u8
[BD]reuters,https://t.freetv.fun/live/reuters.m3u8
[BD]reuters,https://t.freetv.fun/live/reuters-1.m3u8
[BD]reuters 60,https://t.freetv.fun/live/reuters-60.m3u8
[HD]karibeña tv,https://t.freetv.fun/live/karibena-tv.m3u8
[BD]rig tv,https://t.freetv.fun/live/rig-tv-1.m3u8
[BD]ring,https://t.freetv.fun/live/ring.m3u8
[BD]rock action,https://t.freetv.fun/live/rock-action-1.m3u8
[BD]rock action,https://t.freetv.fun/live/rock-action-2.m3u8
[BD]ROCK Action *$,https://t.freetv.fun/live/rock-action.m3u8
[BD]rock tv,https://t.freetv.fun/live/rock-tv.m3u8
[HD]rock tv,https://t.freetv.fun/live/rock-tv-1.m3u8
[HD]folklore tv,https://t.freetv.fun/live/folklore-tv.m3u8
[HD]folklore tv,https://t.freetv.fun/live/folklore-tv-1.m3u8
[BD]ronahi tv,https://t.freetv.fun/live/ronahi-tv.m3u8
[BD]ryan and friends (1080p),https://t.freetv.fun/live/ryan-and-friends-1080p.m3u8
[HD]salaam tv,https://t.freetv.fun/live/salaam-tv.m3u8
[BD]apa tv,https://t.freetv.fun/live/apa-tv.m3u8
[HD]sbs,https://t.freetv.fun/live/sbs.m3u8
[HD]sbs cjb,https://t.freetv.fun/live/sbs-cjb.m3u8
[BD]sv plus,https://t.freetv.fun/live/sv-plus.m3u8
[BD]scorch tv,https://t.freetv.fun/live/scorch-tv.m3u8
[BD]sky sport bundesliga de,https://t.freetv.fun/live/sky-sport-bundesliga-de.m3u8
[SD]sky news,https://t.freetv.fun/live/sky-news.m3u8
[BD]sky sport calcio ᵁᴴᴰ,https://t.freetv.fun/live/sky-sport-calcio-uhd.m3u8
[HD]sky sport calcio ᴴᴰ,https://t.freetv.fun/live/sky-sport-calcio-hd.m3u8
[BD]sky sports football 50fps,https://t.freetv.fun/live/sky-sports-football-50fps.m3u8
[BD]sky sports football,https://t.freetv.fun/live/sky-sports-football-3.ts
[HD]soltv,https://t.freetv.fun/live/soltv.m3u8
[HD]cine sony,https://t.freetv.fun/live/cine-sony.m3u8
[HD]sony movies,https://t.freetv.fun/live/sony-movies-1.m3u8
[BD]sportklub,https://t.freetv.fun/live/sportklub.m3u8
[BD]sport tv 3 pt,https://t.freetv.fun/live/sport-tv-3-pt.m3u8
[HD]sport tv 4 pt,https://t.freetv.fun/live/sport-tv-4-pt.m3u8
[BD]sport tv 5 pt,https://t.freetv.fun/live/sport-tv-5-pt.m3u8
[BD]sportv 2,https://t.freetv.fun/live/sportv-2.m3u8
[BD]spotv,https://t.freetv.fun/live/spotv.m3u8
[BD]spotv 2,https://t.freetv.fun/live/spotv-2.m3u8
[BD]star channel,https://t.freetv.fun/live/star-channel.m3u8
[BD]star channel,https://t.freetv.fun/live/star-channel-1.m3u8
[SD]star channel,https://t.freetv.fun/live/star-channel-2.m3u8
[SD]star movies india,https://t.freetv.fun/live/star-movies-india.m3u8
[VGA]studio universal,https://t.freetv.fun/live/studio-universal.m3u8
[BD]studio universal,https://t.freetv.fun/live/studio-universal-1.m3u8
[BD]m-studio,https://t.freetv.fun/live/m-studio.m3u8
[BD]stvr,https://t.freetv.fun/live/stvr.php
[BD]stvr,https://t.freetv.fun/live/stvr-1.php
[HD]bstv,https://t.freetv.fun/live/bstv.m3u8
[SD]abai tv,https://t.freetv.fun/live/abai-tv.m3u8
[BD]abai tv,https://t.freetv.fun/live/abai-tv-1.m3u8
[BD]musawachannel,https://t.freetv.fun/live/musawachannel.m3u8
[BD]anand tv,https://t.freetv.fun/live/anand-tv.m3u8
[SD]lana tv,https://t.freetv.fun/live/lana-tv.m3u8
[BD]sivan tv,https://t.freetv.fun/live/sivan-tv.m3u8
[HD]anand tv,https://t.freetv.fun/live/anand-tv-1.m3u8
[SD]astana tv,https://t.freetv.fun/live/astana-tv.m3u8
[SD]box tv,https://t.freetv.fun/live/box-tv.m3u8
[HD]señal colombia,https://t.freetv.fun/live/senal-colombia-1.m3u8
[BD]showcase ca,https://t.freetv.fun/live/showcase-ca.m3u8
[HD]showtime women,https://t.freetv.fun/live/showtime-women.m3u8
[HD]showtime 2,https://t.freetv.fun/live/showtime-2.m3u8
[HD]showtime extreme,https://t.freetv.fun/live/showtime-extreme.m3u8
[BD]showtime next,https://t.freetv.fun/live/showtime-next.m3u8
[HD]Showtime Next *tv,https://t.freetv.fun/live/showtime-next-tv.ts
[BD]Showtime Showcase *tv,https://t.freetv.fun/live/showtime-showcase-tv.ts
[HD]skai tv,https://t.freetv.fun/live/skai-tv.m3u8
[BD]sky mix uk,https://t.freetv.fun/live/sky-mix-uk.m3u8
[BD]sky sports uhd 2 uk,https://t.freetv.fun/live/sky-sports-uhd-2-uk.m3u8
[BD]sky sports action uk,https://t.freetv.fun/live/sky-sports-action-uk.m3u8
[BD]sky cinema premiere uk,https://t.freetv.fun/live/sky-cinema-premiere-uk.m3u8
[BD]sky cinema greats uk,https://t.freetv.fun/live/sky-cinema-greats-uk.m3u8
[BD]sky cinema hits uk,https://t.freetv.fun/live/sky-cinema-hits-uk.m3u8
[HD]music classics,https://t.freetv.fun/live/music-classics.m3u8
[BD]cartoon classics,https://t.freetv.fun/live/cartoon-classics.m3u8
[BD]sky cinema comedy uk,https://t.freetv.fun/live/sky-cinema-comedy-uk.m3u8
[BD]sky cinema drama uk,https://t.freetv.fun/live/sky-cinema-drama-uk.m3u8
[BD]sky cinema family uk,https://t.freetv.fun/live/sky-cinema-family-uk.m3u8
[SD]krimi,https://t.freetv.fun/live/krimi.php
[HD]krimi,https://t.freetv.fun/live/krimi-1.m3u8
[BD]sky cinema sci-fi horror uk,https://t.freetv.fun/live/sky-cinema-sci-fi-horror-uk.m3u8
[BD]pbs nature,https://t.freetv.fun/live/pbs-nature.m3u8
[BD]sky news arabia,https://t.freetv.fun/live/sky-news-arabia.m3u8
[BD]sky news arabia,https://t.freetv.fun/live/sky-news-arabia-1.m3u8
[BD]sky news arabia,https://t.freetv.fun/live/sky-news-arabia-2.m3u8
[BD]sky news arabia,https://t.freetv.fun/live/sky-news-arabia-3.m3u8
[HD]live,https://t.freetv.fun/live/live.ts
[BD]sky news urdu,https://t.freetv.fun/live/sky-news-urdu.m3u8
[BD]sky sport 24 it,https://t.freetv.fun/live/sky-sport-24-it.m3u8
[HD]sky sport bar due ᵁᴴᴰ,https://t.freetv.fun/live/sky-sport-bar-due-uhd.m3u8
[HD]sky sport mmotogp ᴴᴰ,https://t.freetv.fun/live/sky-sport-mmotogp-hd.m3u8
[HD]sky sport bar due ᴴᴰ,https://t.freetv.fun/live/sky-sport-bar-due-hd.m3u8
[BD]sky sport motogp it,https://t.freetv.fun/live/sky-sport-motogp-it.m3u8
[BD]sky sport f1 it,https://t.freetv.fun/live/sky-sport-f1-it.m3u8
[BD]sky sports plus uk,https://t.freetv.fun/live/sky-sports-plus-uk.m3u8
[BD]sky sports cricket uk,https://t.freetv.fun/live/sky-sports-cricket-uk.m3u8
[BD]sky sports f1 uk,https://t.freetv.fun/live/sky-sports-f1-uk.m3u8
[BD]sky sports f1 uk,https://t.freetv.fun/live/sky-sports-f1-uk-1.m3u8
[HD]sky sport golf,https://t.freetv.fun/live/sky-sport-golf.m3u8
[BD]sky sports golf uk,https://t.freetv.fun/live/sky-sports-golf-uk.m3u8
[BD]sky sports main event 50fps,https://t.freetv.fun/live/sky-sports-main-event-50fps.m3u8
[BD]sky sports main event 50fps,https://t.freetv.fun/live/sky-sports-main-event-50fps-1.m3u8
[BD]sky sports main event uk,https://t.freetv.fun/live/sky-sports-main-event-uk-2.m3u8
[BD]sky sports news,https://t.freetv.fun/live/sky-sports-news.ts
[BD]sky sports news uk,https://t.freetv.fun/live/sky-sports-news-uk.m3u8
[BD]sky sports premier league,https://t.freetv.fun/live/sky-sports-premier-league-1.ts
[BD]sky sports premier league 50fps,https://t.freetv.fun/live/sky-sports-premier-league-50fps.m3u8
[BD]sky sports premier league uk,https://t.freetv.fun/live/sky-sports-premier-league-uk.m3u8
[BD]sky sport tennis it,https://t.freetv.fun/live/sky-sport-tennis-it.m3u8
[BD]sky sports tennis uk,https://t.freetv.fun/live/sky-sports-tennis-uk.m3u8
[HD]usa,https://t.freetv.fun/live/usa-2.m3u8
[BD]sky sport uno it,https://t.freetv.fun/live/sky-sport-uno-it.m3u8
[SD]smithsonian channel selects,https://t.freetv.fun/live/smithsonian-channel-selects.m3u8
[HD]smithsonian channel,https://t.freetv.fun/live/smithsonian-channel.m3u8
[SD]smithsonian channel,https://t.freetv.fun/live/smithsonian-channel-1.m3u8
[HD]samay national,https://t.freetv.fun/live/samay-national.m3u8
[HD]sony channel,https://t.freetv.fun/live/sony-channel.m3u8
[BD]sony channel,https://t.freetv.fun/live/sony-channel-1.m3u8
[BD]sony movie channel,https://t.freetv.fun/live/sony-movie-channel.m3u8
[BD]sony channel andes,https://t.freetv.fun/live/sony-channel-andes.m3u8
[HD]liv,https://t.freetv.fun/live/liv.m3u8
[SD]india,https://t.freetv.fun/live/india.m3u8
[BD]fon music,https://t.freetv.fun/live/fon-music.m3u8
[BD]sony one favoris,https://t.freetv.fun/live/sony-one-favoris.m3u8
[SD].sci-fi,https://t.freetv.fun/live/sci-fi-2.m3u8
[SD].sci-fi,https://t.freetv.fun/live/sci-fi-3.m3u8
[SD].sci-fi,https://t.freetv.fun/live/sci-fi-4.m3u8
[SD]sci fi,https://t.freetv.fun/live/sci-fi-1.m3u8
[BD]sony sports ten 1,https://t.freetv.fun/live/sony-sports-ten-1.ts
[SD]spacetoon arabic,https://t.freetv.fun/live/spacetoon-arabic.m3u8
[BD]sport 1 baltic,https://t.freetv.fun/live/sport-1-baltic.m3u8
[BD]nw sport 1,https://t.freetv.fun/live/nw-sport-1.m3u8
[SD]viju plus sport,https://t.freetv.fun/live/viju-plus-sport-1.m3u8
[BD]ktv sport plus,https://t.freetv.fun/live/ktv-sport-plus.m3u8
[SD]sport plus kazakhstan,https://t.freetv.fun/live/sport-plus-kazakhstan.m3u8
[SD]viju plus sport,https://t.freetv.fun/live/viju-plus-sport-2.m3u8
[BD]sport tv1,https://t.freetv.fun/live/sport-tv1.m3u8
[BD]sport tv2,https://t.freetv.fun/live/sport-tv2.m3u8
[BD]sport tv5,https://t.freetv.fun/live/sport-tv5.m3u8
[BD]women's sports network,https://t.freetv.fun/live/women-s-sports-network-1.m3u8
[BD]chicago sports network,https://t.freetv.fun/live/chicago-sports-network.m3u8
[BD]fubo sports network,https://t.freetv.fun/live/fubo-sports-network-1.m3u8
[BD]cowboy plus sports,https://t.freetv.fun/live/cowboy-plus-sports.m3u8
[HD]sportsnet new york,https://t.freetv.fun/live/sportsnet-new-york.ts
[HD]sportsnet new york,https://t.freetv.fun/live/sportsnet-new-york-1.m3u8
[BD]sportsnet one ca,https://t.freetv.fun/live/sportsnet-one-ca.m3u8
[BD]sportsnet 360,https://t.freetv.fun/live/sportsnet-360.ts
[BD]sportsnet ca,https://t.freetv.fun/live/sportsnet-ca.m3u8
[BD]sportsnet east,https://t.freetv.fun/live/sportsnet-east.ts
[HD]stadium,https://t.freetv.fun/live/stadium.m3u8
[BD]star cinema,https://t.freetv.fun/live/star-cinema.m3u8
[BD]star cinema,https://t.freetv.fun/live/star-cinema-1.m3u8
[SD]star crime,https://t.freetv.fun/live/star-crime.m3u8
[HD]lone star,https://t.freetv.fun/live/lone-star.m3u8
[BD]star,https://t.freetv.fun/live/star-1.m3u8
[SD]ocko star,https://t.freetv.fun/live/ocko-star.m3u8
[BD]star,https://t.freetv.fun/live/star-2.m3u8
[SD]tve star,https://t.freetv.fun/live/tve-star.m3u8
[BD]tve star,https://t.freetv.fun/live/tve-star-1.m3u8
[SD]star life,https://t.freetv.fun/live/star-life.m3u8
[BD]ocko star,https://t.freetv.fun/live/ocko-star-2.m3u8
[BD]star,https://t.freetv.fun/live/star-4.m3u8
[HD]gold star,https://t.freetv.fun/live/gold-star.m3u8
[HD]start tv,https://t.freetv.fun/live/start-tv.m3u8
[HD]start tv,https://t.freetv.fun/live/start-tv-1.m3u8
[BD]stryk tv (1080p),https://t.freetv.fun/live/stryk-tv-1080p.m3u8
[SD]start world,https://t.freetv.fun/live/start-world-1.m3u8
[BD]cars stars tv,https://t.freetv.fun/live/cars-stars-tv.m3u8
[HD]starz,https://t.freetv.fun/live/starz.m3u8
[HD]starz,https://t.freetv.fun/live/starz-1.m3u8
[BD]Starz Cinema,https://t.freetv.fun/live/starz-cinema-vt.m3u8
[BD]starz cinema,https://t.freetv.fun/live/starz-cinema.m3u8
[HD]Starz Cinema *tv,https://t.freetv.fun/live/starz-cinema-tv.ts
[BD]starz cinema,https://t.freetv.fun/live/starz-cinema-1.m3u8
[BD]starz edge,https://t.freetv.fun/live/starz-edge.m3u8
[HD]Starz Edge *tv,https://t.freetv.fun/live/starz-edge-tv.ts
[BD]starz encore action,https://t.freetv.fun/live/starz-encore-action.m3u8
[HD]starz encore westerns,https://t.freetv.fun/live/starz-encore-westerns.m3u8
[BD]Starz Encore *tv,https://t.freetv.fun/live/starz-encore-tv.ts
[BD]Starz West *tv,https://t.freetv.fun/live/starz-west-tv.ts
[BD]sundance tv,https://t.freetv.fun/live/sundance-tv.m3u8
[BD]suyai tv,https://t.freetv.fun/live/suyai-tv.m3u8
[BD]SYFY,https://t.freetv.fun/live/syfy-1-1.m3u8
[HD]syfy,https://t.freetv.fun/live/syfy-1.m3u8
[BD]syfy,https://t.freetv.fun/live/syfy-2.m3u8
[SD]syfy,https://t.freetv.fun/live/syfy-3.m3u8
[VGA]ta3,https://t.freetv.fun/live/ta3.php
[SD]tbn,https://t.freetv.fun/live/tbn.m3u8
[BD]tbn,https://t.freetv.fun/live/tbn-1.m3u8
[SD]cctv-2财经,https://t.freetv.fun/live/cctv-2cai-jing-1.m3u8
[BD]cctv-2财经,https://t.freetv.fun/live/cctv-2cai-jing-3.m3u8
[SD]cctv-2财经,https://t.freetv.fun/live/cctv-2cai-jing-4.m3u8
[HD]cctv-2财经,https://t.freetv.fun/live/cctv-2cai-jing-5.m3u8
[HD]cctv-2财经,https://t.freetv.fun/live/cctv-2cai-jing-6.m3u8
[SD]cctv-2财经,https://t.freetv.fun/live/cctv-2cai-jing-7.m3u8
[SD]cctv-2财经,https://t.freetv.fun/live/cctv-2cai-jing-8.m3u8
[BD]cctv-2财经,https://t.freetv.fun/live/cctv-2cai-jing-9.m3u8
[BD]cctv-2财经,https://t.freetv.fun/live/cctv-2cai-jing-10.m3u8
[SD]cctv-2财经,https://t.freetv.fun/live/cctv-2cai-jing-11.m3u8
[SD]cctv-2财经,https://t.freetv.fun/live/cctv-2cai-jing-12.m3u8
[HD]tea tv,https://t.freetv.fun/live/tea-tv.m3u8
[HD]telecanal santa cruz,https://t.freetv.fun/live/telecanal-santa-cruz.m3u8
[SD]telerama,https://t.freetv.fun/live/telerama.m3u8
[HD]telemas,https://t.freetv.fun/live/telemas-1.m3u8
[BD]tet,https://t.freetv.fun/live/tet-3.m3u8
[HD]tf1,https://t.freetv.fun/live/tf1.m3u8
[SD]trt haber,https://t.freetv.fun/live/trt-haber.m3u8
[HD]tgrt haber,https://t.freetv.fun/live/tgrt-haber.m3u8
[BD]sports grid,https://t.freetv.fun/live/sports-grid.m3u8
[BD]ttv,https://t.freetv.fun/live/ttv.m3u8
[HD]tlc,https://t.freetv.fun/live/tlc-1.m3u8
[BD]tlc,https://t.freetv.fun/live/tlc-2.m3u8
[BD]tlc,https://t.freetv.fun/live/tlc-5.m3u8
[BD]ntn24,https://t.freetv.fun/live/ntn24.m3u8
[SD]t24,https://t.freetv.fun/live/t24.m3u8
[BD]tnt,https://t.freetv.fun/live/tnt-1.m3u8
[SD]tnt,https://t.freetv.fun/live/tnt-1-1.m3u8
[BD]tnt sports 1,https://t.freetv.fun/live/tnt-sports-1-1.m3u8
[BD]tnt sports 1 50fps,https://t.freetv.fun/live/tnt-sports-1-50fps.m3u8
[BD]tnt sports 1 bola rusia,https://t.freetv.fun/live/tnt-sports-1-bola-rusia.m3u8
[HD]tnt sports 2,https://t.freetv.fun/live/tnt-sports-2.m3u8
[BD]tnt sports,https://t.freetv.fun/live/tnt-sports.m3u8
[BD]tnt sports 3,https://t.freetv.fun/live/tnt-sports-3.m3u8
[BD]tnt sports 4,https://t.freetv.fun/live/tnt-sports-4-2.m3u8
[BD]toonami,https://t.freetv.fun/live/toonami.m3u8
[BD]toonami,https://t.freetv.fun/live/toonami-1.m3u8
[SD]cape town tv,https://t.freetv.fun/live/cape-town-tv.m3u8
[SD]cape town tv (576p),https://t.freetv.fun/live/cape-town-tv-576p.m3u8
[BD]intravel,https://t.freetv.fun/live/intravel-1.m3u8
[VGA]travel,https://t.freetv.fun/live/travel.m3u8
[BD]pbs travel,https://t.freetv.fun/live/pbs-travel.m3u8
[HD]trt,https://t.freetv.fun/live/trt.m3u8
[HD]trt,https://t.freetv.fun/live/trt-2.m3u8
[BD]trt avaz,https://t.freetv.fun/live/trt-avaz.m3u8
[BD]trt avaz,https://t.freetv.fun/live/trt-avaz-1.m3u8
[BD]trt müzik,https://t.freetv.fun/live/trt-muzik.m3u8
[SD]trt müzik,https://t.freetv.fun/live/trt-muzik-1.m3u8
[BD]tvri world,https://t.freetv.fun/live/tvri-world.m3u8
[BD]trt world,https://t.freetv.fun/live/trt-world.m3u8
[BD]trt world,https://t.freetv.fun/live/trt-world-1.m3u8
[BD]trt world tr,https://t.freetv.fun/live/trt-world-tr.m3u8
[BD]trt world,https://t.freetv.fun/live/trt-world-3.m3u8
[BD]tsn5,https://t.freetv.fun/live/tsn5.m3u8
[BD]tsn1,https://t.freetv.fun/live/tsn1-1.ts
[BD]tsn1,https://t.freetv.fun/live/tsn1-2.m3u8
[BD]tsn1 ca 02,https://t.freetv.fun/live/tsn1-ca-02.m3u8
[BD]tsn1 ca 01,https://t.freetv.fun/live/tsn1-ca-01.m3u8
[BD]tsn2,https://t.freetv.fun/live/tsn2.m3u8
[HD]tsn3,https://t.freetv.fun/live/tsn3.m3u8
[HD]tsn3 ca,https://t.freetv.fun/live/tsn3-ca.m3u8
[HD]tsn4,https://t.freetv.fun/live/tsn4.m3u8
[BD]tsn4 ca,https://t.freetv.fun/live/tsn4-ca.m3u8
[SD]az tv,https://t.freetv.fun/live/az-tv.m3u8
[BD]di tv,https://t.freetv.fun/live/di-tv.m3u8
[VGA]fb tv,https://t.freetv.fun/live/fb-tv-1.m3u8
[BD]gp tv,https://t.freetv.fun/live/gp-tv.m3u8
[SD]fb tv,https://t.freetv.fun/live/fb-tv-1.m3u8
[SD]az tv,https://t.freetv.fun/live/az-tv-1.m3u8
[SD]az tv,https://t.freetv.fun/live/az-tv-2.m3u8
[HD]tu tv,https://t.freetv.fun/live/tu-tv.m3u8
[BD]tsv,https://t.freetv.fun/live/tsv.m3u8
[HD]ap tv,https://t.freetv.fun/live/ap-tv.m3u8
[HD]comedy tv,https://t.freetv.fun/live/comedy-tv.m3u8
[BD]vip megahit,https://t.freetv.fun/live/vip-megahit.m3u8
[BD]tvr 2,https://t.freetv.fun/live/tvr-2.m3u8
[VGA]tv-3,https://t.freetv.fun/live/tv-3.m3u8
[SD]3tv,https://t.freetv.fun/live/3tv.m3u8
[BD]tvr 3,https://t.freetv.fun/live/tvr-3.m3u8
[SD]tv-3,https://t.freetv.fun/live/tv-3-1-1.m3u8
[HD]tv 538,https://t.freetv.fun/live/tv-538.m3u8
[HD]hadi tv 7,https://t.freetv.fun/live/hadi-tv-7.m3u8
[BD]7tv,https://t.freetv.fun/live/7tv-1.m3u8
[BD]tv aparecida,https://t.freetv.fun/live/tv-aparecida.m3u8
[BD]tv aparecida,https://t.freetv.fun/live/tv-aparecida-1.m3u8
[HD]tv brasil,https://t.freetv.fun/live/tv-brasil-1.m3u8
[BD]trace brasil,https://t.freetv.fun/live/trace-brasil-1.m3u8
[BD]itv brazil,https://t.freetv.fun/live/itv-brazil.m3u8
[BD]tv brics,https://t.freetv.fun/live/tv-brics.m3u8
[HD]tv chosun 2,https://t.freetv.fun/live/tv-chosun-2.m3u8
[SD]creta,https://t.freetv.fun/live/creta.m3u8
[SD]tv cultura,https://t.freetv.fun/live/tv-cultura-1.m3u8
[BD]tve cultura,https://t.freetv.fun/live/tve-cultura.m3u8
[BD]cultura fast,https://t.freetv.fun/live/cultura-fast.m3u8
[BD]tv escola,https://t.freetv.fun/live/tv-escola.m3u8
[BD]tv gazeta,https://t.freetv.fun/live/tv-gazeta.m3u8
[HD]tv gazeta,https://t.freetv.fun/live/tv-gazeta-1.m3u8
[BD]joj,https://t.freetv.fun/live/joj.php
[BD]jojko,https://t.freetv.fun/live/jojko.php
[BD]play tv,https://t.freetv.fun/live/play-tv.m3u8
[BD]play tv,https://t.freetv.fun/live/play-tv-2.m3u8
[HD]play tv,https://t.freetv.fun/live/play-tv-3.m3u8
[BD]nove,https://t.freetv.fun/live/nove.m3u8
[BD]nove,https://t.freetv.fun/live/nove-1.m3u8
[BD]tv pirveli,https://t.freetv.fun/live/tv-pirveli.m3u8
[SD]tv senado,https://t.freetv.fun/live/tv-senado.m3u8
[HD]tv senado,https://t.freetv.fun/live/tv-senado-1.m3u8
[HD]tv senado,https://t.freetv.fun/live/tv-senado-2.m3u8
[BD]tvri sport,https://t.freetv.fun/live/tvri-sport.m3u8
[HD]čt sport,https://t.freetv.fun/live/ct-sport.m3u8
[BD]ktv sport (1080p),https://t.freetv.fun/live/ktv-sport-1080p.m3u8
[VGA]ktv sport,https://t.freetv.fun/live/ktv-sport.m3u8
[BD]tvr sport,https://t.freetv.fun/live/tvr-sport.m3u8
[BD]sport tv plus pt,https://t.freetv.fun/live/sport-tv-plus-pt.m3u8
[BD]sport tv 1 pt,https://t.freetv.fun/live/sport-tv-1-pt.m3u8
[BD]sport tv 2 pt,https://t.freetv.fun/live/sport-tv-2-pt.m3u8
[BD]sport tv plus,https://t.freetv.fun/live/sport-tv-plus.m3u8
[HD]super tv,https://t.freetv.fun/live/super-tv.m3u8
[BD]super,https://t.freetv.fun/live/super.m3u8
[HD]tv1,https://t.freetv.fun/live/tv1.m3u8
[BD]tvp1,https://t.freetv.fun/live/tvp1.m3u8
[HD]tv1,https://t.freetv.fun/live/tv1-1.m3u8
[BD]ltv1,https://t.freetv.fun/live/ltv1.m3u8
[SD]tv1000,https://t.freetv.fun/live/tv1000.m3u8
[SD]viju tv1000,https://t.freetv.fun/live/viju-tv1000-1.m3u8
[SD]viju tv1000,https://t.freetv.fun/live/viju-tv1000-2.m3u8
[SD]tv1000,https://t.freetv.fun/live/tv1000-2.m3u8
[SD]viju tv1000 action,https://t.freetv.fun/live/viju-tv1000-action-2.m3u8
[BD]viju tv1000 action,https://t.freetv.fun/live/viju-tv1000-action-3.m3u8
[BD]tv1000 русское кино,https://t.freetv.fun/live/tv1000-russkoe-kino.m3u8
[SD]tv1000 русское кино,https://t.freetv.fun/live/tv1000-russkoe-kino-1.m3u8
[BD]tv2,https://t.freetv.fun/live/tv2.m3u8
[BD]tvp2,https://t.freetv.fun/live/tvp2.m3u8
[HD]tv3,https://t.freetv.fun/live/tv3.m3u8
[HD]la 1 catalunya,https://t.freetv.fun/live/la-1-catalunya-1.m3u8
[VGA]tv4,https://t.freetv.fun/live/tv4.m3u8
[BD]tv4,https://t.freetv.fun/live/tv4-1.m3u8
[BD]tv4,https://t.freetv.fun/live/tv4-2.m3u8
[SD]tv5 kannada,https://t.freetv.fun/live/tv5-kannada.m3u8
[BD]tv5 monde info,https://t.freetv.fun/live/tv5-monde-info.m3u8
[VGA]tv5,https://t.freetv.fun/live/tv5.m3u8
[HD]tv8,https://t.freetv.fun/live/tv8.m3u8
[HD]tva,https://t.freetv.fun/live/tva.m3u8
[HD]tva,https://t.freetv.fun/live/tva-1-1.m3u8
[BD]tva,https://t.freetv.fun/live/tva-2.m3u8
[BD]tvbj1,https://t.freetv.fun/live/tvbj1-1.php
[BD]atv plus,https://t.freetv.fun/live/atv-plus.m3u8
[HD]tvb plus,https://t.freetv.fun/live/tvb-plus.m3u8
[HD]tvb plus,https://t.freetv.fun/live/tvb-plus-2.m3u8
[BD]tvb plus,https://t.freetv.fun/live/tvb-plus-3.m3u8
[HD]metv plus,https://t.freetv.fun/live/metv-plus.m3u8
[HD]metv plus,https://t.freetv.fun/live/metv-plus-1.m3u8
[BD]asian,https://t.freetv.fun/live/asian.m3u8
[HD]tvb亚洲武侠,https://t.freetv.fun/live/tvbya-zhou-wu-xia.php
[BD]tvb1,https://t.freetv.fun/live/tvb1.php
[HD]TVBS *$,https://t.freetv.fun/live/tvbs-2.m3u8
[HD]tvbs,https://t.freetv.fun/live/tvbs.m3u8
[BD]tvbs,https://t.freetv.fun/live/tvbs-1.m3u8
[BD]TVBS News *$,https://t.freetv.fun/live/tvbs-news.m3u8
[BD]tvbs新闻,https://t.freetv.fun/live/tvbsxin-wen.m3u8
[BD]tvbs新聞,https://t.freetv.fun/live/tvbsxin-wen-1.m3u8
[BD]tvbs新闻,https://t.freetv.fun/live/tvbsxin-wen-1-1.m3u8
[BD]tvbs亞洲,https://t.freetv.fun/live/tvbsya-zhou.m3u8
[BD]tvb星河,https://t.freetv.fun/live/tvbxing-he.m3u8
[HD]tvb星河,https://t.freetv.fun/live/tvbxing-he-3.m3u8
[BD]tvc,https://t.freetv.fun/live/tvc.m3u8
[BD]tve rs,https://t.freetv.fun/live/tve-rs.m3u8
[BD]tve rs,https://t.freetv.fun/live/tve-rs-1.m3u8
[BD]tvm 3,https://t.freetv.fun/live/tvm-3.m3u8
[HD]tvm,https://t.freetv.fun/live/tvm.m3u8
[BD]tvn5,https://t.freetv.fun/live/tvn5.m3u8
[BD]tvn,https://t.freetv.fun/live/tvn-1.m3u8
[BD]tvn,https://t.freetv.fun/live/tvn-2.m3u8
[HD]tvokids,https://t.freetv.fun/live/tvokids.m3u8
[BD]tvp 1,https://t.freetv.fun/live/tvp-1-1.m3u8
[BD]tvp historia,https://t.freetv.fun/live/tvp-historia.m3u8
[BD]tv land,https://t.freetv.fun/live/tv-land.m3u8
[BD]tv land,https://t.freetv.fun/live/tv-land-1.m3u8
[BD]tvp sport,https://t.freetv.fun/live/tvp-sport.m3u8
[BD]tvri,https://t.freetv.fun/live/tvri.m3u8
[SD]tvt,https://t.freetv.fun/live/tvt.m3u8
[BD]tele antillas,https://t.freetv.fun/live/tele-antillas.m3u8
[HD]tele pavia,https://t.freetv.fun/live/tele-pavia.m3u8
[HD]teleantioquia colombia,https://t.freetv.fun/live/teleantioquia-colombia-1.m3u8
[BD]telemax,https://t.freetv.fun/live/telemax.m3u8
[BD]telemax,https://t.freetv.fun/live/telemax-2.m3u8
[SD]telecentro,https://t.freetv.fun/live/telecentro.m3u8
[BD]telecentro,http://190.122.104.210:5080/LiveApp/streams/tcentro.m3u8
[BD]telemetro,https://t.freetv.fun/live/telemetro.m3u8
[BD]telemundo florida,https://t.freetv.fun/live/telemundo-florida-1.m3u8
[BD]tele uno,https://t.freetv.fun/live/tele-uno-1.m3u8
[BD]telemundo,https://t.freetv.fun/live/telemundo.m3u8
[HD]telemundo al día,https://t.freetv.fun/live/telemundo-al-dia.m3u8
[HD]telemundo,https://t.freetv.fun/live/telemundo-1.m3u8
[HD]telemundo al día,https://t.freetv.fun/live/telemundo-al-dia-1.m3u8
[BD]telemundo internacional,https://t.freetv.fun/live/telemundo-internacional.m3u8
[HD]telepasto,https://t.freetv.fun/live/telepasto.m3u8
[HD]teleticino,https://t.freetv.fun/live/teleticino.m3u8
[HD]teleticino,https://t.freetv.fun/live/teleticino-1.m3u8
[BD]televida,https://t.freetv.fun/live/televida.m3u8
[BD]dvojka,https://t.freetv.fun/live/dvojka.m3u8
[BD]dvojka,https://t.freetv.fun/live/dvojka-1.php
[VGA]televízia osem,https://t.freetv.fun/live/televizia-osem.m3u8
[BD]tennis plus,https://t.freetv.fun/live/tennis-plus.m3u8
[HD]terra,https://t.freetv.fun/live/terra.m3u8
[SD]terra,https://t.freetv.fun/live/terra-3.m3u8
[BD]terra viva,https://t.freetv.fun/live/terra-viva.m3u8
[BD]the design network,https://t.freetv.fun/live/the-design-network.m3u8
[BD]watc the point network,https://t.freetv.fun/live/watc-the-point-network.m3u8
[BD]hdnet movies,https://t.freetv.fun/live/hdnet-movies.m3u8
[BD]the weather channel,https://t.freetv.fun/live/the-weather-channel.m3u8
[SD]tiji,https://t.freetv.fun/live/tiji-1.m3u8
[HD]tiji,https://t.freetv.fun/live/tiji-2.m3u8
[SD]tiji,https://t.freetv.fun/live/tiji-3.m3u8
[HD]music latino,https://t.freetv.fun/live/music-latino.m3u8
[BD]top tv,https://t.freetv.fun/live/top-tv-1.m3u8
[HD]tooncast,https://t.freetv.fun/live/tooncast.m3u8
[BD]topcrime,https://t.freetv.fun/live/topcrime.m3u8
[HD]trace gospel africa franco,https://t.freetv.fun/live/trace-gospel-africa-franco.m3u8
[SD]trace sport stars,https://t.freetv.fun/live/trace-sport-stars-1.m3u8
[BD]trace sport stars,https://t.freetv.fun/live/trace-sport-stars-2.m3u8
[BD]trace sport stars,https://t.freetv.fun/live/trace-sport-stars-3.m3u8
[HD]trace sport stars,https://t.freetv.fun/live/trace-sport-stars-5.m3u8
[SD]trace sport stars sd,https://t.freetv.fun/live/trace-sport-stars-sd.m3u8
[BD]trace urban,https://t.freetv.fun/live/trace-urban-3.m3u8
[BD]trace urban,https://t.freetv.fun/live/trace-urban-1.m3u8
[HD]trace urban,https://t.freetv.fun/live/trace-urban-2.m3u8
[BD]trace urban,https://t.freetv.fun/live/trace-urban-3.m3u8
[SD]trace urban (australia) (1080p),https://t.freetv.fun/live/trace-urban-australia-1080p.m3u8
[SD]trace urban *y,https://t.freetv.fun/live/trace-urban-y.m3u8
[HD]trace urban africa franco,https://t.freetv.fun/live/trace-urban-africa-franco.m3u8
[BD]vip comedy,https://t.freetv.fun/live/vip-comedy.m3u8
[BD]nina tv,https://t.freetv.fun/live/nina-tv.m3u8
[SD]sport tv,https://t.freetv.fun/live/sport-tv.m3u8
[HD]TVN Movies *tv,https://t.freetv.fun/live/tvn-movies-tv.ts
[HD]tyc sports 2,https://t.freetv.fun/live/tyc-sports-2.m3u8
[HD]ucv tv,https://t.freetv.fun/live/ucv-tv.m3u8
[BD]tudn,https://t.freetv.fun/live/tudn.m3u8
[BD]ufc,https://t.freetv.fun/live/ufc.m3u8
[BD]ufc,https://t.freetv.fun/live/ufc-1.m3u8
[HD]xfc tv,https://t.freetv.fun/live/xfc-tv.m3u8
[BD]universal monsters,https://t.freetv.fun/live/universal-monsters.m3u8
[BD]universal action,https://t.freetv.fun/live/universal-action.m3u8
[BD]universal crime,https://t.freetv.fun/live/universal-crime.m3u8
[HD]universal cinema,https://t.freetv.fun/live/universal-cinema.m3u8
[HD]universal comedy,https://t.freetv.fun/live/universal-comedy.m3u8
[HD]universal reality,https://t.freetv.fun/live/universal-reality.m3u8
[BD]universal crime,https://t.freetv.fun/live/universal-crime-1.m3u8
[BD]universo,https://t.freetv.fun/live/universo.m3u8
[HD]universal crime,https://t.freetv.fun/live/universal-crime-2.m3u8
[BD]universal action,https://t.freetv.fun/live/universal-action-1.m3u8
[BD]universal action,https://t.freetv.fun/live/universal-action-2.m3u8
[HD]universal premier,https://t.freetv.fun/live/universal-premier-1.m3u8
[HD]universal comedy,https://t.freetv.fun/live/universal-comedy-1.m3u8
[HD]radio universal,https://t.freetv.fun/live/radio-universal.m3u8
[BD]universal tv,https://t.freetv.fun/live/universal-tv.m3u8
[VGA]univision,https://t.freetv.fun/live/univision.m3u8
[HD]univision west,https://t.freetv.fun/live/univision-west.m3u8
[SD]dd urdu,https://t.freetv.fun/live/dd-urdu.m3u8
[BD]usa network,https://t.freetv.fun/live/usa-network.m3u8
[BD]usa network,https://t.freetv.fun/live/usa-network-1.m3u8
[BD]usa network latin america,https://t.freetv.fun/live/usa-network-latin-america.m3u8
[HD]acc network,https://t.freetv.fun/live/acc-network-1.m3u8
[BD]usa network,https://t.freetv.fun/live/usa-network-2.m3u8
[HD]acc network,https://t.freetv.fun/live/acc-network-2.m3u8
[BD]up network,https://t.freetv.fun/live/up-network.m3u8
[BD]usa network west,https://t.freetv.fun/live/usa-network-west.m3u8
[BD]ultra tv,https://t.freetv.fun/live/ultra-tv.m3u8
[BD]rumba tv,https://t.freetv.fun/live/rumba-tv.m3u8
[BD]unbeaten,https://t.freetv.fun/live/unbeaten.m3u8
[BD]unimas,https://t.freetv.fun/live/unimas.m3u8
[BD]unimas west,https://t.freetv.fun/live/unimas-west.m3u8
[BD]vevo pop,https://t.freetv.fun/live/vevo-pop.m3u8
[BD]vevo pop,https://t.freetv.fun/live/vevo-pop-1.m3u8
[BD]vevo '90s '00s italy,https://t.freetv.fun/live/vevo-90s-00s-italy.m3u8
[BD]vevo schlager pop,https://t.freetv.fun/live/vevo-schlager-pop.m3u8
[BD]vevo pop,https://t.freetv.fun/live/vevo-pop-2.m3u8
[BD]vevo pop italy,https://t.freetv.fun/live/vevo-pop-italy.m3u8
[BD]vevo latino,https://t.freetv.fun/live/vevo-latino.m3u8
[SD]vevo latino (1080p),https://t.freetv.fun/live/vevo-latino-1080p.m3u8
[BD]vevo country rewind,https://t.freetv.fun/live/vevo-country-rewind.m3u8
[BD]vevo country rewind,https://t.freetv.fun/live/vevo-country-rewind-1.m3u8
[BD]vevo rock,https://t.freetv.fun/live/vevo-rock.m3u8
[BD]vevo 2010s,https://t.freetv.fun/live/vevo-2010s.m3u8
[BD]vevo 2010s,https://t.freetv.fun/live/vevo-2010s-1.m3u8
[BD]vh1,https://t.freetv.fun/live/vh1.m3u8
[BD]vh1,https://t.freetv.fun/live/vh1-2.m3u8
[VGA]mtv classic,https://t.freetv.fun/live/mtv-classic.m3u8
[SD]kvn tv,https://t.freetv.fun/live/kvn-tv.m3u8
[BD]virgin radio,https://t.freetv.fun/live/virgin-radio.m3u8
[BD]voa persian,https://t.freetv.fun/live/voa-persian.m3u8
[BD]voa tv,https://t.freetv.fun/live/voa-tv.m3u8
[HD]velayat tv,https://t.freetv.fun/live/velayat-tv-1.m3u8
[HD]vilayet tv,https://t.freetv.fun/live/vilayet-tv.m3u8
[VGA]venevision,https://t.freetv.fun/live/venevision.m3u8
[HD]venevision,https://t.freetv.fun/live/venevision-1.m3u8
[SD]viasat kino comedy,https://t.freetv.fun/live/viasat-kino-comedy.m3u8
[BD]viasat kino comedy,https://t.freetv.fun/live/viasat-kino-comedy-1.m3u8
[BD]viasat explore classic,https://t.freetv.fun/live/viasat-explore-classic.m3u8
[BD]viasat explore,https://t.freetv.fun/live/viasat-explore.m3u8
[SD]viasat explore,https://t.freetv.fun/live/viasat-explore-1.m3u8
[HD]viasat explore,https://t.freetv.fun/live/viasat-explore-3.m3u8
[SD]viasat history,https://t.freetv.fun/live/viasat-history-1.m3u8
[HD]viasat history,https://t.freetv.fun/live/viasat-history-3.m3u8
[HD]viasat nature,https://t.freetv.fun/live/viasat-nature.m3u8
[SD]viasat nature,https://t.freetv.fun/live/viasat-nature-1.m3u8
[SD]viasat nature,https://t.freetv.fun/live/viasat-nature-2.m3u8
[SD]viasat nature,https://t.freetv.fun/live/viasat-nature-3.m3u8
[SD]viasat sport,https://t.freetv.fun/live/viasat-sport.m3u8
[BD]tvb vietnam,https://t.freetv.fun/live/tvb-vietnam.m3u8
[BD]hype visual radio (1080p),https://t.freetv.fun/live/hype-visual-radio-1080p.m3u8
[BD]vizion plus al,https://t.freetv.fun/live/vizion-plus-al.m3u8
[BD]wnbc-dt1,https://t.freetv.fun/live/wnbc-dt1.m3u8
[BD]w network,https://t.freetv.fun/live/w-network.m3u8
[BD]watan egypt,https://t.freetv.fun/live/watan-egypt.m3u8
[BD]waterbear,https://t.freetv.fun/live/waterbear.m3u8
[BD]waterbear,https://t.freetv.fun/live/waterbear-1.m3u8
[HD]we tv,https://t.freetv.fun/live/we-tv.m3u8
[BD]we tv,https://t.freetv.fun/live/we-tv-1.m3u8
[BD]we tv,https://t.freetv.fun/live/we-tv-2.m3u8
[HD]weathernation,https://t.freetv.fun/live/weathernation.m3u8
[SD]weathernation,https://t.freetv.fun/live/weathernation-1.m3u8
[VGA]wild earth,https://t.freetv.fun/live/wild-earth.m3u8
[BD]willow sports,https://t.freetv.fun/live/willow-sports.m3u8
[BD]willow sports,https://t.freetv.fun/live/willow-sports-1.m3u8
[BD]willow sports,https://t.freetv.fun/live/willow-sports-2.m3u8
[BD]win sports,https://t.freetv.fun/live/win-sports.m3u8
[HD]winsports,https://t.freetv.fun/live/winsports-1.m3u8
[HD]win sports premium col,https://t.freetv.fun/live/win-sports-premium-col-1.m3u8
[BD]world fishing network,https://t.freetv.fun/live/world-fishing-network.m3u8
[BD]world fishing network,https://t.freetv.fun/live/world-fishing-network-1.m3u8
[SD]world fishing network,https://t.freetv.fun/live/world-fishing-network-2.m3u8
[BD]world poker tour,https://t.freetv.fun/live/world-poker-tour-1.m3u8
[HD]ytv ca,https://t.freetv.fun/live/ytv-ca.m3u8
[HD]zee tv,https://t.freetv.fun/live/zee-tv-1.m3u8
[BD]tv zoom,https://t.freetv.fun/live/tv-zoom.m3u8
[BD]tv zoom,https://t.freetv.fun/live/tv-zoom-1.m3u8
[BD]zoom,https://t.freetv.fun/live/zoom.m3u8
[SD]dd bangla,https://t.freetv.fun/live/dd-bangla.m3u8
[VGA]zee bangla sonar,https://t.freetv.fun/live/zee-bangla-sonar.m3u8
[SD]zee cinema uk,https://t.freetv.fun/live/zee-cinema-uk.m3u8
[HD]rtp,https://t.freetv.fun/live/rtp.m3u8
[BD]zvezda,https://t.freetv.fun/live/zvezda-1.m3u8
[BD]zvezda,https://t.freetv.fun/live/zvezda-1-1.m3u8
[BD]a haber,https://t.freetv.fun/live/a-haber.m3u8
[BD]amazing facts tv,https://t.freetv.fun/live/amazing-facts-tv.m3u8
[VGA]atv,https://t.freetv.fun/live/atv.m3u8
[BD]atv,https://t.freetv.fun/live/atv-1.m3u8
[BD]atv,https://t.freetv.fun/live/atv-2.m3u8
[HD]atv,https://t.freetv.fun/live/atv-4.m3u8
[HD]atv,https://t.freetv.fun/live/atv-5.m3u8
[BD]max sport 2,https://t.freetv.fun/live/max-sport-2.m3u8
[BD]max sport 3,https://t.freetv.fun/live/max-sport-3.m3u8
[BD]max sport 4,https://t.freetv.fun/live/max-sport-4.m3u8
[SD]zee aflam,https://t.freetv.fun/live/zee-aflam.m3u8
[HD]tv5monde africa,https://t.freetv.fun/live/tv5monde-africa.m3u8
[VGA]voa tv africa,https://t.freetv.fun/live/voa-tv-africa.m3u8
[HD]salira tv,https://t.freetv.fun/live/salira-tv.m3u8
[BD]hala tv,https://t.freetv.fun/live/hala-tv-1.m3u8
[SD]amedia 1,https://t.freetv.fun/live/amedia-1.m3u8
[SD]amedia 1,https://t.freetv.fun/live/amedia-1-1.m3u8
[SD]amedia 1,https://t.freetv.fun/live/amedia-1-2.m3u8
[SD]amedia 2,https://t.freetv.fun/live/amedia-2.m3u8
[SD]amedia 2,https://t.freetv.fun/live/amedia-2-1.m3u8
[SD]amedia 2,https://t.freetv.fun/live/amedia-2-2.m3u8
[SD]amedia 2,https://t.freetv.fun/live/amedia-2-3.m3u8
[SD]amedia 2 (576p),https://t.freetv.fun/live/amedia-2-576p.m3u8
[HD]andina rtv,https://t.freetv.fun/live/andina-rtv.m3u8
[HD]andina rtv,https://t.freetv.fun/live/andina-rtv-1.m3u8
[BD]canal capital,https://t.freetv.fun/live/canal-capital.m3u8
[BD]caras tv,https://t.freetv.fun/live/caras-tv.m3u8
[BD]cira tv,https://t.freetv.fun/live/cira-tv.m3u8
[HD]dtv,https://t.freetv.fun/live/dtv.m3u8
[BD]extra tv,https://t.freetv.fun/live/extra-tv.m3u8
[BD]extra tv,https://t.freetv.fun/live/extra-tv-1.m3u8
[HD]hakka tv,https://t.freetv.fun/live/hakka-tv.m3u8
[BD]i24 news hebrew,https://t.freetv.fun/live/i24-news-hebrew.m3u8
[BD]kurdsat news,https://t.freetv.fun/live/kurdsat-news.m3u8
[SD]lale,https://t.freetv.fun/live/lale.m3u8
[HD]awtv,https://t.freetv.fun/live/awtv.m3u8
[BD]golf life,https://t.freetv.fun/live/golf-life.m3u8
[BD]gb news,https://t.freetv.fun/live/gb-news.m3u8
[BD]rt news,https://t.freetv.fun/live/rt-news.m3u8
[SD]atn news,https://t.freetv.fun/live/atn-news.ts
[BD]tvd news,https://t.freetv.fun/live/tvd-news.m3u8
[VGA]sabc news,https://t.freetv.fun/live/sabc-news-1.m3u8
[BD]ntd news,https://t.freetv.fun/live/ntd-news.m3u8
[HD]dd news,https://t.freetv.fun/live/dd-news.m3u8
[BD]gb news,https://t.freetv.fun/live/gb-news-2.m3u8
[BD]newsy,https://t.freetv.fun/live/newsy-1.m3u8
[BD]crtv news,https://t.freetv.fun/live/crtv-news.m3u8
[HD]band news,https://t.freetv.fun/live/band-news.m3u8
[BD]etv news,https://t.freetv.fun/live/etv-news.m3u8
[BD]sbt news,https://t.freetv.fun/live/sbt-news.m3u8
[HD]sbt news,https://t.freetv.fun/live/sbt-news-1.m3u8
[BD]dd news,https://t.freetv.fun/live/dd-news-1.m3u8
[BD]nova news,https://t.freetv.fun/live/nova-news.m3u8
[BD]salem news channel,https://t.freetv.fun/live/salem-news-channel.m3u8
[BD]salem news channel,https://t.freetv.fun/live/salem-news-channel-1.m3u8
[BD]nbc sports now,https://t.freetv.fun/live/nbc-sports-now.m3u8
[BD]now sports 616 hk,https://t.freetv.fun/live/now-sports-616-hk.m3u8
[BD]now sports 616 ᵁᴴᴰ,https://t.freetv.fun/live/now-sports-616-uhd.m3u8
[HD]prime,https://t.freetv.fun/live/prime.m3u8
[HD]fonte tv,https://t.freetv.fun/live/fonte-tv.m3u8
[HD]once tv,https://t.freetv.fun/live/once-tv.m3u8
[HD]jne tv,https://t.freetv.fun/live/jne-tv-1.m3u8
[BD]tv one,https://t.freetv.fun/live/tv-one-4.m3u8
[BD]cinema,https://t.freetv.fun/live/cinema.m3u8
[SD]cinema,https://t.freetv.fun/live/cinema-1.m3u8
[SD]food food,https://t.freetv.fun/live/food-food.m3u8
[VGA]pasand tv,https://t.freetv.fun/live/pasand-tv.m3u8
[BD]rcn 2,https://t.freetv.fun/live/rcn-2.m3u8
[HD]rodja tv,https://t.freetv.fun/live/rodja-tv.m3u8
[HD]slopes tv,https://t.freetv.fun/live/slopes-tv.m3u8
[VGA]supertv,https://t.freetv.fun/live/supertv.m3u8
[SD]ctc kids,https://t.freetv.fun/live/ctc-kids-1.m3u8
[HD]10 tv,https://t.freetv.fun/live/10-tv.m3u8
[BD]tvr 1,https://t.freetv.fun/live/tvr-1.m3u8
[BD]himlen tv7,https://t.freetv.fun/live/himlen-tv7.m3u8
[BD]himlen tv7,https://t.freetv.fun/live/himlen-tv7-1.m3u8
[BD]tvnet,https://t.freetv.fun/live/tvnet.m3u8
[HD]xite,https://t.freetv.fun/live/xite.m3u8
[HD]sol tv,https://t.freetv.fun/live/sol-tv-1.m3u8
[BD]oli tv,https://t.freetv.fun/live/oli-tv.m3u8
[BD]oli tv,https://t.freetv.fun/live/oli-tv-1.m3u8
[SD]zagros,https://t.freetv.fun/live/zagros.m3u8
[BD]zagros tv,https://t.freetv.fun/live/zagros-tv-2.m3u8
[BD]čt 2,https://t.freetv.fun/live/ct-2.m3u8
[BD]filmbox premium czech republic,https://t.freetv.fun/live/filmbox-premium-czech-republic.m3u8
[BD]filmbox czech republic,https://t.freetv.fun/live/filmbox-czech-republic.m3u8
[BD]filmbox extra czech republic,https://t.freetv.fun/live/filmbox-extra-czech-republic.m3u8
[HD]filmbox stars czech republic,https://t.freetv.fun/live/filmbox-stars-czech-republic.m3u8
[VGA]th đồng nai,https://t.freetv.fun/live/th-dong-nai.m3u8
[SD]авто 24,https://t.freetv.fun/live/avto-24.m3u8
[SD]авто 24,https://t.freetv.fun/live/avto-24-1.m3u8
[SD]авто24,https://t.freetv.fun/live/avto24.m3u8
[SD]авто плюс,https://t.freetv.fun/live/avto-plius.m3u8
[SD]авто плюс,https://t.freetv.fun/live/avto-plius-2.m3u8
[SD]103 авто плюс,https://t.freetv.fun/live/103-avto-plius.m3u8
[BD]беларусь 1,https://t.freetv.fun/live/belarus-1.m3u8
[BD]беларусь 24,https://t.freetv.fun/live/belarus-24.m3u8
[BD]беларусь 2,https://t.freetv.fun/live/belarus-2.m3u8
[SD]беларусь 24,https://t.freetv.fun/live/belarus-24-1.m3u8
[BD]беларусь 24,https://t.freetv.fun/live/belarus-24-2.m3u8
[BD]беларусь 5,https://t.freetv.fun/live/belarus-5.m3u8
[BD]беларусь 3,https://t.freetv.fun/live/belarus-3-1-1.m3u8
[BD]беларусь 5,https://t.freetv.fun/live/belarus-5-2.m3u8
[SD]бобер,https://t.freetv.fun/live/bober.m3u8
[SD]бобёр,https://t.freetv.fun/live/bober-1-1.m3u8
[SD]время,https://t.freetv.fun/live/vremia.m3u8
[SD]время,https://t.freetv.fun/live/vremia-1.m3u8
[SD]вопросы и ответы,https://t.freetv.fun/live/voprosy-i-otvety.m3u8
[BD]дождь,https://t.freetv.fun/live/dozhd.m3u8
[BD]дождь (1080p) [geo-blocked],https://t.freetv.fun/live/dozhd-1080p-geo-blocked.m3u8
[BD]дом кино премиум,https://t.freetv.fun/live/dom-kino-premium.m3u8
[BD]дом кино премиум,https://t.freetv.fun/live/dom-kino-premium-2.m3u8
[SD]дом кино премиум (1080p),https://t.freetv.fun/live/dom-kino-premium-1080p.m3u8
[SD]077 дом кино премиум,https://t.freetv.fun/live/077-dom-kino-premium.m3u8
[SD]дом кино,https://t.freetv.fun/live/dom-kino-1.m3u8
[SD]дом кино,https://t.freetv.fun/live/dom-kino-2.m3u8
[SD]076 дом кино,https://t.freetv.fun/live/076-dom-kino.m3u8
[SD]домашний,https://t.freetv.fun/live/domashnii.m3u8
[SD]домашний,https://t.freetv.fun/live/domashnii-1.m3u8
[SD]домашний,https://t.freetv.fun/live/domashnii-2.m3u8
[SD]домашний,https://t.freetv.fun/live/domashnii-3.m3u8
[SD]домашний,https://t.freetv.fun/live/domashnii-4.m3u8
[SD]042 домашний,https://t.freetv.fun/live/042-domashnii.m3u8
[BD]живи!,https://t.freetv.fun/live/zhivi.m3u8
[SD]живи,https://t.freetv.fun/live/zhivi-1.m3u8
[BD]інтер,https://t.freetv.fun/live/inter.m3u8
[BD]інтер,https://t.freetv.fun/live/inter-1.m3u8
[VGA]к16,https://t.freetv.fun/live/k16.m3u8
[BD]к1,https://t.freetv.fun/live/k1-1.m3u8
[BD]к1,https://t.freetv.fun/live/k1-1-1.m3u8
[SD]к16 (саров) (406p) [not 24/7],https://t.freetv.fun/live/k16-sarov-406p-not-24-7.m3u8
[HD]кинокомедия,https://t.freetv.fun/live/kinokomediia-1.m3u8
[SD]кинокомедия,https://t.freetv.fun/live/kinokomediia-2.m3u8
[SD]кинокомедия,https://t.freetv.fun/live/kinokomediia-4.m3u8
[SD]068 кинокомедия,https://t.freetv.fun/live/068-kinokomediia.m3u8
[HD]киносерия,https://t.freetv.fun/live/kinoseriia-1.m3u8
[SD]киносерия,https://t.freetv.fun/live/kinoseriia-2.m3u8
[BD]киносерия,https://t.freetv.fun/live/kinoseriia-4.m3u8
[SD]065 киносерия,https://t.freetv.fun/live/065-kinoseriia.m3u8
[SD]кинохит,https://t.freetv.fun/live/kinokhit-1.m3u8
[HD]кинохит,https://t.freetv.fun/live/kinokhit-2.m3u8
[SD]070 кинохит,https://t.freetv.fun/live/070-kinokhit.m3u8
[SD]кхл,https://t.freetv.fun/live/kkhl.m3u8
[SD]кхл,https://t.freetv.fun/live/kkhl-1.m3u8
[SD]карусель,https://t.freetv.fun/live/karusel-1.m3u8
[BD]карусель,https://t.freetv.fun/live/karusel-2.m3u8
[SD]карусель,https://t.freetv.fun/live/karusel-3.m3u8
[SD]карусель,https://t.freetv.fun/live/karusel-4.m3u8
[SD]карусель,https://t.freetv.fun/live/karusel-5.m3u8
[SD]карусель,https://t.freetv.fun/live/karusel-6.m3u8
[SD]карусель,https://t.freetv.fun/live/karusel-7.m3u8
[SD]карусель ⓢ,https://t.freetv.fun/live/karusel-s.m3u8
[SD]098 карусель,https://t.freetv.fun/live/098-karusel.m3u8
[HD]кино тв,https://t.freetv.fun/live/kino-tv.m3u8
[SD]союз,https://t.freetv.fun/live/soiuz.m3u8
[BD]союз,https://t.freetv.fun/live/soiuz-1.m3u8
[BD]союз,https://t.freetv.fun/live/soiuz-2.m3u8
[SD]кто есть кто,https://t.freetv.fun/live/kto-est-kto-1.m3u8
[SD]кто есть кто,https://t.freetv.fun/live/kto-est-kto-2.m3u8
[SD]050 кто есть кто,https://t.freetv.fun/live/050-kto-est-kto.m3u8
[SD]матч! боец,https://t.freetv.fun/live/match-boets.m3u8
[SD]матч боец,https://t.freetv.fun/live/match-boets-1.m3u8
[SD]матч! боец,https://t.freetv.fun/live/match-boets-3.m3u8
[SD]матч! боец,https://t.freetv.fun/live/match-boets-4.m3u8
[BD]мир 24,https://t.freetv.fun/live/mir-24.m3u8
[SD]мир 24,https://t.freetv.fun/live/mir-24-2.m3u8
[BD]мир 24,https://t.freetv.fun/live/mir-24-3.m3u8
[SD]мир 24,https://t.freetv.fun/live/mir-24-4.m3u8
[BD]мир 24,https://t.freetv.fun/live/mir-24-5.m3u8
[SD]мир 24 (1080p),https://t.freetv.fun/live/mir-24-1080p.m3u8
[SD]муз тв,https://t.freetv.fun/live/muz-tv.m3u8
[SD]музтв,https://t.freetv.fun/live/muztv-1.m3u8
[SD]муз тв,https://t.freetv.fun/live/muz-tv-1-1.m3u8
[SD]муз тв,https://t.freetv.fun/live/muz-tv-2.m3u8
[SD]муз-тв ⓢ,https://t.freetv.fun/live/muz-tv-s.m3u8
[SD]муз тв,https://t.freetv.fun/live/muz-tv-3.m3u8
[SD]094 муз тв,https://t.freetv.fun/live/094-muz-tv.m3u8
[SD]матч тв,https://t.freetv.fun/live/match-tv-1.m3u8
[BD]матч тв,https://t.freetv.fun/live/match-tv-2.m3u8
[SD]матч тв,https://t.freetv.fun/live/match-tv-3.m3u8
[SD]матч! игра,https://t.freetv.fun/live/match-igra.m3u8
[SD]матч! арена,https://t.freetv.fun/live/match-arena.m3u8
[HD]матч! арена,https://t.freetv.fun/live/match-arena-1.m3u8
[SD]матч! игра,https://t.freetv.fun/live/match-igra-3.m3u8
[HD]матч! игра,https://t.freetv.fun/live/match-igra-4.m3u8
[SD]матч! арена,https://t.freetv.fun/live/match-arena-4.m3u8
[SD]матч!,https://t.freetv.fun/live/match-1.m3u8
[SD]матч! арена (720p),https://t.freetv.fun/live/match-arena-720p.m3u8
[SD]мир,https://t.freetv.fun/live/mir.m3u8
[BD]мир,https://t.freetv.fun/live/mir-2.m3u8
[SD]мир,https://t.freetv.fun/live/mir-3.m3u8
[SD]мир,https://t.freetv.fun/live/mir-4.m3u8
[SD]мир,https://t.freetv.fun/live/mir-5.m3u8
[SD]мир,https://t.freetv.fun/live/mir-6.m3u8
[SD]мир,https://t.freetv.fun/live/mir-7.m3u8
[SD]музыка первого,https://t.freetv.fun/live/muzyka-pervogo-1.m3u8
[SD]079 музыка первого,https://t.freetv.fun/live/079-muzyka-pervogo.m3u8
[SD]мультиландия,https://t.freetv.fun/live/multilandiia.m3u8
[SD]мультиландия (576p),https://t.freetv.fun/live/multilandiia-576p.m3u8
[SD]нст,https://t.freetv.fun/live/nst-2.m3u8
[SD]нст,https://t.freetv.fun/live/nst-3.m3u8
[SD]нтв хит,https://t.freetv.fun/live/ntv-khit-1.m3u8
[SD]нтв,https://t.freetv.fun/live/ntv-2-1.m3u8
[SD]нтв,https://t.freetv.fun/live/ntv-3.m3u8
[SD]нтв,https://t.freetv.fun/live/ntv-4.m3u8
[SD]нтв,https://t.freetv.fun/live/ntv-5.m3u8
[SD]нтв,https://t.freetv.fun/live/ntv-6.m3u8
[SD]нтв,https://t.freetv.fun/live/ntv-7.m3u8
[SD]нтв хит (576p),https://t.freetv.fun/live/ntv-khit-576p.m3u8
[SD]нтв сериал,https://t.freetv.fun/live/ntv-serial-1.m3u8
[SD]041 нтв сериал,https://t.freetv.fun/live/041-ntv-serial.m3u8
[SD]отр,https://t.freetv.fun/live/otr-1.m3u8
[SD]отр,https://t.freetv.fun/live/otr-2.m3u8
[SD]отр,https://t.freetv.fun/live/otr-3.m3u8
[SD]отр,https://t.freetv.fun/live/otr-4.m3u8
[SD]первый канал,https://t.freetv.fun/live/pervyi-kanal-2.m3u8
[SD]первый канал,https://t.freetv.fun/live/pervyi-kanal-3.m3u8
[SD]первый канал евразия,https://t.freetv.fun/live/pervyi-kanal-evraziia.m3u8
[SD]первый канал,https://t.freetv.fun/live/pervyi-kanal-4.m3u8
[SD]первый канал,https://t.freetv.fun/live/pervyi-kanal-5.m3u8
[BD]первый канал,https://t.freetv.fun/live/pervyi-kanal-6.m3u8
[SD]028 первый канал,https://t.freetv.fun/live/028-pervyi-kanal.m3u8
[BD]перший,https://t.freetv.fun/live/pershii-2.m3u8
[SD]живая планета,https://t.freetv.fun/live/zhivaia-planeta.m3u8
[HD]тнв-планета,https://t.freetv.fun/live/tnv-planeta.m3u8
[SD]моя планета,https://t.freetv.fun/live/moia-planeta.m3u8
[SD]моя планета,https://t.freetv.fun/live/moia-planeta-2.m3u8
[SD]моя планета,https://t.freetv.fun/live/moia-planeta-3.m3u8
[SD]живая планета,https://t.freetv.fun/live/zhivaia-planeta-1.m3u8
[BD]моя планета,https://t.freetv.fun/live/moia-planeta-4.m3u8
[SD]моя планета,https://t.freetv.fun/live/moia-planeta-5.m3u8
[SD]живая планета,https://t.freetv.fun/live/zhivaia-planeta-2.m3u8
[HD]моя планета,https://t.freetv.fun/live/moia-planeta-6.m3u8
[SD]живая планета (576p),https://t.freetv.fun/live/zhivaia-planeta-576p.m3u8
[SD]045 моя планета,https://t.freetv.fun/live/045-moia-planeta.m3u8
[SD]пятница!,https://t.freetv.fun/live/piatnitsa.m3u8
[SD]рен тв,https://t.freetv.fun/live/ren-tv-2.m3u8
[SD]рен тв,https://t.freetv.fun/live/ren-tv-3.m3u8
[SD]рен,https://t.freetv.fun/live/ren.m3u8
[SD]030 рен тв,https://t.freetv.fun/live/030-ren-tv.m3u8
[SD]россия 24,https://t.freetv.fun/live/rossiia-24-1.m3u8
[SD]россия 24,https://t.freetv.fun/live/rossiia-24-2.m3u8
[SD]россия 24,https://t.freetv.fun/live/rossiia-24-3.m3u8
[SD]россия 24,https://t.freetv.fun/live/rossiia-24-4.m3u8
[SD]россия 24,https://t.freetv.fun/live/rossiia-24-5.m3u8
[SD]029 россия 24,https://t.freetv.fun/live/029-rossiia-24.m3u8
[BD]россия 1,https://t.freetv.fun/live/rossiia-1.m3u8
[SD]россия 1,https://t.freetv.fun/live/rossiia-1-3.m3u8
[SD]россия 1,https://t.freetv.fun/live/rossiia-1-4.m3u8
[SD]россия 1,https://t.freetv.fun/live/rossiia-1-5.m3u8
[SD]россия 1,https://t.freetv.fun/live/rossiia-1-6.m3u8
[BD]россия 1,https://t.freetv.fun/live/rossiia-1-7.m3u8
[SD]россия 1,https://t.freetv.fun/live/rossiia-1-8.m3u8
[SD]россия 1,https://t.freetv.fun/live/rossiia-1-9.m3u8
[SD]россия 1,https://t.freetv.fun/live/rossiia-1-10.m3u8
[BD]россия 1 (1080p),https://t.freetv.fun/live/rossiia-1-1080p.m3u8
[SD]россия 1 ( plus 6) (576p),https://t.freetv.fun/live/rossiia-1-plus-6-576p.m3u8
[SD]025 россия ртр,https://t.freetv.fun/live/025-rossiia-rtr.m3u8
[SD]россия к,https://t.freetv.fun/live/rossiia-k.m3u8
[SD]россия к,https://t.freetv.fun/live/rossiia-k-1.m3u8
[SD]россия к,https://t.freetv.fun/live/rossiia-k-2.m3u8
[SD]россия к,https://t.freetv.fun/live/rossiia-k-3.m3u8
[SD]россия к,https://t.freetv.fun/live/rossiia-k-4.m3u8
[SD]россия к,https://t.freetv.fun/live/rossiia-k-5.m3u8
[SD]026 россия к,https://t.freetv.fun/live/026-rossiia-k.m3u8
[SD]русский роман,https://t.freetv.fun/live/russkii-roman.m3u8
[SD]русский роман,https://t.freetv.fun/live/russkii-roman-2.m3u8
[SD]русский роман,https://t.freetv.fun/live/russkii-roman-3.m3u8
[BD]русский роман,https://t.freetv.fun/live/russkii-roman-5.m3u8
[SD]русский бестселлер,https://t.freetv.fun/live/russkii-bestseller-1.m3u8
[SD]русский бестселлер,https://t.freetv.fun/live/russkii-bestseller-2.m3u8
[SD]рыжий,https://t.freetv.fun/live/ryzhii.m3u8
[SD]стс,https://t.freetv.fun/live/sts-2.m3u8
[SD]стс,https://t.freetv.fun/live/sts-3.m3u8
[BD]стс,https://t.freetv.fun/live/sts-4.m3u8
[SD]стс,https://t.freetv.fun/live/sts-5.m3u8
[SD]стс,https://t.freetv.fun/live/sts-6.m3u8
[SD]097 стс kids,https://t.freetv.fun/live/097-sts-kids.m3u8
[BD]сибирь 24,https://t.freetv.fun/live/sibir-24.m3u8
[BD]сибирь 24,https://t.freetv.fun/live/sibir-24-1.m3u8
[BD]сибирь 24,https://t.freetv.fun/live/sibir-24-2.m3u8
[SD]тнт,https://t.freetv.fun/live/tnt.m3u8
[SD]тнт 4,https://t.freetv.fun/live/tnt-4.m3u8
[SD]тнт4,https://t.freetv.fun/live/tnt4.m3u8
[SD]тнт4,https://t.freetv.fun/live/tnt4-1.m3u8
[SD]тнт,https://t.freetv.fun/live/tnt-3.m3u8
[SD]тнт,https://t.freetv.fun/live/tnt-4-1.m3u8
[SD]тнт int.,https://t.freetv.fun/live/tnt-int.m3u8
[SD]точка тв,https://t.freetv.fun/live/tochka-tv.m3u8
[SD]точка тв,https://t.freetv.fun/live/tochka-tv-1.m3u8
[BD]дом,https://t.freetv.fun/live/dom.m3u8
[HD]теледом,https://t.freetv.fun/live/teledom.m3u8
[BD]звезда,https://t.freetv.fun/live/zvezda.m3u8
[SD]звезда,https://t.freetv.fun/live/zvezda-2.m3u8
[SD]звезда,https://t.freetv.fun/live/zvezda-3.m3u8
[SD]звезда,https://t.freetv.fun/live/zvezda-4.m3u8
[SD]телекафе,https://t.freetv.fun/live/telekafe-1.m3u8
[SD]телекафе,https://t.freetv.fun/live/telekafe-2.m3u8
[SD]телекафе,https://t.freetv.fun/live/telekafe-3.m3u8
[SD]шансон тв,https://t.freetv.fun/live/shanson-tv.m3u8
[HD]радио шансон,https://t.freetv.fun/live/radio-shanson-1.m3u8
[SD]шансон тв,https://t.freetv.fun/live/shanson-tv-1.m3u8
[SD]086 шансон тв,https://t.freetv.fun/live/086-shanson-tv.m3u8
[SD]ностальгия,https://t.freetv.fun/live/nostalgiia.m3u8
[SD]ностальгия,https://t.freetv.fun/live/nostalgiia-2.m3u8
[SD]ностальгия,https://t.freetv.fun/live/nostalgiia-4.m3u8
[BD]三沙卫视,https://t.freetv.fun/live/san-sha-wei-shi.m3u8
[BD]三沙卫视,https://t.freetv.fun/live/san-sha-wei-shi-4.m3u8
[VGA]三沙卫视,https://t.freetv.fun/live/san-sha-wei-shi-8.m3u8
[SD]三沙卫视,https://t.freetv.fun/live/san-sha-wei-shi-10.m3u8
[SD]三沙卫视,https://t.freetv.fun/live/san-sha-wei-shi-2.m3u8
[BD]三沙卫视,https://t.freetv.fun/live/san-sha-wei-shi-3.m3u8
[SD]三沙卫视,https://t.freetv.fun/live/san-sha-wei-shi-5.m3u8
[BD]三沙卫视,https://t.freetv.fun/live/san-sha-wei-shi-7.m3u8
[VGA]三沙卫视,https://t.freetv.fun/live/san-sha-wei-shi-9.m3u8
[BD]三沙卫视,https://t.freetv.fun/live/san-sha-wei-shi-12.m3u8
[SD]三沙卫视,https://t.freetv.fun/live/san-sha-wei-shi-13.m3u8
[BD]三立新聞inews,https://t.freetv.fun/live/san-li-xin-wen-inews.m3u8
[BD]三立綜合,https://t.freetv.fun/live/san-li-zong-he.m3u8
[SD]上海新闻综合,https://t.freetv.fun/live/shang-hai-xin-wen-zong-he.m3u8
[HD]上海新闻综合,https://t.freetv.fun/live/shang-hai-xin-wen-zong-he-1.m3u8
[HD]上海新闻综合,https://t.freetv.fun/live/shang-hai-xin-wen-zong-he-2.m3u8
[SD]上海新闻综合,https://t.freetv.fun/live/shang-hai-xin-wen-zong-he-3.m3u8
[BD]上海新闻综合,https://t.freetv.fun/live/shang-hai-xin-wen-zong-he-4.m3u8
[SD]上海都市,https://t.freetv.fun/live/shang-hai-du-shi.m3u8
[SD]上海都市,https://t.freetv.fun/live/shang-hai-du-shi-1.m3u8
[HD]上海都市,https://t.freetv.fun/live/shang-hai-du-shi-2.m3u8
[BD]上海都市,https://t.freetv.fun/live/shang-hai-du-shi-4.m3u8
[BD]上虞文化影院,https://t.freetv.fun/live/shang-yu-wen-hua-ying-yuan-2.m3u8zzhed
[BD]上虞新商都,https://t.freetv.fun/live/shang-yu-xin-shang-du.m3u8
[BD]上虞新商都,https://t.freetv.fun/live/shang-yu-xin-shang-du-1.m3u8
[VGA]上虞新商都,https://t.freetv.fun/live/shang-yu-xin-shang-du-2.m3u8
[HD]中天娱乐 *$,https://t.freetv.fun/live/zhong-tian-yu-le.m3u8
[BD]中天新闻,https://t.freetv.fun/live/zhong-tian-xin-wen.m3u8
[BD]中天新聞,https://t.freetv.fun/live/zhong-tian-xin-wen-1.m3u8
[VGA]中天新闻,https://t.freetv.fun/live/zhong-tian-xin-wen-1-1.m3u8
[BD]中天新闻,rtmp://media.atmsiot.com/live/ztxw
[BD]中天新闻,https://t.freetv.fun/live/zhong-tian-xin-wen-3.m3u8
[BD]中天新闻,rtmp://ai.gdjs.net.cn/live/332000-ztxw2
[BD]中天新闻,rtmp://www.ipanlian.com/live/ztxw
[SD]中天新闻 *$,https://t.freetv.fun/live/zhong-tian-xin-wen-6.m3u8
[BD]中视,https://t.freetv.fun/live/zhong-shi.ts
[HD]中视,rtmp://f13h.mine.nu/sat/tv091
[HD]中视,rtmp://f13h.mine.nu:1935/sat/tv091
[BD]中视 *$,https://t.freetv.fun/live/zhong-shi-3.m3u8
[BD]中視,https://t.freetv.fun/live/zhong-shi-2.ts
[BD]中視,https://t.freetv.fun/live/zhong-shi-1-1.m3u8
[BD]中視新聞hd *$,https://t.freetv.fun/live/zhong-shi-xin-wen-hd.m3u8
[BD]中視新聞,https://t.freetv.fun/live/zhong-shi-xin-wen.m3u8
[BD]中视新闻 *$,https://t.freetv.fun/live/zhong-shi-xin-wen-1.m3u8
[BD]中视经典 *$,https://t.freetv.fun/live/zhong-shi-jing-dian.m3u8
[HD]中视菁采 *$,https://t.freetv.fun/live/zhong-shi-jing-cai.m3u8
[BD]五星体育,https://t.freetv.fun/live/wu-xing-ti-yu-1.m3u8
[BD]五星体育,https://t.freetv.fun/live/wu-xing-ti-yu.m3u8
[BD]五星体育,https://t.freetv.fun/live/wu-xing-ti-yu-2.m3u8
[SD]五星体育,https://t.freetv.fun/live/wu-xing-ti-yu-3.m3u8
[BD]五星体育,https://t.freetv.fun/live/wu-xing-ti-yu-4.m3u8
[BD]五星体育,https://t.freetv.fun/live/wu-xing-ti-yu-6.m3u8
[HD]人间卫视,https://t.freetv.fun/live/ren-jian-wei-shi-1.m3u8
[BD]人間衛視,https://t.freetv.fun/live/ren-jian-wei-shi-1-1.m3u8
[SD]珲春新闻综合,https://t.freetv.fun/live/hun-chun-xin-wen-zong-he-4.m3u8
[BD]伊春新闻综合,https://t.freetv.fun/live/yi-chun-xin-wen-zong-he.m3u8
[VGA]凉山新闻综合,https://t.freetv.fun/live/liang-shan-xin-wen-zong-he.m3u8
[VGA]象山新闻综合,https://t.freetv.fun/live/xiang-shan-xin-wen-zong-he.m3u8
[HD]萧山新闻综合,https://t.freetv.fun/live/xiao-shan-xin-wen-zong-he-2.m3u8
[SD]优漫卡通,https://t.freetv.fun/live/you-man-qia-tong-2.m3u8
[SD]优漫卡通,https://t.freetv.fun/live/you-man-qia-tong-4.m3u8
[SD]优漫卡通,https://t.freetv.fun/live/you-man-qia-tong.m3u8
[SD]优漫卡通,https://t.freetv.fun/live/you-man-qia-tong-3.m3u8
[SD]优漫卡通,https://t.freetv.fun/live/you-man-qia-tong-5.m3u8
[VGA]优漫卡通,https://t.freetv.fun/live/you-man-qia-tong-6.m3u8
[HD]内江科教生活,https://t.freetv.fun/live/nei-jiang-ke-jiao-sheng-huo.m3u8
[VGA]内江综合,https://t.freetv.fun/live/nei-jiang-zong-he-1.m3u8
[BD]内江资中综合,https://t.freetv.fun/live/nei-jiang-zi-zhong-zong-he.m3u8
[HD]内江新闻,rtmp://njzb.scnj.tv:1938/live/xwzh_xwzh800
[BD]内蒙古卫视,https://t.freetv.fun/live/nei-meng-gu-wei-shi-4.m3u8
[SD]内蒙古卫视,https://t.freetv.fun/live/nei-meng-gu-wei-shi-7.m3u8
[SD]内蒙古卫视,https://t.freetv.fun/live/nei-meng-gu-wei-shi.m3u8
[BD]内蒙古卫视,https://t.freetv.fun/live/nei-meng-gu-wei-shi-1.m3u8
[BD]内蒙古卫视,https://t.freetv.fun/live/nei-meng-gu-wei-shi-17.m3u8
[BD]内蒙古卫视,https://t.freetv.fun/live/nei-meng-gu-wei-shi-12.m3u8
[BD]内蒙古卫视,https://t.freetv.fun/live/nei-meng-gu-wei-shi-14.m3u8
[BD]内蒙古卫视,https://t.freetv.fun/live/nei-meng-gu-wei-shi-3.m3u8
[BD]内蒙古卫视,https://t.freetv.fun/live/nei-meng-gu-wei-shi-5.m3u8
[BD]内蒙古卫视,https://t.freetv.fun/live/nei-meng-gu-wei-shi-8.m3u8
[SD]内蒙古卫视,https://t.freetv.fun/live/nei-meng-gu-wei-shi-9.m3u8
[BD]内蒙古卫视,https://t.freetv.fun/live/nei-meng-gu-wei-shi-11.m3u8
[SD]内蒙古卫视,https://t.freetv.fun/live/nei-meng-gu-wei-shi-13.m3u8
[BD]内蒙古卫视,https://t.freetv.fun/live/nei-meng-gu-wei-shi-15.m3u8
[BD]内蒙古卫视,https://t.freetv.fun/live/nei-meng-gu-wei-shi-16.m3u8
[BD]内蒙古卫视,https://t.freetv.fun/live/nei-meng-gu-wei-shi-18.m3u8
[BD]内蒙古卫视,https://t.freetv.fun/live/nei-meng-gu-wei-shi-20.m3u8
[BD]内蒙古卫视,https://t.freetv.fun/live/nei-meng-gu-wei-shi-21.m3u8
[BD]八大精彩,https://t.freetv.fun/live/ba-da-jing-cai.m3u8
[BD]公视,https://t.freetv.fun/live/gong-shi.ts
[BD]公視,https://t.freetv.fun/live/gong-shi-1.ts
[BD]公视 *$,https://t.freetv.fun/live/gong-shi-2.m3u8
[BD]公視戲劇,https://t.freetv.fun/live/gong-shi-xi-ju.php
[BD]公視戲劇,https://t.freetv.fun/live/gong-shi-xi-ju-1.m3u8
[SD]兵团卫视,https://t.freetv.fun/live/bing-tuan-wei-shi-5.m3u8
[HD]兵团卫视,https://t.freetv.fun/live/bing-tuan-wei-shi.m3u8
[SD]兵团卫视,https://t.freetv.fun/live/bing-tuan-wei-shi-11.m3u8
[SD]兵团卫视,https://t.freetv.fun/live/bing-tuan-wei-shi-14.m3u8
[SD]兵团卫视,https://t.freetv.fun/live/bing-tuan-wei-shi-7.m3u8
[SD]兵团卫视,https://t.freetv.fun/live/bing-tuan-wei-shi-4.m3u8
[BD]兵团卫视,https://t.freetv.fun/live/bing-tuan-wei-shi-3.m3u8
[BD]兵团卫视,https://t.freetv.fun/live/bing-tuan-wei-shi-6.m3u8
[BD]兵团卫视,https://t.freetv.fun/live/bing-tuan-wei-shi-9.m3u8
[SD]兵团卫视,https://t.freetv.fun/live/bing-tuan-wei-shi-10.m3u8
[BD]兵团卫视,https://t.freetv.fun/live/bing-tuan-wei-shi-12.m3u8
[BD]兵团卫视,https://t.freetv.fun/live/bing-tuan-wei-shi-13.m3u8
[HD]兵团卫视,https://t.freetv.fun/live/bing-tuan-wei-shi-18.m3u8
[SD]动漫秀场,https://t.freetv.fun/live/dong-man-xiu-chang.m3u8
[BD]动漫秀场,http://nas.220620.xyz:4022/rtp/233.18.204.46:5140$IPV4•线路13
[BD]动漫秀场,https://t.freetv.fun/live/dong-man-xiu-chang-9.m3u8
[SD]动漫秀场,https://t.freetv.fun/live/dong-man-xiu-chang-1.m3u8
[BD]动漫秀场,https://t.freetv.fun/live/dong-man-xiu-chang-2.m3u8
[SD]动漫秀场,https://t.freetv.fun/live/dong-man-xiu-chang-4.m3u8
[HD]动物星球,https://t.freetv.fun/live/dong-wu-xing-qiu-1.m3u8
[BD]动物星球 *$,https://t.freetv.fun/live/dong-wu-xing-qiu.m3u8
[HD]南京教科,https://t.freetv.fun/live/nan-jing-jiao-ke-2.m3u8
[VGA]南京教科,https://t.freetv.fun/live/nan-jing-jiao-ke-3.m3u8
[SD]辉南新闻综合,https://t.freetv.fun/live/hui-nan-xin-wen-zong-he.m3u8
[VGA]辉南新闻综合,https://t.freetv.fun/live/hui-nan-xin-wen-zong-he-1.m3u8
[VGA]南京新闻综合,https://t.freetv.fun/live/nan-jing-xin-wen-zong-he.m3u8
[HD]南京新闻综合,https://t.freetv.fun/live/nan-jing-xin-wen-zong-he-1.m3u8
[VGA]南京新闻综合,https://t.freetv.fun/live/nan-jing-xin-wen-zong-he-2.m3u8
[BD]广州南国都市,https://t.freetv.fun/live/yan-zhou-nan-guo-du-shi-1.m3u8
[BD]广州南国都市,https://t.freetv.fun/live/yan-zhou-nan-guo-du-shi-2.m3u8
[BD]广州南国都市,https://t.freetv.fun/live/yan-zhou-nan-guo-du-shi.m3u8
[BD]南国都市,https://t.freetv.fun/live/nan-guo-du-shi-1.m3u8
[BD]南国都市,https://t.freetv.fun/live/nan-guo-du-shi-2.m3u8
[HD]南宁新闻综合,https://t.freetv.fun/live/nan-zhu-xin-wen-zong-he.m3u8
[HD]南通新闻综合,https://t.freetv.fun/live/nan-tong-xin-wen-zong-he-1.m3u8
[VGA]平凉新闻综合,rtmp://play.kankanlive.com/live/1694661314645984
[SD]辉南新闻综合,https://t.freetv.fun/live/hui-nan-xin-wen-zong-he-4.m3u8
[VGA]辉南新闻综合,https://t.freetv.fun/live/hui-nan-xin-wen-zong-he-2.m3u8
[HD]台视,rtmp://f13h.mine.nu/sat/tv071
[HD]台视,rtmp://f13h.mine.nu:1935/sat/tv071
[BD]台视 *$,https://t.freetv.fun/live/tai-shi-2.m3u8
[BD]台视新闻 *$,https://t.freetv.fun/live/tai-shi-xin-wen-1.m3u8
[SD]合肥新闻,https://t.freetv.fun/live/he-fei-xin-wen.m3u8
[VGA]合肥新闻,https://t.freetv.fun/live/he-fei-xin-wen-1.m3u8
[SD]吉林生活,https://t.freetv.fun/live/ji-lin-sheng-huo.m3u8
[SD]吉林生活,https://t.freetv.fun/live/ji-lin-sheng-huo-1.m3u8
[SD]吉林综艺文化,https://t.freetv.fun/live/ji-lin-zong-yi-wen-hua-1.m3u8
[SD]吉林综艺文化,https://t.freetv.fun/live/ji-lin-zong-yi-wen-hua-1-1.m3u8
[SD]吉林综艺文化,https://t.freetv.fun/live/ji-lin-zong-yi-wen-hua-2.m3u8
[BD]吉林卫视,https://t.freetv.fun/live/ji-lin-wei-shi.m3u8
[BD]吉林卫视,https://t.freetv.fun/live/ji-lin-wei-shi-6.m3u8
[BD]吉林卫视,https://t.freetv.fun/live/ji-lin-wei-shi-17.m3u8
[SD]吉林卫视,https://t.freetv.fun/live/ji-lin-wei-shi-12.m3u8
[BD]吉林卫视,https://t.freetv.fun/live/ji-lin-wei-shi-1.m3u8
[BD]吉林卫视,https://t.freetv.fun/live/ji-lin-wei-shi-15.m3u8
[VGA]吉林卫视,https://t.freetv.fun/live/ji-lin-wei-shi-10.m3u8
[BD]吉林卫视,https://t.freetv.fun/live/ji-lin-wei-shi-16.m3u8
[SD]吉林卫视,https://t.freetv.fun/live/ji-lin-wei-shi-34.m3u8
[VGA]吉林卫视,https://t.freetv.fun/live/ji-lin-wei-shi-22.m3u8
[SD]吉林卫视,https://t.freetv.fun/live/ji-lin-wei-shi-2.m3u8
[BD]吉林卫视,https://t.freetv.fun/live/ji-lin-wei-shi-3.m3u8
[BD]吉林卫视,https://t.freetv.fun/live/ji-lin-wei-shi-5.m3u8
[BD]吉林卫视,https://t.freetv.fun/live/ji-lin-wei-shi-8.m3u8
[SD]吉林卫视,https://t.freetv.fun/live/ji-lin-wei-shi-9.m3u8
[SD]吉林卫视,https://t.freetv.fun/live/ji-lin-wei-shi-11.m3u8
[BD]吉林卫视,https://t.freetv.fun/live/ji-lin-wei-shi-13.m3u8
[BD]吉林卫视,https://t.freetv.fun/live/ji-lin-wei-shi-14.m3u8
[BD]吉林卫视,https://t.freetv.fun/live/ji-lin-wei-shi-18.m3u8
[SD]吉林卫视,https://t.freetv.fun/live/ji-lin-wei-shi-19.m3u8
[BD]吉林卫视,https://t.freetv.fun/live/ji-lin-wei-shi-20.m3u8
[SD]吉林卫视,https://t.freetv.fun/live/ji-lin-wei-shi-21.m3u8
[BD]吉林卫视,https://t.freetv.fun/live/ji-lin-wei-shi-23.m3u8
[BD]吉林卫视,https://t.freetv.fun/live/ji-lin-wei-shi-24.m3u8
[SD]吉林都市,https://t.freetv.fun/live/ji-lin-du-shi.m3u8
[SD]吉林都市,https://t.freetv.fun/live/ji-lin-du-shi-1.m3u8
[SD]吉林都市,https://t.freetv.fun/live/ji-lin-du-shi-2.m3u8
[BD]周星驰电影 *$,https://t.freetv.fun/live/zhou-xing-chi-dian-ying-4.m3u8
[HD]周润发电影 *$,https://t.freetv.fun/live/zhou-run-fa-dian-ying-4.m3u8
[BD]咪咕体育,https://t.freetv.fun/live/mi-gu-ti-yu.m3u8
[SD]哈哈炫动,https://t.freetv.fun/live/ha-ha-xuan-dong.m3u8
[SD]哈哈炫动,https://t.freetv.fun/live/ha-ha-xuan-dong-1.m3u8
[SD]哈哈炫动,https://t.freetv.fun/live/ha-ha-xuan-dong-3.m3u8
[HD]哈哈炫动,https://t.freetv.fun/live/ha-ha-xuan-dong-4.m3u8
[SD]哈哈炫动,https://t.freetv.fun/live/ha-ha-xuan-dong-5.m3u8
[BD]哈哈炫动,http://nas.220620.xyz:4022/rtp/233.18.204.54:5140$IPV4•线路20
[VGA]哈尔滨娱乐,https://t.freetv.fun/live/ha-er-bin-yu-le-1.m3u8
[VGA]哈尔滨影视,https://t.freetv.fun/live/ha-er-bin-ying-shi-1.m3u8
[VGA]哈尔滨影视,https://t.freetv.fun/live/ha-er-bin-ying-shi-4.m3u8
[VGA]哈尔滨新闻综合,https://t.freetv.fun/live/ha-er-bin-xin-wen-zong-he-3.m3u8
[VGA]哈尔滨新闻综合,https://t.freetv.fun/live/ha-er-bin-xin-wen-zong-he-2.m3u8
[VGA]哈尔滨新闻综合,https://t.freetv.fun/live/ha-er-bin-xin-wen-zong-he-1.m3u8
[VGA]哈尔滨新闻综合,https://t.freetv.fun/live/ha-er-bin-xin-wen-zong-he-4.m3u8
[VGA]哈尔滨新闻综合,https://t.freetv.fun/live/ha-er-bin-xin-wen-zong-he-2.m3u8
[SD]哈尔滨综合,https://t.freetv.fun/live/ha-er-bin-zong-he-1.m3u8
[SD]哈尔滨综合,https://t.freetv.fun/live/ha-er-bin-zong-he-1.m3u8
[VGA]唯心电视,https://t.freetv.fun/live/wei-xin-dian-shi.m3u8
[VGA]唯心电视,https://t.freetv.fun/live/wei-xin-dian-shi-1.m3u8
[SD]嘉佳卡通,https://t.freetv.fun/live/jia-jia-qia-tong.m3u8
[SD]嘉佳卡通,https://t.freetv.fun/live/jia-jia-qia-tong-2.m3u8
[SD]嘉佳卡通,https://t.freetv.fun/live/jia-jia-qia-tong-8.m3u8
[SD]嘉佳卡通,https://t.freetv.fun/live/jia-jia-qia-tong-1.m3u8
[SD]嘉佳卡通,https://t.freetv.fun/live/jia-jia-qia-tong-3.m3u8
[HD]嘉佳卡通,https://t.freetv.fun/live/jia-jia-qia-tong-5.m3u8
[SD]嘉佳卡通,https://t.freetv.fun/live/jia-jia-qia-tong-6.m3u8
[SD]嘉佳卡通,https://t.freetv.fun/live/jia-jia-qia-tong-9.m3u8
[VGA]嘉佳卡通,https://t.freetv.fun/live/jia-jia-qia-tong-10.m3u8
[SD]嘉佳卡通,https://t.freetv.fun/live/jia-jia-qia-tong-11.m3u8
[BD]嘉兴新闻综合,https://t.freetv.fun/live/jia-xing-xin-wen-zong-he.m3u8
[VGA]嘉兴新闻综合,https://t.freetv.fun/live/jia-xing-xin-wen-zong-he-1.m3u8
[VGA]嘉兴新闻综合,https://t.freetv.fun/live/jia-xing-xin-wen-zong-he-4.m3u8
[BD]大愛二,https://t.freetv.fun/live/da-ai-er-1.m3u8
[BD]大愛電視,https://t.freetv.fun/live/da-ai-dian-shi-1.m3u8
[BD]大竹新闻综合,https://t.freetv.fun/live/da-zhu-xin-wen-zong-he.m3u8
[HD]大湾区卫视,https://t.freetv.fun/live/da-wan-qu-wei-shi-2.m3u8
[VGA]大湾区卫视,https://t.freetv.fun/live/da-wan-qu-wei-shi-6.m3u8
[HD]大湾区卫视,https://t.freetv.fun/live/da-wan-qu-wei-shi-7.m3u8
[VGA]大湾区卫视,https://t.freetv.fun/live/da-wan-qu-wei-shi-1.m3u8
[BD]大湾区卫视,https://t.freetv.fun/live/da-wan-qu-wei-shi-3.m3u8
[HD]大湾区卫视,https://t.freetv.fun/live/da-wan-qu-wei-shi-4.m3u8
[HD]大湾区卫视,https://t.freetv.fun/live/da-wan-qu-wei-shi-5.m3u8
[BD]大湾区卫视,https://t.freetv.fun/live/da-wan-qu-wei-shi-8.m3u8
[BD]大湾区卫视,https://t.freetv.fun/live/da-wan-qu-wei-shi-12.m3u8
[BD]大湾区卫视,https://t.freetv.fun/live/da-wan-qu-wei-shi-13.m3u8
[BD]大湾区卫视高清,https://t.freetv.fun/live/da-wan-qu-wei-shi-gao-qing-5.m3u8
[BD]大湾区卫视高清,https://t.freetv.fun/live/da-wan-qu-wei-shi-gao-qing-6.m3u8
[BD]大湾区卫视高清,https://t.freetv.fun/live/da-wan-qu-wei-shi-gao-qing-7.m3u8
[BD]大湾区卫视高清,https://t.freetv.fun/live/da-wan-qu-wei-shi-gao-qing-8.m3u8
[BD]大湾区卫视高清,https://t.freetv.fun/live/da-wan-qu-wei-shi-gao-qing-10.m3u8
[BD]大湾区卫视高清,https://t.freetv.fun/live/da-wan-qu-wei-shi-gao-qing-11.m3u8
[BD]大湾区卫视高清,https://t.freetv.fun/live/da-wan-qu-wei-shi-gao-qing-12.m3u8
[BD]大湾区卫视高清,https://t.freetv.fun/live/da-wan-qu-wei-shi-gao-qing-14.m3u8
[BD]大湾区卫视高清,https://t.freetv.fun/live/da-wan-qu-wei-shi-gao-qing-18.m3u8
[SD]天映经典,https://t.freetv.fun/live/tian-ying-jing-dian-3.m3u8
[BD]天津卫视,https://t.freetv.fun/live/tian-jin-wei-shi-3.m3u8
[BD]天津卫视,https://t.freetv.fun/live/tian-jin-wei-shi-4.m3u8
[BD]天津卫视,https://t.freetv.fun/live/tian-jin-wei-shi-5.m3u8
[BD]天津卫视,https://t.freetv.fun/live/tian-jin-wei-shi-13.m3u8
[BD]天津卫视,https://t.freetv.fun/live/tian-jin-wei-shi-16.m3u8
[VGA]天津卫视,https://t.freetv.fun/live/tian-jin-wei-shi.m3u8
[BD]天津卫视,https://t.freetv.fun/live/tian-jin-wei-shi-10.m3u8
[BD]天津卫视,https://t.freetv.fun/live/tian-jin-wei-shi-11.m3u8
[SD]天津卫视,https://t.freetv.fun/live/tian-jin-wei-shi-18.m3u8
[BD]天津卫视,https://t.freetv.fun/live/tian-jin-wei-shi-25.m3u8
[BD]天津卫视,https://t.freetv.fun/live/tian-jin-wei-shi-8.m3u8
[BD]天津卫视,https://t.freetv.fun/live/tian-jin-wei-shi-9.m3u8
[BD]天津卫视,https://t.freetv.fun/live/tian-jin-wei-shi-12.m3u8
[BD]天津卫视,https://t.freetv.fun/live/tian-jin-wei-shi-14.m3u8
[BD]天津卫视,https://t.freetv.fun/live/tian-jin-wei-shi-15.m3u8
[BD]天津卫视,https://t.freetv.fun/live/tian-jin-wei-shi-17.m3u8
[BD]天津卫视,https://t.freetv.fun/live/tian-jin-wei-shi-19.m3u8
[BD]天津卫视,https://t.freetv.fun/live/tian-jin-wei-shi-20.m3u8
[BD]天津卫视,https://t.freetv.fun/live/tian-jin-wei-shi-22.m3u8
[HD]太谷新闻综合,https://t.freetv.fun/live/tai-gu-xin-wen-zong-he.m3u8
[HD]太谷新闻综合,https://t.freetv.fun/live/tai-gu-xin-wen-zong-he-1.m3u8
[HD]东莞新闻综合,https://t.freetv.fun/live/dong-wan-xin-wen-zong-he.m3u8
[VGA]东莞新闻综合,https://t.freetv.fun/live/dong-wan-xin-wen-zong-he-2.m3u8
[BD]安徽影视,https://t.freetv.fun/live/an-hui-ying-shi-2.m3u8
[BD]安徽综艺体育,https://t.freetv.fun/live/an-hui-zong-yi-ti-yu.m3u8
[VGA]安徽综艺体育,https://t.freetv.fun/live/an-hui-zong-yi-ti-yu-1.m3u8
[BD]安徽卫视,https://t.freetv.fun/live/an-hui-wei-shi-1.m3u8
[BD]安徽卫视,https://t.freetv.fun/live/an-hui-wei-shi-2.m3u8
[HD]安徽卫视,https://t.freetv.fun/live/an-hui-wei-shi-4.m3u8
[BD]安徽卫视,https://t.freetv.fun/live/an-hui-wei-shi-12.m3u8
[BD]安徽卫视,https://t.freetv.fun/live/an-hui-wei-shi-14.m3u8
[BD]安徽卫视,https://t.freetv.fun/live/an-hui-wei-shi-18.m3u8
[BD]安徽卫视,https://t.freetv.fun/live/an-hui-wei-shi-3.m3u8
[SD]安徽卫视,https://t.freetv.fun/live/an-hui-wei-shi-7.m3u8
[BD]安徽卫视,https://t.freetv.fun/live/an-hui-wei-shi-23.m3u8
[BD]安徽卫视,https://t.freetv.fun/live/an-hui-wei-shi.m3u8
[BD]安徽卫视,https://t.freetv.fun/live/an-hui-wei-shi-6.m3u8
[BD]安徽卫视,https://t.freetv.fun/live/an-hui-wei-shi-8.m3u8
[BD]安徽卫视,https://t.freetv.fun/live/an-hui-wei-shi-9.m3u8
[BD]安徽卫视,https://t.freetv.fun/live/an-hui-wei-shi-15.m3u8
[BD]安徽卫视,https://t.freetv.fun/live/an-hui-wei-shi-16.m3u8
[BD]安徽卫视,https://t.freetv.fun/live/an-hui-wei-shi-17.m3u8
[BD]安徽卫视,https://t.freetv.fun/live/an-hui-wei-shi-19.m3u8
[BD]安徽卫视,https://t.freetv.fun/live/an-hui-wei-shi-20.m3u8
[BD]安徽卫视,https://t.freetv.fun/live/an-hui-wei-shi-21.m3u8
[SD]安徽卫视,https://t.freetv.fun/live/an-hui-wei-shi-22.m3u8
[BD]安徽卫视,https://t.freetv.fun/live/an-hui-wei-shi-25.m3u8
[BD]安徽卫视,https://t.freetv.fun/live/an-hui-wei-shi-28.m3u8
[BD]安徽卫视,https://t.freetv.fun/live/an-hui-wei-shi-31.m3u8
[HD]淳安新闻综合,https://t.freetv.fun/live/chun-an-xin-wen-zong-he.php
[VGA]衡阳新闻综合,https://t.freetv.fun/live/heng-yang-xin-wen-zong-he.m3u8
[VGA]涡阳新闻综合,https://t.freetv.fun/live/wo-yang-xin-wen-zong-he.m3u8
[SD]大安新闻综合,https://t.freetv.fun/live/da-an-xin-wen-zong-he.m3u8
[VGA]淮安新闻综合,https://t.freetv.fun/live/huai-an-xin-wen-zong-he-1.m3u8
[HD]宜兴新闻综合,https://t.freetv.fun/live/yi-xing-xin-wen-zong-he.m3u8
[VGA]宿迁新闻综合,https://t.freetv.fun/live/su-qian-xin-wen-zong-he.m3u8
[VGA]宿迁新闻综合,https://t.freetv.fun/live/su-qian-xin-wen-zong-he-1.m3u8
[SD]宁夏卫视,https://t.freetv.fun/live/zhu-xia-wei-shi-4.m3u8
[BD]宁夏卫视,https://t.freetv.fun/live/zhu-xia-wei-shi-9.m3u8
[BD]宁夏卫视,https://t.freetv.fun/live/zhu-xia-wei-shi-14.m3u8
[VGA]宁夏卫视,https://t.freetv.fun/live/zhu-xia-wei-shi-6.m3u8
[BD]宁夏卫视,https://t.freetv.fun/live/zhu-xia-wei-shi-3.m3u8
[VGA]宁夏卫视,https://t.freetv.fun/live/zhu-xia-wei-shi-5.m3u8
[BD]宁夏卫视,https://t.freetv.fun/live/zhu-xia-wei-shi-7.m3u8
[BD]宁夏卫视,https://t.freetv.fun/live/zhu-xia-wei-shi-10.m3u8
[BD]宁夏卫视,https://t.freetv.fun/live/zhu-xia-wei-shi.m3u8
[BD]宁夏卫视,https://t.freetv.fun/live/zhu-xia-wei-shi-11.m3u8
[BD]宁夏卫视,https://t.freetv.fun/live/zhu-xia-wei-shi-12.m3u8
[BD]宁夏卫视,https://t.freetv.fun/live/zhu-xia-wei-shi-13.m3u8
[BD]宁夏卫视,https://t.freetv.fun/live/zhu-xia-wei-shi-15.m3u8
[SD]宁夏卫视,https://t.freetv.fun/live/zhu-xia-wei-shi-16.m3u8
[BD]宁夏卫视,https://t.freetv.fun/live/zhu-xia-wei-shi-22.m3u8
[SD]宁夏卫视-,https://t.freetv.fun/live/zhu-xia-wei-shi-8.m3u8
[BD]宁波新闻综合,https://t.freetv.fun/live/zhu-bo-xin-wen-zong-he.m3u8
[VGA]寰宇新闻,https://t.freetv.fun/live/huan-yu-xin-wen.m3u8
[BD]寰宇新闻,https://t.freetv.fun/live/huan-yu-xin-wen-1.m3u8
[BD]寰宇新闻,https://t.freetv.fun/live/huan-yu-xin-wen-3.m3u8
[SD]寰宇新闻 *$,https://t.freetv.fun/live/huan-yu-xin-wen-4.m3u8
[BD]寰宇新聞台灣,https://t.freetv.fun/live/huan-yu-xin-wen-tai-wan-2.m3u8
[BD]山东卫视,https://t.freetv.fun/live/shan-dong-wei-shi-2.m3u8
[BD]山东卫视,https://t.freetv.fun/live/shan-dong-wei-shi-5.m3u8
[BD]山东卫视,https://t.freetv.fun/live/shan-dong-wei-shi-3.m3u8
[HD]山东卫视,https://t.freetv.fun/live/shan-dong-wei-shi.m3u8
[BD]山东卫视,https://t.freetv.fun/live/shan-dong-wei-shi-28.m3u8
[BD]山东卫视,https://t.freetv.fun/live/shan-dong-wei-shi-1.m3u8
[BD]山东卫视,https://t.freetv.fun/live/shan-dong-wei-shi-4.m3u8
[BD]山东卫视,https://t.freetv.fun/live/shan-dong-wei-shi-6.m3u8
[BD]山东卫视,https://t.freetv.fun/live/shan-dong-wei-shi-7.m3u8
[BD]山东卫视,https://t.freetv.fun/live/shan-dong-wei-shi-8.m3u8
[BD]山东卫视,https://t.freetv.fun/live/shan-dong-wei-shi-10.m3u8
[BD]山东卫视,https://t.freetv.fun/live/shan-dong-wei-shi-11.m3u8
[BD]山东卫视,https://t.freetv.fun/live/shan-dong-wei-shi-12.m3u8
[BD]山东卫视,https://t.freetv.fun/live/shan-dong-wei-shi-15.m3u8
[BD]山东卫视,https://t.freetv.fun/live/shan-dong-wei-shi-16.m3u8
[BD]山东卫视,https://t.freetv.fun/live/shan-dong-wei-shi-17.m3u8
[SD]山东卫视,https://t.freetv.fun/live/shan-dong-wei-shi-18.m3u8
[BD]山东卫视,https://t.freetv.fun/live/shan-dong-wei-shi-19.m3u8
[BD]山东卫视,https://t.freetv.fun/live/shan-dong-wei-shi-20.m3u8
[BD]山东卫视,https://t.freetv.fun/live/shan-dong-wei-shi-21.m3u8
[BD]山东卫视,https://t.freetv.fun/live/shan-dong-wei-shi-23.m3u8
[BD]山东卫视,https://t.freetv.fun/live/shan-dong-wei-shi-27.m3u8
[BD]山东卫视,https://t.freetv.fun/live/shan-dong-wei-shi-31.m3u8
[BD]山西卫视,https://t.freetv.fun/live/shan-xi-wei-shi-1.m3u8
[BD]山西卫视,https://t.freetv.fun/live/shan-xi-wei-shi-10.m3u8
[SD]山西卫视,https://t.freetv.fun/live/shan-xi-wei-shi-11.m3u8
[BD]山西卫视,https://t.freetv.fun/live/shan-xi-wei-shi-12.m3u8
[BD]山西卫视,https://t.freetv.fun/live/shan-xi-wei-shi-8-1.m3u8
[SD]山西卫视,https://t.freetv.fun/live/shan-xi-wei-shi-9.m3u8
[SD]山西卫视,https://t.freetv.fun/live/shan-xi-wei-shi-13.m3u8
[BD]山西卫视,https://t.freetv.fun/live/shan-xi-wei-shi-5.m3u8
[BD]山西卫视,https://t.freetv.fun/live/shan-xi-wei-shi-3.m3u8
[BD]山西卫视,https://t.freetv.fun/live/shan-xi-wei-shi-7.m3u8
[SD]山西卫视,https://t.freetv.fun/live/shan-xi-wei-shi-4-1.m3u8
[BD]山西卫视,https://t.freetv.fun/live/shan-xi-wei-shi-6-1.m3u8
[BD]山西卫视,https://t.freetv.fun/live/shan-xi-wei-shi-14.m3u8
[BD]山西卫视,https://t.freetv.fun/live/shan-xi-wei-shi-16-1.m3u8
[BD]山西卫视,https://t.freetv.fun/live/shan-xi-wei-shi-17-1.m3u8
[BD]山西卫视,https://t.freetv.fun/live/shan-xi-wei-shi-18-1.m3u8
[BD]山西卫视,https://t.freetv.fun/live/shan-xi-wei-shi-19.m3u8
[SD]山西卫视-,https://t.freetv.fun/live/shan-xi-wei-shi-20.m3u8
[SD]岭南戏曲,https://t.freetv.fun/live/ling-nan-xi-qu.m3u8
[SD]岭南戏曲,https://t.freetv.fun/live/ling-nan-xi-qu-2.m3u8
[SD]岭南戏曲,https://t.freetv.fun/live/ling-nan-xi-qu-3.m3u8
[BD]岭南戏曲,https://t.freetv.fun/live/ling-nan-xi-qu-4.m3u8
[SD]岭南戏曲,https://t.freetv.fun/live/ling-nan-xi-qu-5.m3u8
[BD]广德新闻综合,https://t.freetv.fun/live/yan-de-xin-wen-zong-he.flv
[HD]much,https://t.freetv.fun/live/much.m3u8
[SD]厦门卫视,https://t.freetv.fun/live/sha-men-wei-shi.m3u8
[SD]厦门卫视,https://t.freetv.fun/live/sha-men-wei-shi-2.m3u8
[SD]厦门卫视,https://t.freetv.fun/live/sha-men-wei-shi-4.m3u8
[SD]厦门卫视,https://t.freetv.fun/live/sha-men-wei-shi-6.m3u8
[SD]厦门卫视,https://t.freetv.fun/live/sha-men-wei-shi-7.m3u8
[SD]厦门卫视,https://t.freetv.fun/live/sha-men-wei-shi-8.m3u8
[SD]厦门卫视,https://t.freetv.fun/live/sha-men-wei-shi-9.m3u8
[SD]厦门卫视,https://t.freetv.fun/live/sha-men-wei-shi-11.m3u8
[HD]广州新闻,https://t.freetv.fun/live/yan-zhou-xin-wen-4.php
[HD]广州新闻,https://t.freetv.fun/live/yan-zhou-xin-wen.m3u8
[HD]广州新闻,https://t.freetv.fun/live/yan-zhou-xin-wen-2.m3u8
[HD]广州综合,https://t.freetv.fun/live/yan-zhou-zong-he.php
[HD]广州综合,https://t.freetv.fun/live/yan-zhou-zong-he-2.m3u8
[HD]广州综合,https://t.freetv.fun/live/yan-zhou-zong-he-1.m3u8
[HD]广州综合,https://t.freetv.fun/live/yan-zhou-zong-he-3.m3u8
[HD]广州综合,https://t.freetv.fun/live/yan-zhou-zong-he-5.m3u8
[HD]广州综合,https://t.freetv.fun/live/yan-zhou-zong-he-7.m3u8
[HD]广州综合,https://t.freetv.fun/live/yan-zhou-zong-he-8.m3u8
[BD]广东少儿,http://www.yahao.host:4022/udp/239.77.0.250:5146$IPV4•线路13
[BD]广东少儿,https://t.freetv.fun/live/yan-dong-shao-er-1.m3u8
[BD]广东少儿,https://t.freetv.fun/live/yan-dong-shao-er-2.m3u8
[BD]广东少儿,https://t.freetv.fun/live/yan-dong-shao-er-3.m3u8
[BD]广东少儿,https://t.freetv.fun/live/yan-dong-shao-er-7.m3u8
[BD]广东少儿,https://t.freetv.fun/live/yan-dong-shao-er-9.m3u8
[BD]广东少儿高清,https://t.freetv.fun/live/yan-dong-shao-er-gao-qing-2.m3u8
[BD]广东少儿高清,https://t.freetv.fun/live/yan-dong-shao-er-gao-qing-4.m3u8
[BD]广东少儿高清,https://t.freetv.fun/live/yan-dong-shao-er-gao-qing-5.m3u8
[BD]广东少儿高清,https://t.freetv.fun/live/yan-dong-shao-er-gao-qing-8.m3u8
[BD]广东少儿高清,https://t.freetv.fun/live/yan-dong-shao-er-gao-qing-9.m3u8
[BD]广东少儿高清,https://t.freetv.fun/live/yan-dong-shao-er-gao-qing-11.m3u8
[BD]广东少儿高清,https://t.freetv.fun/live/yan-dong-shao-er-gao-qing-12.m3u8
[BD]广东少儿高清,https://t.freetv.fun/live/yan-dong-shao-er-gao-qing-13.m3u8
[BD]广东少儿高清,https://t.freetv.fun/live/yan-dong-shao-er-gao-qing-15.m3u8
[BD]广东少儿高清,https://t.freetv.fun/live/yan-dong-shao-er-gao-qing-16.m3u8
[BD]广东影视高清,https://t.freetv.fun/live/yan-dong-ying-shi-gao-qing.m3u8
[BD]广东影视高清,https://t.freetv.fun/live/yan-dong-ying-shi-gao-qing-1.m3u8
[BD]广东影视高清,https://t.freetv.fun/live/yan-dong-ying-shi-gao-qing-5.m3u8
[BD]广东影视高清,https://t.freetv.fun/live/yan-dong-ying-shi-gao-qing-7.m3u8
[BD]广东影视高清,https://t.freetv.fun/live/yan-dong-ying-shi-gao-qing-8.m3u8
[BD]广东影视高清,https://t.freetv.fun/live/yan-dong-ying-shi-gao-qing-9.m3u8
[BD]广东影视高清,https://t.freetv.fun/live/yan-dong-ying-shi-gao-qing-11.m3u8
[BD]广东影视高清,https://t.freetv.fun/live/yan-dong-ying-shi-gao-qing-12.m3u8
[BD]广东影视高清,https://t.freetv.fun/live/yan-dong-ying-shi-gao-qing-13.m3u8
[BD]广东影视高清,https://t.freetv.fun/live/yan-dong-ying-shi-gao-qing-16.m3u8
[HD]广东新闻,https://t.freetv.fun/live/yan-dong-xin-wen-6.m3u8
[HD]广东新闻,https://t.freetv.fun/live/yan-dong-xin-wen-1.m3u8
[HD]广东新闻,https://t.freetv.fun/live/yan-dong-xin-wen-2.m3u8
[HD]广东新闻,https://t.freetv.fun/live/yan-dong-xin-wen-3.m3u8
[HD]广东新闻,https://t.freetv.fun/live/yan-dong-xin-wen-5.m3u8
[HD]广东新闻,https://t.freetv.fun/live/yan-dong-xin-wen-7.m3u8
[HD]广东新闻,https://t.freetv.fun/live/yan-dong-xin-wen-8.m3u8
[HD]广东新闻,https://t.freetv.fun/live/yan-dong-xin-wen-9.m3u8
[BD]广东新闻高清,https://t.freetv.fun/live/yan-dong-xin-wen-gao-qing-5.m3u8
[BD]广东新闻高清,https://t.freetv.fun/live/yan-dong-xin-wen-gao-qing-6.m3u8
[BD]广东新闻高清,https://t.freetv.fun/live/yan-dong-xin-wen-gao-qing-7.m3u8
[BD]广东新闻高清,https://t.freetv.fun/live/yan-dong-xin-wen-gao-qing-8.m3u8
[BD]广东新闻高清,https://t.freetv.fun/live/yan-dong-xin-wen-gao-qing-9.m3u8
[BD]广东新闻高清,https://t.freetv.fun/live/yan-dong-xin-wen-gao-qing-11.m3u8
[BD]广东新闻高清,https://t.freetv.fun/live/yan-dong-xin-wen-gao-qing-13.m3u8
[BD]广东新闻高清,https://t.freetv.fun/live/yan-dong-xin-wen-gao-qing-14.m3u8
[BD]广东新闻高清,https://t.freetv.fun/live/yan-dong-xin-wen-gao-qing-15.m3u8
[BD]广东新闻高清,https://t.freetv.fun/live/yan-dong-xin-wen-gao-qing-16.m3u8
[BD]广东新闻高清,https://t.freetv.fun/live/yan-dong-xin-wen-gao-qing-17.m3u8
[BD]广东新闻高清,https://t.freetv.fun/live/yan-dong-xin-wen-gao-qing-18.m3u8
[HD]广东民生,https://t.freetv.fun/live/yan-dong-min-sheng.m3u8
[HD]广东民生,https://t.freetv.fun/live/yan-dong-min-sheng-3.m3u8
[BD]广东民生,https://t.freetv.fun/live/yan-dong-min-sheng-4.m3u8
[BD]广东民生,https://t.freetv.fun/live/yan-dong-min-sheng-1.m3u8
[HD]广东民生,https://t.freetv.fun/live/yan-dong-min-sheng-2.m3u8
[HD]广东民生,https://t.freetv.fun/live/yan-dong-min-sheng-5.m3u8
[BD]广东民生,https://t.freetv.fun/live/yan-dong-min-sheng-6.m3u8
[BD]广东民生,https://t.freetv.fun/live/yan-dong-min-sheng-7.m3u8
[BD]广东民生,http://www.yahao.host:4022/udp/239.77.0.225:5146$IPV4•线路64
[BD]广东民生高清,https://t.freetv.fun/live/yan-dong-min-sheng-gao-qing.m3u8
[BD]广东民生高清,https://t.freetv.fun/live/yan-dong-min-sheng-gao-qing-3.m3u8
[BD]广东民生高清,https://t.freetv.fun/live/yan-dong-min-sheng-gao-qing-5.m3u8
[BD]广东民生高清,https://t.freetv.fun/live/yan-dong-min-sheng-gao-qing-6.m3u8
[BD]广东民生高清,https://t.freetv.fun/live/yan-dong-min-sheng-gao-qing-7.m3u8
[BD]广东民生高清,https://t.freetv.fun/live/yan-dong-min-sheng-gao-qing-9.m3u8
[BD]广东民生高清,https://t.freetv.fun/live/yan-dong-min-sheng-gao-qing-10.m3u8
[BD]广东民生高清,https://t.freetv.fun/live/yan-dong-min-sheng-gao-qing-11.m3u8
[BD]广东民生高清,https://t.freetv.fun/live/yan-dong-min-sheng-gao-qing-13.m3u8
[BD]广东民生高清,https://t.freetv.fun/live/yan-dong-min-sheng-gao-qing-14.m3u8
[BD]广东民生高清,https://t.freetv.fun/live/yan-dong-min-sheng-gao-qing-15.m3u8
[BD]广东民生高清,https://t.freetv.fun/live/yan-dong-min-sheng-gao-qing-16.m3u8
[BD]广东民生高清,https://t.freetv.fun/live/yan-dong-min-sheng-gao-qing-17.m3u8
[BD]广东卫视,https://t.freetv.fun/live/yan-dong-wei-shi-7.m3u8
[BD]广东卫视,https://t.freetv.fun/live/yan-dong-wei-shi-8.m3u8
[BD]广东卫视,https://t.freetv.fun/live/yan-dong-wei-shi-16.m3u8
[BD]广东卫视,https://t.freetv.fun/live/yan-dong-wei-shi-20.m3u8
[SD]广东卫视,https://t.freetv.fun/live/yan-dong-wei-shi-15.m3u8
[VGA]广东卫视,https://t.freetv.fun/live/yan-dong-wei-shi-6.m3u8
[BD]广东卫视,https://t.freetv.fun/live/yan-dong-wei-shi-9.m3u8
[BD]广东卫视,https://t.freetv.fun/live/yan-dong-wei-shi-18.m3u8
[BD]广东卫视,https://t.freetv.fun/live/yan-dong-wei-shi-22.m3u8
[BD]广东卫视,https://t.freetv.fun/live/yan-dong-wei-shi-25.m3u8
[BD]广东卫视,https://t.freetv.fun/live/yan-dong-wei-shi-28.m3u8
[SD]广东卫视,https://t.freetv.fun/live/yan-dong-wei-shi-1.m3u8
[HD]广东卫视,https://t.freetv.fun/live/yan-dong-wei-shi-2.m3u8
[HD]广东卫视,https://t.freetv.fun/live/yan-dong-wei-shi-3.m3u8
[BD]广东卫视,https://t.freetv.fun/live/yan-dong-wei-shi-4.m3u8
[BD]广东卫视,https://t.freetv.fun/live/yan-dong-wei-shi-5.m3u8
[BD]广东卫视,https://t.freetv.fun/live/yan-dong-wei-shi-10.m3u8
[BD]广东卫视,https://t.freetv.fun/live/yan-dong-wei-shi-11.m3u8
[BD]广东卫视,https://t.freetv.fun/live/yan-dong-wei-shi-12.m3u8
[SD]广东卫视,https://t.freetv.fun/live/yan-dong-wei-shi-13.m3u8
[BD]广东卫视,https://t.freetv.fun/live/yan-dong-wei-shi-14.m3u8
[HD]广东卫视,https://t.freetv.fun/live/yan-dong-wei-shi-17.m3u8
[BD]广东卫视,https://t.freetv.fun/live/yan-dong-wei-shi-19.m3u8
[BD]广东卫视,https://t.freetv.fun/live/yan-dong-wei-shi-21.m3u8
[BD]广东卫视,https://t.freetv.fun/live/yan-dong-wei-shi-23.m3u8
[BD]广东卫视,https://t.freetv.fun/live/yan-dong-wei-shi-24.m3u8
[BD]广东卫视,https://t.freetv.fun/live/yan-dong-wei-shi-26.m3u8
[BD]广东卫视,https://t.freetv.fun/live/yan-dong-wei-shi-27.m3u8
[BD]广东卫视,https://t.freetv.fun/live/yan-dong-wei-shi-29.m3u8
[BD]广东卫视,https://t.freetv.fun/live/yan-dong-wei-shi-30.m3u8
[BD]广东卫视,https://t.freetv.fun/live/yan-dong-wei-shi-32.m3u8
[BD]广东卫视高清,https://t.freetv.fun/live/yan-dong-wei-shi-gao-qing.m3u8
[BD]广东卫视高清,https://t.freetv.fun/live/yan-dong-wei-shi-gao-qing-2.m3u8
[BD]广东卫视高清,https://t.freetv.fun/live/yan-dong-wei-shi-gao-qing-5.m3u8
[BD]广东卫视高清,https://t.freetv.fun/live/yan-dong-wei-shi-gao-qing-6.m3u8
[BD]广东卫视高清,https://t.freetv.fun/live/yan-dong-wei-shi-gao-qing-9.m3u8
[BD]广东卫视高清,https://t.freetv.fun/live/yan-dong-wei-shi-gao-qing-10.m3u8
[BD]广东卫视高清,https://t.freetv.fun/live/yan-dong-wei-shi-gao-qing-11.m3u8
[BD]广东卫视高清,https://t.freetv.fun/live/yan-dong-wei-shi-gao-qing-12.m3u8
[BD]广东卫视高清,https://t.freetv.fun/live/yan-dong-wei-shi-gao-qing-13.m3u8
[BD]广东卫视高清,https://t.freetv.fun/live/yan-dong-wei-shi-gao-qing-16.m3u8
[BD]广东体育,http://116.77.33.98:44330/tsfile/live/1004_1.m3u8?key=txiptv&playlive=0&authid=0$IPV4•线路128
[BD]广东体育,https://t.freetv.fun/live/yan-dong-ti-yu-3.php
[BD]广东体育,https://t.freetv.fun/live/yan-dong-ti-yu-4.m3u8
[BD]广东体育,https://t.freetv.fun/live/yan-dong-ti-yu.m3u8
[BD]广东体育,https://t.freetv.fun/live/yan-dong-ti-yu-1.m3u8
[HD]广东体育,https://t.freetv.fun/live/yan-dong-ti-yu-6.m3u8
[BD]广东体育,https://t.freetv.fun/live/yan-dong-ti-yu-10.m3u8
[HD]广东体育,https://t.freetv.fun/live/yan-dong-ti-yu-16.m3u8
[BD]广东体育,https://t.freetv.fun/live/yan-dong-ti-yu-5.m3u8
[HD]广东体育,https://t.freetv.fun/live/yan-dong-ti-yu-7.m3u8
[HD]广东体育,https://t.freetv.fun/live/yan-dong-ti-yu-8.m3u8
[HD]广东体育,https://t.freetv.fun/live/yan-dong-ti-yu-9.m3u8
[BD]广东体育,https://t.freetv.fun/live/yan-dong-ti-yu-11.m3u8
[HD]广东体育,https://t.freetv.fun/live/yan-dong-ti-yu-14.m3u8
[BD]广东体育高清,https://t.freetv.fun/live/yan-dong-ti-yu-gao-qing.m3u8
[BD]广东体育高清,https://t.freetv.fun/live/yan-dong-ti-yu-gao-qing-3.m3u8
[BD]广东体育高清,https://t.freetv.fun/live/yan-dong-ti-yu-gao-qing-6.m3u8
[BD]广东体育高清,https://t.freetv.fun/live/yan-dong-ti-yu-gao-qing-7.m3u8
[BD]广东体育高清,https://t.freetv.fun/live/yan-dong-ti-yu-gao-qing-8.m3u8
[BD]广东体育高清,https://t.freetv.fun/live/yan-dong-ti-yu-gao-qing-9.m3u8
[BD]广东体育高清,https://t.freetv.fun/live/yan-dong-ti-yu-gao-qing-10.m3u8
[BD]广东体育高清,https://t.freetv.fun/live/yan-dong-ti-yu-gao-qing-12.m3u8
[BD]广东体育高清,https://t.freetv.fun/live/yan-dong-ti-yu-gao-qing-13.m3u8
[BD]广东体育高清,https://t.freetv.fun/live/yan-dong-ti-yu-gao-qing-16.m3u8
[BD]广东体育高清,https://t.freetv.fun/live/yan-dong-ti-yu-gao-qing-17.m3u8
[BD]广西综艺旅游,https://t.freetv.fun/live/yan-xi-zong-yi-lu-you.m3u8
[BD]广西综艺旅游,https://t.freetv.fun/live/yan-xi-zong-yi-lu-you-1.m3u8
[BD]广西综艺旅游,https://t.freetv.fun/live/yan-xi-zong-yi-lu-you-2.m3u8
[BD]广西综艺旅游,https://t.freetv.fun/live/yan-xi-zong-yi-lu-you-3.m3u8
[BD]广西卫视,https://t.freetv.fun/live/yan-xi-wei-shi-1.m3u8
[BD]广西卫视,https://t.freetv.fun/live/yan-xi-wei-shi-9.m3u8
[BD]广西卫视,https://t.freetv.fun/live/yan-xi-wei-shi-8.m3u8
[SD]广西卫视,https://t.freetv.fun/live/yan-xi-wei-shi-15.m3u8
[SD]广西卫视,https://t.freetv.fun/live/yan-xi-wei-shi-11.m3u8
[BD]广西卫视,https://t.freetv.fun/live/yan-xi-wei-shi-3.m3u8
[BD]广西卫视,https://t.freetv.fun/live/yan-xi-wei-shi-7.m3u8
[BD]广西卫视,https://t.freetv.fun/live/yan-xi-wei-shi-18.m3u8
[SD]广西卫视,https://t.freetv.fun/live/yan-xi-wei-shi-24.m3u8
[SD]广西卫视,https://t.freetv.fun/live/yan-xi-wei-shi-20.m3u8
[BD]广西卫视,https://t.freetv.fun/live/yan-xi-wei-shi-2.m3u8
[BD]广西卫视,https://t.freetv.fun/live/yan-xi-wei-shi-4.m3u8
[BD]广西卫视,https://t.freetv.fun/live/yan-xi-wei-shi-5.m3u8
[BD]广西卫视,https://t.freetv.fun/live/yan-xi-wei-shi-10.m3u8
[SD]广西卫视,https://t.freetv.fun/live/yan-xi-wei-shi-13.m3u8
[SD]广西卫视,https://t.freetv.fun/live/yan-xi-wei-shi-14.m3u8
[SD]广西卫视,https://t.freetv.fun/live/yan-xi-wei-shi-17.m3u8
[SD]广西卫视,https://t.freetv.fun/live/yan-xi-wei-shi-19.m3u8
[HD]广西卫视,https://t.freetv.fun/live/yan-xi-wei-shi-21.m3u8
[BD]广西卫视,https://t.freetv.fun/live/yan-xi-wei-shi-22.m3u8
[SD]广西卫视,https://t.freetv.fun/live/yan-xi-wei-shi-23.m3u8
[SD]广西卫视,https://t.freetv.fun/live/yan-xi-wei-shi-25.m3u8
[SD]广西卫视,https://t.freetv.fun/live/yan-xi-wei-shi-26.m3u8
[BD]广西卫视,https://t.freetv.fun/live/yan-xi-wei-shi-27.m3u8
[SD]延边卫视,https://t.freetv.fun/live/yan-bian-wei-shi-4.m3u8
[HD]延边卫视,https://t.freetv.fun/live/yan-bian-wei-shi.m3u8
[HD]延边卫视,https://t.freetv.fun/live/yan-bian-wei-shi-1.m3u8
[SD]延边卫视,https://t.freetv.fun/live/yan-bian-wei-shi-3.m3u8
[VGA]延边卫视,https://t.freetv.fun/live/yan-bian-wei-shi-7.m3u8
[BD]影迷數位電影,https://t.freetv.fun/live/ying-mi-shu-wei-dian-ying.php
[BD]影迷數位電影,https://t.freetv.fun/live/ying-mi-shu-wei-dian-ying-1.m3u8
[HD]文成新闻综合,https://t.freetv.fun/live/wen-cheng-xin-wen-zong-he.m3u8
[BD]成龙电影 *$,https://t.freetv.fun/live/cheng-long-dian-ying-4.m3u8
[HD]溧阳新闻综合,https://t.freetv.fun/live/li-yang-xin-wen-zong-he.flv
[VGA]溧阳新闻综合,https://t.freetv.fun/live/li-yang-xin-wen-zong-he-1.flv
[BD]松阳新闻综合,https://t.freetv.fun/live/song-yang-xin-wen-zong-he.m3u8
[BD]揭阳综合高清,https://t.freetv.fun/live/jie-yang-zong-he-gao-qing-2.m3u8
[BD]揭阳综合高清,https://t.freetv.fun/live/jie-yang-zong-he-gao-qing-4.m3u8
[BD]揭阳综合高清,https://t.freetv.fun/live/jie-yang-zong-he-gao-qing-6.m3u8
[BD]揭阳综合高清,https://t.freetv.fun/live/jie-yang-zong-he-gao-qing-7.m3u8
[BD]揭阳综合高清,https://t.freetv.fun/live/jie-yang-zong-he-gao-qing-8.m3u8
[BD]揭阳综合高清,https://t.freetv.fun/live/jie-yang-zong-he-gao-qing-9.m3u8
[BD]揭阳综合高清,https://t.freetv.fun/live/jie-yang-zong-he-gao-qing-10.m3u8
[BD]揭阳综合高清,https://t.freetv.fun/live/jie-yang-zong-he-gao-qing-11.m3u8
[BD]揭阳综合高清,https://t.freetv.fun/live/jie-yang-zong-he-gao-qing-13.m3u8
[BD]揭阳综合高清,https://t.freetv.fun/live/jie-yang-zong-he-gao-qing-14.m3u8
[BD]揭阳综合高清,https://t.freetv.fun/live/jie-yang-zong-he-gao-qing-15.m3u8
[BD]揭阳综合高清,https://t.freetv.fun/live/jie-yang-zong-he-gao-qing-16.m3u8
[BD]揭阳综合高清,https://t.freetv.fun/live/jie-yang-zong-he-gao-qing-17.m3u8
[BD]新疆卫视,https://t.freetv.fun/live/xin-jiang-wei-shi.m3u8
[BD]新疆卫视,https://t.freetv.fun/live/xin-jiang-wei-shi-6.m3u8
[BD]新疆卫视,https://t.freetv.fun/live/xin-jiang-wei-shi-7.m3u8
[BD]新疆卫视,https://t.freetv.fun/live/xin-jiang-wei-shi-11.m3u8
[BD]新疆卫视,https://t.freetv.fun/live/xin-jiang-wei-shi-14.m3u8
[BD]新疆卫视,https://t.freetv.fun/live/xin-jiang-wei-shi-8.m3u8
[SD]新疆卫视,https://t.freetv.fun/live/xin-jiang-wei-shi-15.m3u8
[BD]新疆卫视,https://t.freetv.fun/live/xin-jiang-wei-shi-5.m3u8
[BD]新疆卫视,https://t.freetv.fun/live/xin-jiang-wei-shi-10.m3u8
[BD]新疆卫视,https://t.freetv.fun/live/xin-jiang-wei-shi-12.m3u8
[BD]新疆卫视,https://t.freetv.fun/live/xin-jiang-wei-shi-13.m3u8
[SD]新疆卫视,https://t.freetv.fun/live/xin-jiang-wei-shi-17.m3u8
[BD]新疆卫视,https://t.freetv.fun/live/xin-jiang-wei-shi-18.m3u8
[BD]明珠台,https://t.freetv.fun/live/ming-zhu-tai-1.m3u8
[HD]明珠,https://t.freetv.fun/live/ming-zhu.m3u8
[BD]星空卫视,https://t.freetv.fun/live/xing-kong-wei-shi-2.m3u8
[BD]星空卫视 *$,https://t.freetv.fun/live/xing-kong-wei-shi.m3u8
[BD]晋城公共,https://t.freetv.fun/live/jin-cheng-gong-gong-1.m3u8
[BD]晋城新闻,https://t.freetv.fun/live/jin-cheng-xin-wen-1.m3u8
[BD]东南卫视,https://t.freetv.fun/live/dong-nan-wei-shi-2.m3u8
[BD]东南卫视,https://t.freetv.fun/live/dong-nan-wei-shi-3.m3u8
[BD]东南卫视,https://t.freetv.fun/live/dong-nan-wei-shi-8.m3u8
[BD]东南卫视,https://t.freetv.fun/live/dong-nan-wei-shi-13.m3u8
[BD]东南卫视,https://t.freetv.fun/live/dong-nan-wei-shi-11.m3u8
[SD]东南卫视,https://t.freetv.fun/live/dong-nan-wei-shi-14.m3u8
[BD]东南卫视,https://t.freetv.fun/live/dong-nan-wei-shi.m3u8
[SD]东南卫视,https://t.freetv.fun/live/dong-nan-wei-shi-10.m3u8
[BD]东南卫视,https://t.freetv.fun/live/dong-nan-wei-shi-1.m3u8
[BD]东南卫视,https://t.freetv.fun/live/dong-nan-wei-shi-6.m3u8
[BD]东南卫视,https://t.freetv.fun/live/dong-nan-wei-shi-9.m3u8
[BD]东南卫视,https://t.freetv.fun/live/dong-nan-wei-shi-12.m3u8
[SD]东南卫视,https://t.freetv.fun/live/dong-nan-wei-shi-15.m3u8
[SD]东南卫视,https://t.freetv.fun/live/dong-nan-wei-shi-16.m3u8
[SD]东南卫视,https://t.freetv.fun/live/dong-nan-wei-shi-17.m3u8
[SD]东南卫视,https://t.freetv.fun/live/dong-nan-wei-shi-18.m3u8
[SD]东南卫视,https://t.freetv.fun/live/dong-nan-wei-shi-19.m3u8
[SD]东南卫视,https://t.freetv.fun/live/dong-nan-wei-shi-20.m3u8
[BD]东南卫视,https://t.freetv.fun/live/dong-nan-wei-shi-21.m3u8
[SD]东南卫视,https://t.freetv.fun/live/dong-nan-wei-shi-22.m3u8
[BD]东南卫视,https://t.freetv.fun/live/dong-nan-wei-shi-23.m3u8
[BD]东南卫视,https://t.freetv.fun/live/dong-nan-wei-shi-24.m3u8
[BD]东南卫视,https://t.freetv.fun/live/dong-nan-wei-shi-25.m3u8
[SD]东方影视,https://t.freetv.fun/live/dong-fang-ying-shi.m3u8
[BD]东方影视,https://t.freetv.fun/live/dong-fang-ying-shi-2.m3u8
[BD]东方影视,https://t.freetv.fun/live/dong-fang-ying-shi-3.m3u8
[BD]东方卫视,https://t.freetv.fun/live/dong-fang-wei-shi-1.m3u8
[BD]东方卫视,https://t.freetv.fun/live/dong-fang-wei-shi-9.m3u8
[BD]东方卫视,https://t.freetv.fun/live/dong-fang-wei-shi-17.m3u8
[BD]东方卫视,https://t.freetv.fun/live/dong-fang-wei-shi.m3u8
[BD]东方卫视,https://t.freetv.fun/live/dong-fang-wei-shi-4.m3u8
[BD]东方卫视,https://t.freetv.fun/live/dong-fang-wei-shi-6.m3u8
[BD]东方卫视,https://t.freetv.fun/live/dong-fang-wei-shi-7.m3u8
[BD]东方卫视,https://t.freetv.fun/live/dong-fang-wei-shi-10.m3u8
[BD]东方卫视,https://t.freetv.fun/live/dong-fang-wei-shi-11.m3u8
[SD]东方卫视,https://t.freetv.fun/live/dong-fang-wei-shi-12.m3u8
[BD]东方卫视,https://t.freetv.fun/live/dong-fang-wei-shi-13.m3u8
[HD]东方卫视,https://t.freetv.fun/live/dong-fang-wei-shi-14.m3u8
[BD]东方卫视,https://t.freetv.fun/live/dong-fang-wei-shi-15.m3u8
[HD]东方卫视,https://t.freetv.fun/live/dong-fang-wei-shi-18.m3u8
[BD]东方卫视,https://t.freetv.fun/live/dong-fang-wei-shi-21.m3u8
[SD]东方卫视,https://t.freetv.fun/live/dong-fang-wei-shi-22.m3u8
[SD]东方卫视,https://t.freetv.fun/live/dong-fang-wei-shi-23.m3u8
[BD]东方卫视,https://t.freetv.fun/live/dong-fang-wei-shi-24.m3u8
[SD]东方卫视,https://t.freetv.fun/live/dong-fang-wei-shi-25.m3u8
[BD]东方卫视,https://t.freetv.fun/live/dong-fang-wei-shi-26.m3u8
[SD]东方卫视,https://t.freetv.fun/live/dong-fang-wei-shi-27.m3u8
[BD]东方卫视,https://t.freetv.fun/live/dong-fang-wei-shi-29.m3u8
[HD]亚洲新闻 *$,https://t.freetv.fun/live/ya-zhou-xin-wen.m3u8
[BD]东森戏剧,https://t.freetv.fun/live/dong-sen-xi-ju-1.php
[BD]東森新聞,https://t.freetv.fun/live/dong-sen-xin-wen.ts
[BD]東森新聞,https://t.freetv.fun/live/dong-sen-xin-wen-2.m3u8
[BD]東森財經新聞,https://t.freetv.fun/live/dong-sen-cai-jing-xin-wen-1.m3u8
[HD]东森超视,rtmp://f13h.mine.nu/sat/tv331
[BD]东森电影,https://t.freetv.fun/live/dong-sen-dian-ying.m3u8
[HD]东莞新闻综合,https://t.freetv.fun/live/dong-wan-xin-wen-zong-he-1.m3u8
[VGA]东莞综合,https://t.freetv.fun/live/dong-wan-zong-he.m3u8
[BD]林正英影院 *$,https://t.freetv.fun/live/lin-zheng-ying-ying-yuan-4.m3u8
[SD]武义新闻综合,https://t.freetv.fun/live/wu-yi-xin-wen-zong-he.m3u8
[VGA]武义新闻综合,https://t.freetv.fun/live/wu-yi-xin-wen-zong-he-1.m3u8
[SD]武义新闻综合,https://t.freetv.fun/live/wu-yi-xin-wen-zong-he-2.m3u8
[BD]民視,https://t.freetv.fun/live/min-shi-2.m3u8
[BD]民視,https://t.freetv.fun/live/min-shi-1-1.ts
[HD]民视,rtmp://f13h.mine.nu/sat/tv051
[BD]民视,https://t.freetv.fun/live/min-shi-3.m3u8
[BD]民视 *28,https://t.freetv.fun/live/min-shi-28.m3u8
[BD]民视 *$,https://t.freetv.fun/live/min-shi-4.m3u8
[BD]民視影劇,https://t.freetv.fun/live/min-shi-ying-ju-1.php
[BD]民視影劇,https://t.freetv.fun/live/min-shi-ying-ju-2.m3u8
[BD]民視新聞,https://t.freetv.fun/live/min-shi-xin-wen-1.m3u8
[BD]民视新闻 *$,https://t.freetv.fun/live/min-shi-xin-wen-2.m3u8
[BD]民视新闻,https://t.freetv.fun/live/min-shi-xin-wen.ts
[BD]民視第一,https://t.freetv.fun/live/min-shi-di-yi.m3u8
[BD]民视第一 *$,https://t.freetv.fun/live/min-shi-di-yi-1.m3u8
[BD]民视台湾 *$,https://t.freetv.fun/live/min-shi-tai-wan.m3u8
[BD]-汕尾综合,https://t.freetv.fun/live/shan-wei-zong-he.m3u8
[BD]汕尾综合高清,https://t.freetv.fun/live/shan-wei-zong-he-gao-qing.m3u8
[BD]汕尾综合高清,https://t.freetv.fun/live/shan-wei-zong-he-gao-qing-4.m3u8
[BD]汕尾综合高清,https://t.freetv.fun/live/shan-wei-zong-he-gao-qing-6.m3u8
[BD]汕尾综合高清,https://t.freetv.fun/live/shan-wei-zong-he-gao-qing-7.m3u8
[BD]汕尾综合高清,https://t.freetv.fun/live/shan-wei-zong-he-gao-qing-8.m3u8
[BD]汕尾综合高清,https://t.freetv.fun/live/shan-wei-zong-he-gao-qing-10.m3u8
[BD]汕尾综合高清,https://t.freetv.fun/live/shan-wei-zong-he-gao-qing-12.m3u8
[VGA]汕尾综合高清,https://t.freetv.fun/live/shan-wei-zong-he-gao-qing-15.m3u8
[BD]汕尾综合高清,https://t.freetv.fun/live/shan-wei-zong-he-gao-qing-17.m3u8
[BD]汕尾综合高清,https://t.freetv.fun/live/shan-wei-zong-he-gao-qing-19.m3u8
[VGA]汕尾综合高清,https://t.freetv.fun/live/shan-wei-zong-he-gao-qing-22.m3u8
[BD]汕头生活高清,https://t.freetv.fun/live/shan-tou-sheng-huo-gao-qing.m3u8
[BD]汕头生活高清,https://t.freetv.fun/live/shan-tou-sheng-huo-gao-qing-1.m3u8
[BD]汕头生活高清,https://t.freetv.fun/live/shan-tou-sheng-huo-gao-qing-2.m3u8
[BD]汕头生活高清,https://t.freetv.fun/live/shan-tou-sheng-huo-gao-qing-3.m3u8
[BD]汕头生活高清,https://t.freetv.fun/live/shan-tou-sheng-huo-gao-qing-4.m3u8
[BD]汕头生活高清,https://t.freetv.fun/live/shan-tou-sheng-huo-gao-qing-5.m3u8
[BD]汕头生活高清,https://t.freetv.fun/live/shan-tou-sheng-huo-gao-qing-6.m3u8
[BD]汕头生活高清,https://t.freetv.fun/live/shan-tou-sheng-huo-gao-qing-8.m3u8
[BD]汕头生活高清,https://t.freetv.fun/live/shan-tou-sheng-huo-gao-qing-9.m3u8
[BD]汕头生活高清,https://t.freetv.fun/live/shan-tou-sheng-huo-gao-qing-13.m3u8
[BD]汕头生活高清,https://t.freetv.fun/live/shan-tou-sheng-huo-gao-qing-14.m3u8
[BD]汕头生活高清,https://t.freetv.fun/live/shan-tou-sheng-huo-gao-qing-16.m3u8
[BD]汕头生活高清,https://t.freetv.fun/live/shan-tou-sheng-huo-gao-qing-17.m3u8
[VGA]汕头生活高清,https://t.freetv.fun/live/shan-tou-sheng-huo-gao-qing-18.m3u8
[BD]汕头综合高清,https://t.freetv.fun/live/shan-tou-zong-he-gao-qing.m3u8
[BD]汕头综合高清,https://t.freetv.fun/live/shan-tou-zong-he-gao-qing-1.m3u8
[BD]汕头综合高清,https://t.freetv.fun/live/shan-tou-zong-he-gao-qing-3.m3u8
[BD]汕头综合高清,https://t.freetv.fun/live/shan-tou-zong-he-gao-qing-5.m3u8
[BD]汕头综合高清,https://t.freetv.fun/live/shan-tou-zong-he-gao-qing-11.m3u8
[BD]汕头综合高清,https://t.freetv.fun/live/shan-tou-zong-he-gao-qing-12.m3u8
[BD]汕头综合高清,https://t.freetv.fun/live/shan-tou-zong-he-gao-qing-14.m3u8
[BD]汕头综合高清,https://t.freetv.fun/live/shan-tou-zong-he-gao-qing-15.m3u8
[BD]汕头综合高清,https://t.freetv.fun/live/shan-tou-zong-he-gao-qing-16.m3u8
[BD]浙江公共新闻,https://t.freetv.fun/live/zhe-jiang-gong-gong-xin-wen.m3u8
[VGA]公共新闻,https://t.freetv.fun/live/gong-gong-xin-wen.m3u8
[VGA]公共新闻,https://t.freetv.fun/live/gong-gong-xin-wen-2.m3u8
[VGA]江苏城市,https://t.freetv.fun/live/jiang-su-cheng-shi-1.m3u8
[VGA]江苏城市,https://t.freetv.fun/live/jiang-su-cheng-shi.m3u8
[VGA]江苏影视,https://t.freetv.fun/live/jiang-su-ying-shi-2.m3u8
[VGA]江苏教育,https://t.freetv.fun/live/jiang-su-jiao-yu-1.m3u8
[VGA]江苏综艺,https://t.freetv.fun/live/jiang-su-zong-yi-1.m3u8
[BD]江苏卫视,https://t.freetv.fun/live/jiang-su-wei-shi-4.m3u8
[BD]江苏卫视,https://t.freetv.fun/live/jiang-su-wei-shi-16.m3u8
[BD]江苏卫视,https://t.freetv.fun/live/jiang-su-wei-shi-17.m3u8
[BD]江苏卫视,https://t.freetv.fun/live/jiang-su-wei-shi-11.m3u8
[BD]江苏卫视,https://t.freetv.fun/live/jiang-su-wei-shi-13.m3u8
[BD]江苏卫视,https://t.freetv.fun/live/jiang-su-wei-shi-3.m3u8
[BD]江苏卫视,https://t.freetv.fun/live/jiang-su-wei-shi.m3u8
[BD]江苏卫视,https://t.freetv.fun/live/jiang-su-wei-shi-1.m3u8
[BD]江苏卫视,https://t.freetv.fun/live/jiang-su-wei-shi-5.m3u8
[BD]江苏卫视,https://t.freetv.fun/live/jiang-su-wei-shi-6.m3u8
[HD]江苏卫视,https://t.freetv.fun/live/jiang-su-wei-shi-8.m3u8
[BD]江苏卫视,https://t.freetv.fun/live/jiang-su-wei-shi-9.m3u8
[BD]江苏卫视,https://t.freetv.fun/live/jiang-su-wei-shi-12.m3u8
[BD]江苏卫视,https://t.freetv.fun/live/jiang-su-wei-shi-14.m3u8
[BD]江苏卫视,https://t.freetv.fun/live/jiang-su-wei-shi-15.m3u8
[BD]江苏卫视,https://t.freetv.fun/live/jiang-su-wei-shi-18.m3u8
[BD]江苏卫视,https://t.freetv.fun/live/jiang-su-wei-shi-19.m3u8
[SD]江苏卫视,https://t.freetv.fun/live/jiang-su-wei-shi-20.m3u8
[BD]江苏卫视,https://t.freetv.fun/live/jiang-su-wei-shi-21.m3u8
[BD]江苏卫视,https://t.freetv.fun/live/jiang-su-wei-shi-22.m3u8
[BD]江苏卫视,https://t.freetv.fun/live/jiang-su-wei-shi-23.m3u8
[HD]江苏卫视,https://t.freetv.fun/live/jiang-su-wei-shi-25.m3u8
[BD]江苏卫视,https://t.freetv.fun/live/jiang-su-wei-shi-31.m3u8
[BD]江苏卫视,https://t.freetv.fun/live/jiang-su-wei-shi-32.m3u8
[BD]江苏卫视,https://t.freetv.fun/live/jiang-su-wei-shi-33.m3u8
[HD]江西新闻,https://t.freetv.fun/live/jiang-xi-xin-wen-1.m3u8
[HD]江西新闻,https://t.freetv.fun/live/jiang-xi-xin-wen-2.m3u8
[BD]江西卫视,https://t.freetv.fun/live/jiang-xi-wei-shi-2.m3u8
[BD]江西卫视,https://t.freetv.fun/live/jiang-xi-wei-shi-4.m3u8
[BD]江西卫视,https://t.freetv.fun/live/jiang-xi-wei-shi-5.m3u8
[BD]江西卫视,https://t.freetv.fun/live/jiang-xi-wei-shi-7.m3u8
[BD]江西卫视,https://t.freetv.fun/live/jiang-xi-wei-shi-13.m3u8
[BD]江西卫视,https://t.freetv.fun/live/jiang-xi-wei-shi-20.m3u8
[BD]江西卫视,https://t.freetv.fun/live/jiang-xi-wei-shi-11.m3u8
[BD]江西卫视,https://t.freetv.fun/live/jiang-xi-wei-shi-21.m3u8
[HD]江西卫视,https://t.freetv.fun/live/jiang-xi-wei-shi.m3u8
[HD]江西卫视,https://t.freetv.fun/live/jiang-xi-wei-shi-1.m3u8
[BD]江西卫视,https://t.freetv.fun/live/jiang-xi-wei-shi-22.m3u8
[HD]江西卫视,https://t.freetv.fun/live/jiang-xi-wei-shi-26.m3u8
[BD]江西卫视,https://t.freetv.fun/live/jiang-xi-wei-shi-16.m3u8
[BD]江西卫视,https://t.freetv.fun/live/jiang-xi-wei-shi-28.m3u8
[BD]江西卫视,https://t.freetv.fun/live/jiang-xi-wei-shi-8.m3u8
[BD]江西卫视,https://t.freetv.fun/live/jiang-xi-wei-shi-9.m3u8
[BD]江西卫视,https://t.freetv.fun/live/jiang-xi-wei-shi-10.m3u8
[BD]江西卫视,https://t.freetv.fun/live/jiang-xi-wei-shi-12.m3u8
[BD]江西卫视,https://t.freetv.fun/live/jiang-xi-wei-shi-15.m3u8
[BD]江西卫视,https://t.freetv.fun/live/jiang-xi-wei-shi-17.m3u8
[SD]江西卫视,https://t.freetv.fun/live/jiang-xi-wei-shi-18.m3u8
[BD]江西卫视,https://t.freetv.fun/live/jiang-xi-wei-shi-19.m3u8
[SD]江西卫视,https://t.freetv.fun/live/jiang-xi-wei-shi-23.m3u8
[BD]江西卫视,https://t.freetv.fun/live/jiang-xi-wei-shi-25.m3u8
[BD]河北卫视,https://t.freetv.fun/live/he-bei-wei-shi-5.m3u8
[SD]河北卫视,https://t.freetv.fun/live/he-bei-wei-shi-17.m3u8
[SD]河北卫视,https://t.freetv.fun/live/he-bei-wei-shi-3.m3u8
[BD]河北卫视,https://t.freetv.fun/live/he-bei-wei-shi-10.m3u8
[SD]河北卫视,https://t.freetv.fun/live/he-bei-wei-shi-21.m3u8
[BD]河北卫视,https://t.freetv.fun/live/he-bei-wei-shi-1.m3u8
[SD]河北卫视,https://t.freetv.fun/live/he-bei-wei-shi-4.m3u8
[SD]河北卫视,https://t.freetv.fun/live/he-bei-wei-shi-6.m3u8
[BD]河北卫视,https://t.freetv.fun/live/he-bei-wei-shi-7.m3u8
[BD]河北卫视,https://t.freetv.fun/live/he-bei-wei-shi-8.m3u8
[BD]河北卫视,https://t.freetv.fun/live/he-bei-wei-shi-9.m3u8
[BD]河北卫视,https://t.freetv.fun/live/he-bei-wei-shi-11.m3u8
[BD]河北卫视,https://t.freetv.fun/live/he-bei-wei-shi-15.m3u8
[BD]河北卫视,https://t.freetv.fun/live/he-bei-wei-shi-16.m3u8
[BD]河北卫视,https://t.freetv.fun/live/he-bei-wei-shi-18.m3u8
[BD]河北卫视,https://t.freetv.fun/live/he-bei-wei-shi-19.m3u8
[SD]河北卫视,https://t.freetv.fun/live/he-bei-wei-shi-20.m3u8
[SD]河北卫视,https://t.freetv.fun/live/he-bei-wei-shi-23.m3u8
[BD]河北卫视,https://t.freetv.fun/live/he-bei-wei-shi-24.m3u8
[SD]河北卫视,https://t.freetv.fun/live/he-bei-wei-shi-25.m3u8
[SD]河北卫视,https://t.freetv.fun/live/he-bei-wei-shi-27.m3u8
[HD]河北农民,https://t.freetv.fun/live/he-bei-nong-min-3.m3u8
[BD]河南卫视,https://t.freetv.fun/live/he-nan-wei-shi.m3u8
[BD]河南卫视,https://t.freetv.fun/live/he-nan-wei-shi-1.php
[BD]河南卫视,https://t.freetv.fun/live/he-nan-wei-shi-3.m3u8
[BD]河南卫视,https://t.freetv.fun/live/he-nan-wei-shi-9.m3u8
[VGA]河南卫视,https://t.freetv.fun/live/he-nan-wei-shi-11.m3u8
[BD]河南卫视,https://t.freetv.fun/live/he-nan-wei-shi-24.m3u8
[BD]河南卫视,https://t.freetv.fun/live/he-nan-wei-shi-25.m3u8
[SD]河南卫视,https://t.freetv.fun/live/he-nan-wei-shi-28.m3u8
[BD]河南卫视,https://t.freetv.fun/live/he-nan-wei-shi-4.m3u8
[SD]河南卫视,https://t.freetv.fun/live/he-nan-wei-shi-5.m3u8
[SD]河南卫视,https://t.freetv.fun/live/he-nan-wei-shi-6.m3u8
[BD]河南卫视,https://t.freetv.fun/live/he-nan-wei-shi-7.m3u8
[SD]河南卫视,https://t.freetv.fun/live/he-nan-wei-shi-8.m3u8
[BD]河南卫视,https://t.freetv.fun/live/he-nan-wei-shi-10.m3u8
[BD]河南卫视,https://t.freetv.fun/live/he-nan-wei-shi-12.m3u8
[BD]河南卫视,https://t.freetv.fun/live/he-nan-wei-shi-15.m3u8
[BD]河南卫视,https://t.freetv.fun/live/he-nan-wei-shi-16.php
[VGA]河南卫视,https://t.freetv.fun/live/he-nan-wei-shi-17.m3u8
[SD]河南卫视,https://t.freetv.fun/live/he-nan-wei-shi-18.m3u8
[SD]河南卫视,https://t.freetv.fun/live/he-nan-wei-shi-19.m3u8
[BD]河南卫视,https://t.freetv.fun/live/he-nan-wei-shi-20.m3u8
[SD]河南卫视,https://t.freetv.fun/live/he-nan-wei-shi-21.m3u8
[BD]河南卫视,https://t.freetv.fun/live/he-nan-wei-shi-22.m3u8
[BD]河南卫视,https://t.freetv.fun/live/he-nan-wei-shi-23.m3u8
[SD]河南卫视,https://t.freetv.fun/live/he-nan-wei-shi-29.m3u8
[HD]河南卫视,https://t.freetv.fun/live/he-nan-wei-shi-30.m3u8
[VGA]泰州新闻综合,https://t.freetv.fun/live/tai-zhou-xin-wen-zong-he.m3u8
[BD]洛阳科教,https://t.freetv.fun/live/luo-yang-ke-jiao.flv
[BD]浙江国际,https://t.freetv.fun/live/zhe-jiang-guo-ji.m3u8
[HD]浙江国际,https://t.freetv.fun/live/zhe-jiang-guo-ji-2.m3u8
[BD]浙江国际,https://t.freetv.fun/live/zhe-jiang-guo-ji-6.m3u8
[VGA]浙江国际,https://t.freetv.fun/live/zhe-jiang-guo-ji-9.m3u8
[BD]浙江国际,https://t.freetv.fun/live/zhe-jiang-guo-ji-11.m3u8
[HD]浙江国际,https://t.freetv.fun/live/zhe-jiang-guo-ji-4.m3u8
[BD]浙江国际,https://t.freetv.fun/live/zhe-jiang-guo-ji-10.m3u8
[BD]浙江少儿,https://t.freetv.fun/live/zhe-jiang-shao-er-1.m3u8
[VGA]浙江少儿,https://t.freetv.fun/live/zhe-jiang-shao-er-6.m3u8
[VGA]浙江少儿,https://t.freetv.fun/live/zhe-jiang-shao-er.m3u8
[BD]浙江教科,https://t.freetv.fun/live/zhe-jiang-jiao-ke-1.m3u8
[VGA]浙江教育,https://t.freetv.fun/live/zhe-jiang-jiao-yu-5.m3u8
[BD]浙江教科,https://t.freetv.fun/live/zhe-jiang-jiao-ke.m3u8
[BD]浙江新闻,https://t.freetv.fun/live/zhe-jiang-xin-wen-3.m3u8
[HD]浙江新闻,https://t.freetv.fun/live/zhe-jiang-xin-wen-2.m3u8
[HD]浙江新闻,https://t.freetv.fun/live/zhe-jiang-xin-wen-7.m3u8
[BD]浙江新闻,https://t.freetv.fun/live/zhe-jiang-xin-wen.m3u8
[BD]浙江新闻,https://t.freetv.fun/live/zhe-jiang-xin-wen-1.m3u8
[VGA]浙江新闻,https://t.freetv.fun/live/zhe-jiang-xin-wen-4.m3u8
[HD]浙江新闻,https://t.freetv.fun/live/zhe-jiang-xin-wen-6.m3u8
[HD]浙江新闻,https://t.freetv.fun/live/zhe-jiang-xin-wen-12.m3u8
[BD]浙江民生,https://t.freetv.fun/live/zhe-jiang-min-sheng-2.m3u8
[BD]浙江民生,https://t.freetv.fun/live/zhe-jiang-min-sheng-1.m3u8
[HD]浙江民生,https://t.freetv.fun/live/zhe-jiang-min-sheng-3.m3u8
[BD]浙江民生,https://t.freetv.fun/live/zhe-jiang-min-sheng-1-1.m3u8
[BD]浙江民生,https://t.freetv.fun/live/zhe-jiang-min-sheng-11.m3u8
[BD]浙江民生休闲,https://t.freetv.fun/live/zhe-jiang-min-sheng-xiu-xian-2.m3u8
[VGA]浙江民生休闲,https://t.freetv.fun/live/zhe-jiang-min-sheng-xiu-xian-3.m3u8
[BD]浙江民生休闲,https://t.freetv.fun/live/zhe-jiang-min-sheng-xiu-xian-4.m3u8
[BD]浙江民生休闲,https://t.freetv.fun/live/zhe-jiang-min-sheng-xiu-xian.m3u8
[HD]浙江民生休闲,https://t.freetv.fun/live/zhe-jiang-min-sheng-xiu-xian-1.m3u8
[BD]浙江经济,https://t.freetv.fun/live/zhe-jiang-jing-ji.m3u8
[BD]浙江生活,https://t.freetv.fun/live/zhe-jiang-sheng-huo-1.m3u8
[BD]浙江生活,https://t.freetv.fun/live/zhe-jiang-sheng-huo-4.m3u8
[VGA]浙江经济生活,https://t.freetv.fun/live/zhe-jiang-jing-ji-sheng-huo-1.m3u8
[BD]浙江经济生活,https://t.freetv.fun/live/zhe-jiang-jing-ji-sheng-huo-2.m3u8
[HD]浙江经济生活,https://t.freetv.fun/live/zhe-jiang-jing-ji-sheng-huo-1.m3u8
[VGA]浙江经济生活,https://t.freetv.fun/live/zhe-jiang-jing-ji-sheng-huo-1-1.m3u8
[BD]浙江经济生活,https://t.freetv.fun/live/zhe-jiang-jing-ji-sheng-huo-3.m3u8
[VGA]浙江经济生活,https://t.freetv.fun/live/zhe-jiang-jing-ji-sheng-huo-4.m3u8
[BD]浙江经济生活,https://t.freetv.fun/live/zhe-jiang-jing-ji-sheng-huo-5.m3u8
[BD]浙江经济生活,https://t.freetv.fun/live/zhe-jiang-jing-ji-sheng-huo-6.m3u8
[BD]浙江卫视,https://t.freetv.fun/live/zhe-jiang-wei-shi-3.m3u8
[BD]浙江卫视,https://t.freetv.fun/live/zhe-jiang-wei-shi-4.m3u8
[BD]浙江卫视,https://t.freetv.fun/live/zhe-jiang-wei-shi-5.m3u8
[BD]浙江卫视,https://t.freetv.fun/live/zhe-jiang-wei-shi-11.m3u8
[BD]浙江卫视,https://t.freetv.fun/live/zhe-jiang-wei-shi-14.m3u8
[SD]浙江卫视,https://t.freetv.fun/live/zhe-jiang-wei-shi-16.m3u8
[BD]浙江卫视,https://t.freetv.fun/live/zhe-jiang-wei-shi-21.m3u8
[BD]浙江卫视,https://t.freetv.fun/live/zhe-jiang-wei-shi-12.m3u8
[BD]浙江卫视,https://t.freetv.fun/live/zhe-jiang-wei-shi-1.m3u8
[BD]浙江卫视,https://t.freetv.fun/live/zhe-jiang-wei-shi-2.m3u8
[BD]浙江卫视,https://t.freetv.fun/live/zhe-jiang-wei-shi-29.m3u8
[BD]浙江卫视,https://t.freetv.fun/live/zhe-jiang-wei-shi-30.m3u8
[BD]浙江卫视,https://t.freetv.fun/live/zhe-jiang-wei-shi-18.m3u8
[VGA]浙江卫视,https://t.freetv.fun/live/zhe-jiang-wei-shi-23.m3u8
[BD]浙江卫视,https://t.freetv.fun/live/zhe-jiang-wei-shi-7.m3u8
[HD]浙江卫视,https://t.freetv.fun/live/zhe-jiang-wei-shi-8.m3u8
[BD]浙江卫视,https://t.freetv.fun/live/zhe-jiang-wei-shi-9.m3u8
[BD]浙江卫视,https://t.freetv.fun/live/zhe-jiang-wei-shi-10.m3u8
[BD]浙江卫视,https://t.freetv.fun/live/zhe-jiang-wei-shi-13.m3u8
[BD]浙江卫视,https://t.freetv.fun/live/zhe-jiang-wei-shi-15.m3u8
[BD]浙江卫视,https://t.freetv.fun/live/zhe-jiang-wei-shi-17.m3u8
[SD]浙江卫视,https://t.freetv.fun/live/zhe-jiang-wei-shi-19.m3u8
[SD]浙江卫视,https://t.freetv.fun/live/zhe-jiang-wei-shi-20.m3u8
[SD]浙江卫视,https://t.freetv.fun/live/zhe-jiang-wei-shi-22.m3u8
[SD]浙江卫视,https://t.freetv.fun/live/zhe-jiang-wei-shi-24.m3u8
[BD]浙江卫视,https://t.freetv.fun/live/zhe-jiang-wei-shi-25.m3u8
[SD]浙江卫视,https://t.freetv.fun/live/zhe-jiang-wei-shi-26.m3u8
[BD]浙江卫视,https://t.freetv.fun/live/zhe-jiang-wei-shi-28.m3u8
[BD]浙江钱江,https://t.freetv.fun/live/zhe-jiang-qian-jiang-2.m3u8
[HD]浙江钱江,https://t.freetv.fun/live/zhe-jiang-qian-jiang-3.m3u8
[BD]浙江钱江,https://t.freetv.fun/live/zhe-jiang-qian-jiang-1.m3u8
[VGA]浙江钱江,https://t.freetv.fun/live/zhe-jiang-qian-jiang-6.m3u8
[BD]浙江钱江都市,https://t.freetv.fun/live/zhe-jiang-qian-jiang-du-shi.m3u8
[BD]海南卫视,https://t.freetv.fun/live/hai-nan-wei-shi-6.m3u8
[SD]海南卫视,https://t.freetv.fun/live/hai-nan-wei-shi-8.m3u8
[BD]海南卫视,https://t.freetv.fun/live/hai-nan-wei-shi-12.m3u8
[SD]海南卫视,https://t.freetv.fun/live/hai-nan-wei-shi-5.m3u8
[SD]海南卫视,https://t.freetv.fun/live/hai-nan-wei-shi-7.m3u8
[BD]海南卫视,https://t.freetv.fun/live/hai-nan-wei-shi-4.m3u8
[SD]海南卫视,https://t.freetv.fun/live/hai-nan-wei-shi-9.m3u8
[SD]海南卫视,https://t.freetv.fun/live/hai-nan-wei-shi-10.m3u8
[SD]海南卫视,https://t.freetv.fun/live/hai-nan-wei-shi-11.m3u8
[BD]海南卫视,https://t.freetv.fun/live/hai-nan-wei-shi-13.m3u8
[VGA]海南卫视,https://t.freetv.fun/live/hai-nan-wei-shi-14.m3u8
[SD]海南卫视,https://t.freetv.fun/live/hai-nan-wei-shi-15.m3u8
[BD]海南卫视,https://t.freetv.fun/live/hai-nan-wei-shi-16.m3u8
[BD]海南卫视,https://t.freetv.fun/live/hai-nan-wei-shi-17.m3u8
[BD]海南卫视,https://t.freetv.fun/live/hai-nan-wei-shi-18.m3u8
[BD]乌海新闻综合,https://t.freetv.fun/live/wu-hai-xin-wen-zong-he.m3u8
[BD]海峡卫视,https://t.freetv.fun/live/hai-xia-wei-shi.m3u8
[HD]海峡卫视,https://t.freetv.fun/live/hai-xia-wei-shi-1.m3u8
[BD]海峡卫视,https://t.freetv.fun/live/hai-xia-wei-shi-2.m3u8
[BD]海峡卫视,https://t.freetv.fun/live/hai-xia-wei-shi-3.m3u8
[BD]海峡卫视,https://t.freetv.fun/live/hai-xia-wei-shi-4.m3u8
[BD]海峡卫视,https://t.freetv.fun/live/hai-xia-wei-shi-5.m3u8
[BD]海峡卫视,https://t.freetv.fun/live/hai-xia-wei-shi-6.m3u8
[SD]海绵宝宝,https://t.freetv.fun/live/hai-mian-bao-bao.m3u8
[SD]海绵宝宝,https://t.freetv.fun/live/hai-mian-bao-bao-1.flv
[BD]深圳卫视,https://t.freetv.fun/live/shen-zhen-wei-shi-14.m3u8
[BD]深圳卫视,https://t.freetv.fun/live/shen-zhen-wei-shi-16.m3u8
[BD]深圳卫视,https://t.freetv.fun/live/shen-zhen-wei-shi-27.m3u8
[BD]深圳卫视,https://t.freetv.fun/live/shen-zhen-wei-shi-20.m3u8
[BD]深圳卫视,https://t.freetv.fun/live/shen-zhen-wei-shi-6.m3u8
[BD]深圳卫视,https://t.freetv.fun/live/shen-zhen-wei-shi-26.m3u8
[BD]深圳卫视,https://t.freetv.fun/live/shen-zhen-wei-shi-29.m3u8
[BD]深圳卫视,https://t.freetv.fun/live/shen-zhen-wei-shi-19.m3u8
[VGA]深圳卫视,https://t.freetv.fun/live/shen-zhen-wei-shi.m3u8
[BD]深圳卫视,https://t.freetv.fun/live/shen-zhen-wei-shi-1.m3u8
[SD]深圳卫视,https://t.freetv.fun/live/shen-zhen-wei-shi-2.m3u8
[BD]深圳卫视,https://t.freetv.fun/live/shen-zhen-wei-shi-3.m3u8
[BD]深圳卫视,https://t.freetv.fun/live/shen-zhen-wei-shi-4.m3u8
[BD]深圳卫视,https://t.freetv.fun/live/shen-zhen-wei-shi-5.m3u8
[BD]深圳卫视,https://t.freetv.fun/live/shen-zhen-wei-shi-8.m3u8
[BD]深圳卫视,https://t.freetv.fun/live/shen-zhen-wei-shi-11.m3u8
[SD]深圳卫视,https://t.freetv.fun/live/shen-zhen-wei-shi-12.m3u8
[BD]深圳卫视,https://t.freetv.fun/live/shen-zhen-wei-shi-13.m3u8
[BD]深圳卫视,https://t.freetv.fun/live/shen-zhen-wei-shi-15.m3u8
[BD]深圳卫视,https://t.freetv.fun/live/shen-zhen-wei-shi-17.m3u8
[BD]深圳卫视,https://t.freetv.fun/live/shen-zhen-wei-shi-18.m3u8
[BD]深圳卫视,https://t.freetv.fun/live/shen-zhen-wei-shi-21.m3u8
[BD]深圳卫视,https://t.freetv.fun/live/shen-zhen-wei-shi-22.m3u8
[BD]深圳卫视,https://t.freetv.fun/live/shen-zhen-wei-shi-23.m3u8
[BD]深圳卫视,https://t.freetv.fun/live/shen-zhen-wei-shi-24.m3u8
[BD]深圳卫视,https://t.freetv.fun/live/shen-zhen-wei-shi-25.m3u8
[BD]深圳卫视,https://t.freetv.fun/live/shen-zhen-wei-shi-28.m3u8
[BD]深圳卫视,https://t.freetv.fun/live/shen-zhen-wei-shi-30.m3u8
[BD]深圳卫视,https://t.freetv.fun/live/shen-zhen-wei-shi-31.m3u8
[BD]深圳卫视,https://t.freetv.fun/live/shen-zhen-wei-shi-32.m3u8
[BD]深圳卫视,https://t.freetv.fun/live/shen-zhen-wei-shi-33.m3u8
[BD]深圳卫视,https://t.freetv.fun/live/shen-zhen-wei-shi-34.m3u8
[BD]湖北卫视,https://t.freetv.fun/live/hu-bei-wei-shi-3.m3u8
[BD]湖北卫视,https://t.freetv.fun/live/hu-bei-wei-shi-6.m3u8
[BD]湖北卫视,https://t.freetv.fun/live/hu-bei-wei-shi-8.m3u8
[BD]湖北卫视,https://t.freetv.fun/live/hu-bei-wei-shi-10.m3u8
[BD]湖北卫视,https://t.freetv.fun/live/hu-bei-wei-shi-16.m3u8
[BD]湖北卫视,https://t.freetv.fun/live/hu-bei-wei-shi-17.m3u8
[SD]湖北卫视,https://t.freetv.fun/live/hu-bei-wei-shi-18.m3u8
[BD]湖北卫视,https://t.freetv.fun/live/hu-bei-wei-shi.m3u8
[BD]湖北卫视,https://t.freetv.fun/live/hu-bei-wei-shi-7.m3u8
[BD]湖北卫视,https://t.freetv.fun/live/hu-bei-wei-shi-13.m3u8
[HD]湖北卫视,https://t.freetv.fun/live/hu-bei-wei-shi-4.m3u8
[HD]湖北卫视,https://t.freetv.fun/live/hu-bei-wei-shi-5.m3u8
[BD]湖北卫视,https://t.freetv.fun/live/hu-bei-wei-shi-9.m3u8
[BD]湖北卫视,https://t.freetv.fun/live/hu-bei-wei-shi-11.m3u8
[BD]湖北卫视,https://t.freetv.fun/live/hu-bei-wei-shi-12.m3u8
[HD]湖北卫视,https://t.freetv.fun/live/hu-bei-wei-shi-14.m3u8
[BD]湖北卫视,https://t.freetv.fun/live/hu-bei-wei-shi-19.m3u8
[BD]湖北卫视,https://t.freetv.fun/live/hu-bei-wei-shi-20.m3u8
[BD]湖北卫视,https://t.freetv.fun/live/hu-bei-wei-shi-22.m3u8
[BD]湖北卫视,https://t.freetv.fun/live/hu-bei-wei-shi-23.m3u8
[BD]湖北卫视,https://t.freetv.fun/live/hu-bei-wei-shi-24.m3u8
[BD]湖北卫视,https://t.freetv.fun/live/hu-bei-wei-shi-25.m3u8
[VGA]湖南国际,https://t.freetv.fun/live/hu-nan-guo-ji.m3u8
[VGA]湖南娱乐,https://t.freetv.fun/live/hu-nan-yu-le.m3u8
[HD]湖南娱乐,https://t.freetv.fun/live/hu-nan-yu-le-1.m3u8
[HD]湖南娱乐,https://t.freetv.fun/live/hu-nan-yu-le-2.m3u8
[HD]湖南娱乐,https://t.freetv.fun/live/hu-nan-yu-le-3.m3u8
[HD]湖南教育,https://t.freetv.fun/live/hu-nan-jiao-yu.m3u8
[HD]湖南教育,https://t.freetv.fun/live/hu-nan-jiao-yu-1.m3u8
[VGA]湖南经视,https://t.freetv.fun/live/hu-nan-jing-shi.m3u8
[HD]湖州公共,https://t.freetv.fun/live/hu-zhou-gong-gong-6.m3u8
[HD]湖州文化娱乐,https://t.freetv.fun/live/hu-zhou-wen-hua-yu-le-1.m3u8
[HD]泸州新闻综合,https://t.freetv.fun/live/lu-zhou-xin-wen-zong-he.m3u8
[BD]赣州新闻综合,https://t.freetv.fun/live/gan-zhou-xin-wen-zong-he-1.m3u8
[HD]湖州新闻综合,https://t.freetv.fun/live/hu-zhou-xin-wen-zong-he-3.m3u8
[BD]重庆|江津新闻综合,https://t.freetv.fun/live/zhong-qing-jiang-jin-xin-wen-zong-he.m3u8
[SD]江夏新闻综合,https://t.freetv.fun/live/jiang-xia-xin-wen-zong-he-2.m3u8
[SD]江夏新闻综合,https://t.freetv.fun/live/jiang-xia-xin-wen-zong-he-4.m3u8
[BD]江津新闻综合,https://t.freetv.fun/live/jiang-jin-xin-wen-zong-he.m3u8
[HD]江阴新闻综合,https://t.freetv.fun/live/jiang-yin-xin-wen-zong-he-1.m3u8
[BD]经济科教高清,https://t.freetv.fun/live/jing-ji-ke-jiao-gao-qing.m3u8
[BD]经济科教高清,https://t.freetv.fun/live/jing-ji-ke-jiao-gao-qing-1.m3u8
[BD]经济科教高清,https://t.freetv.fun/live/jing-ji-ke-jiao-gao-qing-4.m3u8
[BD]经济科教高清,https://t.freetv.fun/live/jing-ji-ke-jiao-gao-qing-5.m3u8
[BD]经济科教高清,https://t.freetv.fun/live/jing-ji-ke-jiao-gao-qing-6.m3u8
[BD]经济科教高清,https://t.freetv.fun/live/jing-ji-ke-jiao-gao-qing-7.m3u8
[BD]经济科教高清,https://t.freetv.fun/live/jing-ji-ke-jiao-gao-qing-8.m3u8
[BD]经济科教高清,https://t.freetv.fun/live/jing-ji-ke-jiao-gao-qing-13.m3u8
[BD]经济科教高清,https://t.freetv.fun/live/jing-ji-ke-jiao-gao-qing-14.m3u8
[BD]经济科教高清,https://t.freetv.fun/live/jing-ji-ke-jiao-gao-qing-15.m3u8
[BD]潮州综合高清,https://t.freetv.fun/live/chao-zhou-zong-he-gao-qing-1.m3u8
[BD]潮州综合高清,https://t.freetv.fun/live/chao-zhou-zong-he-gao-qing-4.m3u8
[BD]潮州综合高清,https://t.freetv.fun/live/chao-zhou-zong-he-gao-qing-6.m3u8
[BD]潮州综合高清,https://t.freetv.fun/live/chao-zhou-zong-he-gao-qing-8.m3u8
[BD]潮州综合高清,https://t.freetv.fun/live/chao-zhou-zong-he-gao-qing-13.m3u8
[BD]潮州综合高清,https://t.freetv.fun/live/chao-zhou-zong-he-gao-qing-14.m3u8
[BD]潮州综合高清,https://t.freetv.fun/live/chao-zhou-zong-he-gao-qing-15.m3u8
[BD]潮州综合高清,https://t.freetv.fun/live/chao-zhou-zong-he-gao-qing-16.m3u8
[BD]潮州综合高清,https://t.freetv.fun/live/chao-zhou-zong-he-gao-qing-17.m3u8
[BD]潮州综合高清,https://t.freetv.fun/live/chao-zhou-zong-he-gao-qing-18.m3u8
[BD]澳门莲花,https://t.freetv.fun/live/ao-men-lian-hua.php
[BD]无线新闻b,https://t.freetv.fun/live/wu-xian-xin-wen-b.php
[BD]甘肃卫视,https://t.freetv.fun/live/gan-su-wei-shi-1.m3u8
[BD]甘肃卫视,https://t.freetv.fun/live/gan-su-wei-shi-9.m3u8
[SD]甘肃卫视,https://t.freetv.fun/live/gan-su-wei-shi-6.m3u8
[SD]甘肃卫视,https://t.freetv.fun/live/gan-su-wei-shi-18.m3u8
[SD]甘肃卫视,https://t.freetv.fun/live/gan-su-wei-shi-5.m3u8
[SD]甘肃卫视,https://t.freetv.fun/live/gan-su-wei-shi-3.m3u8
[SD]甘肃卫视,https://t.freetv.fun/live/gan-su-wei-shi-4.m3u8
[SD]甘肃卫视,https://t.freetv.fun/live/gan-su-wei-shi-7.m3u8
[BD]甘肃卫视,https://t.freetv.fun/live/gan-su-wei-shi-8.m3u8
[SD]甘肃卫视,https://t.freetv.fun/live/gan-su-wei-shi-10.m3u8
[SD]甘肃卫视,https://t.freetv.fun/live/gan-su-wei-shi-11.m3u8
[SD]甘肃卫视,https://t.freetv.fun/live/gan-su-wei-shi-13.m3u8
[SD]甘肃卫视,https://t.freetv.fun/live/gan-su-wei-shi-15.m3u8
[SD]甘肃卫视,https://t.freetv.fun/live/gan-su-wei-shi-16.m3u8
[SD]甘肃卫视,https://t.freetv.fun/live/gan-su-wei-shi-17.m3u8
[SD]甘肃卫视,https://t.freetv.fun/live/gan-su-wei-shi-19.m3u8
[BD]甘肃卫视,https://t.freetv.fun/live/gan-su-wei-shi-20.m3u8
[BD]生命电视 *$,https://t.freetv.fun/live/sheng-ming-dian-shi.m3u8
[SD]生活时尚,https://t.freetv.fun/live/sheng-huo-shi-shang.m3u8
[BD]生活时尚,https://t.freetv.fun/live/sheng-huo-shi-shang-2.m3u8
[HD]眉山丹棱综合,https://t.freetv.fun/live/mei-shan-dan-leng-zong-he.m3u8
[BD]第一财经,https://t.freetv.fun/live/di-yi-cai-jing.m3u8
[VGA]上海第一财经,https://t.freetv.fun/live/shang-hai-di-yi-cai-jing.m3u8
[VGA]上海第一财经,https://t.freetv.fun/live/shang-hai-di-yi-cai-jing-2.m3u8
[SD]第一财经,https://t.freetv.fun/live/di-yi-cai-jing-1.m3u8
[BD]第一财经,https://t.freetv.fun/live/di-yi-cai-jing-2.m3u8
[HD]绍兴文化影视,https://t.freetv.fun/live/shao-xing-wen-hua-ying-shi-1.m3u8
[HD]绍兴文化影院,https://t.freetv.fun/live/shao-xing-wen-hua-ying-yuan-2.m3u8
[HD]绍兴文化影视,https://t.freetv.fun/live/shao-xing-wen-hua-ying-shi-1.m3u8
[SD]绍兴新闻,https://t.freetv.fun/live/shao-xing-xin-wen.m3u8
[BD]經典卡通,https://t.freetv.fun/live/jing-dian-qia-tong-1.m3u8
[HD]经典电影,https://t.freetv.fun/live/jing-dian-dian-ying.m3u8
[HD]经典香港电影,https://t.freetv.fun/live/jing-dian-xiang-gang-dian-ying.m3u8
[BD]經典電影,https://t.freetv.fun/live/jing-dian-dian-ying-1.php
[BD]經典電影,https://t.freetv.fun/live/jing-dian-dian-ying-2.m3u8
[BD]經典電影,https://t.freetv.fun/live/jing-dian-dian-ying-3.m3u8
[HD]纬来日本,rtmp://f13h.mine.nu/sat/tv771
[BD]纬来精彩 *$,https://t.freetv.fun/live/wei-lai-jing-cai-1.m3u8
[HD]纬来育乐,rtmp://f13h.mine.nu/sat/tv701
[BD]纬来体育,https://t.freetv.fun/live/wei-lai-ti-yu.m3u8
[HD]緯來體育,rtmp://f13h.mine.nu/sat/tv721
[SD]纬来体育,rtmp://f13h.mine.nu/sat/tv721
[HD]纬来体育,rtmp://f13h.mine.nu/sat/tv721
[HD]美亚电影,https://t.freetv.fun/live/mei-ya-dian-ying.m3u8
[BD]翡翠台 *$,https://t.freetv.fun/live/fei-cui-tai-2.m3u8
[BD]翡翠台,https://t.freetv.fun/live/fei-cui-tai.m3u8
[BD]翡翠,https://t.freetv.fun/live/fei-cui.m3u8
[SD]翡翠,https://t.freetv.fun/live/fei-cui-2.m3u8
[BD]翡翠,https://t.freetv.fun/live/fei-cui-3.m3u8
[HD]翡翠,https://t.freetv.fun/live/fei-cui-4.m3u8
[BD]翡翠台,https://t.freetv.fun/live/fei-cui-tai-1.m3u8
[HD]台視,https://t.freetv.fun/live/tai-shi.ts
[BD]台視新聞,https://t.freetv.fun/live/tai-shi-xin-wen.m3u8
[HD]台视综合 *$,https://t.freetv.fun/live/tai-shi-zong-he.m3u8
[BD]台视财经,https://t.freetv.fun/live/tai-shi-cai-jing.ts
[BD]台视财经 *$,https://t.freetv.fun/live/tai-shi-cai-jing-1.m3u8
[HD]萧山新闻综合,https://t.freetv.fun/live/xiao-shan-xin-wen-zong-he-1.m3u8
[VGA]萧山新闻综合,https://t.freetv.fun/live/xiao-shan-xin-wen-zong-he-1.m3u8
[BD]荆门新闻综合,https://t.freetv.fun/live/jing-men-xin-wen-zong-he.m3u8
[BD]荆门新闻综合,https://t.freetv.fun/live/jing-men-xin-wen-zong-he-1-1.m3u8
[BD]荆门新闻综合,https://t.freetv.fun/live/jing-men-xin-wen-zong-he-1-1.m3u8
[BD]荆门新闻综合,https://t.freetv.fun/live/jing-men-xin-wen-zong-he-2.m3u8
[BD]荆门新闻综合,https://t.freetv.fun/live/jing-men-xin-wen-zong-he-5.m3u8
[VGA]华藏卫视 *$,https://t.freetv.fun/live/hua-cang-wei-shi.m3u8
[HD]华视,rtmp://f13h.mine.nu/sat/tv111
[BD]华视,rtmp://f13h.mine.nu/sat/tv111
[BD]华视,https://t.freetv.fun/live/hua-shi-1-1.ts
[BD]华视 *$,https://t.freetv.fun/live/hua-shi-3.m3u8
[BD]華視,https://t.freetv.fun/live/hua-shi-2.ts
[BD]華視,https://t.freetv.fun/live/hua-shi-1-2.m3u8
[BD]華視新聞 *$,https://t.freetv.fun/live/hua-shi-xin-wen.m3u8
[BD]华视新闻 *$,https://t.freetv.fun/live/hua-shi-xin-wen-1.m3u8
[BD]西藏卫视,https://t.freetv.fun/live/xi-cang-wei-shi-10.m3u8
[BD]西藏卫视,https://t.freetv.fun/live/xi-cang-wei-shi-2.m3u8
[SD]西藏卫视,https://t.freetv.fun/live/xi-cang-wei-shi-7.m3u8
[BD]西藏卫视,https://t.freetv.fun/live/xi-cang-wei-shi-11.m3u8
[BD]西藏卫视,https://t.freetv.fun/live/xi-cang-wei-shi.m3u8
[SD]西藏卫视,https://t.freetv.fun/live/xi-cang-wei-shi-1.m3u8
[BD]西藏卫视,https://t.freetv.fun/live/xi-cang-wei-shi-3.m3u8
[BD]西藏卫视,https://t.freetv.fun/live/xi-cang-wei-shi-8.m3u8
[BD]西藏卫视,https://t.freetv.fun/live/xi-cang-wei-shi-13.m3u8
[BD]豬哥亮歌廳秀,https://t.freetv.fun/live/zhu-ge-liang-ge-ting-xiu-1.m3u8
[BD]贵州卫视,https://t.freetv.fun/live/gui-zhou-wei-shi-2.m3u8
[BD]贵州卫视,https://t.freetv.fun/live/gui-zhou-wei-shi-3.m3u8
[BD]贵州卫视,https://t.freetv.fun/live/gui-zhou-wei-shi-4.m3u8
[BD]贵州卫视,https://t.freetv.fun/live/gui-zhou-wei-shi-5.m3u8
[BD]贵州卫视,https://t.freetv.fun/live/gui-zhou-wei-shi-18.m3u8
[BD]贵州卫视,https://t.freetv.fun/live/gui-zhou-wei-shi-16.m3u8
[BD]贵州卫视,https://t.freetv.fun/live/gui-zhou-wei-shi-27.m3u8
[SD]贵州卫视,https://t.freetv.fun/live/gui-zhou-wei-shi.m3u8
[BD]贵州卫视,https://t.freetv.fun/live/gui-zhou-wei-shi-6.m3u8
[BD]贵州卫视,https://t.freetv.fun/live/gui-zhou-wei-shi-7.m3u8
[SD]贵州卫视,https://t.freetv.fun/live/gui-zhou-wei-shi-10.m3u8
[SD]贵州卫视,https://t.freetv.fun/live/gui-zhou-wei-shi-11.m3u8
[SD]贵州卫视,https://t.freetv.fun/live/gui-zhou-wei-shi-13.m3u8
[BD]贵州卫视,https://t.freetv.fun/live/gui-zhou-wei-shi-14.m3u8
[BD]贵州卫视,https://t.freetv.fun/live/gui-zhou-wei-shi-15.m3u8
[SD]贵州卫视,https://t.freetv.fun/live/gui-zhou-wei-shi-17.m3u8
[SD]贵州卫视,https://t.freetv.fun/live/gui-zhou-wei-shi-20.m3u8
[SD]贵州卫视,https://t.freetv.fun/live/gui-zhou-wei-shi-21.m3u8
[BD]贵州卫视,https://t.freetv.fun/live/gui-zhou-wei-shi-23.m3u8
[SD]贵州卫视,https://t.freetv.fun/live/gui-zhou-wei-shi-24.m3u8
[SD]贵州卫视,https://t.freetv.fun/live/gui-zhou-wei-shi-25.m3u8
[BD]贵州卫视,https://t.freetv.fun/live/gui-zhou-wei-shi-26.m3u8
[BD]农林卫视,https://t.freetv.fun/live/nong-lin-wei-shi-1.m3u8
[SD]农林卫视,https://t.freetv.fun/live/nong-lin-wei-shi.m3u8
[HD]中国农林卫视,https://t.freetv.fun/live/zhong-guo-nong-lin-wei-shi.m3u8
[HD]中国农林卫视,https://t.freetv.fun/live/zhong-guo-nong-lin-wei-shi-1.m3u8
[VGA]连云港新闻综合,https://t.freetv.fun/live/lian-yun-gang-xin-wen-zong-he-1.m3u8
[BD]辽宁公共,https://t.freetv.fun/live/liao-zhu-gong-gong.m3u8
[BD]辽宁北方,https://t.freetv.fun/live/liao-zhu-bei-fang.m3u8
[BD]辽宁影视剧,https://t.freetv.fun/live/liao-zhu-ying-shi-ju.m3u8
[BD]辽宁生活,https://t.freetv.fun/live/liao-zhu-sheng-huo.m3u8
[BD]辽宁经济,https://t.freetv.fun/live/liao-zhu-jing-ji.m3u8
[BD]辽宁卫视,https://t.freetv.fun/live/liao-zhu-wei-shi.m3u8
[BD]辽宁卫视,https://t.freetv.fun/live/liao-zhu-wei-shi-1.m3u8
[BD]辽宁卫视,https://t.freetv.fun/live/liao-zhu-wei-shi-2.m3u8
[HD]辽宁卫视,https://t.freetv.fun/live/liao-zhu-wei-shi-7.m3u8
[BD]辽宁卫视,https://t.freetv.fun/live/liao-zhu-wei-shi-9.m3u8
[BD]辽宁卫视,https://t.freetv.fun/live/liao-zhu-wei-shi-14.m3u8
[BD]辽宁卫视,https://t.freetv.fun/live/liao-zhu-wei-shi-16.m3u8
[BD]辽宁卫视,https://t.freetv.fun/live/liao-zhu-wei-shi-13.m3u8
[VGA]辽宁卫视,https://t.freetv.fun/live/liao-zhu-wei-shi-3.m3u8
[BD]辽宁卫视,https://t.freetv.fun/live/liao-zhu-wei-shi-5.m3u8
[BD]辽宁卫视,https://t.freetv.fun/live/liao-zhu-wei-shi-15.m3u8
[HD]辽宁卫视,https://t.freetv.fun/live/liao-zhu-wei-shi-4.m3u8
[BD]辽宁卫视,https://t.freetv.fun/live/liao-zhu-wei-shi-6.m3u8
[BD]辽宁卫视,https://t.freetv.fun/live/liao-zhu-wei-shi-10.m3u8
[BD]辽宁卫视,https://t.freetv.fun/live/liao-zhu-wei-shi-11.m3u8
[BD]辽宁卫视,https://t.freetv.fun/live/liao-zhu-wei-shi-17.m3u8
[BD]辽宁卫视,https://t.freetv.fun/live/liao-zhu-wei-shi-18.m3u8
[SD]辽宁卫视,https://t.freetv.fun/live/liao-zhu-wei-shi-20.m3u8
[BD]辽宁卫视,https://t.freetv.fun/live/liao-zhu-wei-shi-21.m3u8
[BD]辽宁卫视,https://t.freetv.fun/live/liao-zhu-wei-shi-22.m3u8
[BD]辽宁卫视,https://t.freetv.fun/live/liao-zhu-wei-shi-23.m3u8
[BD]辽宁卫视,https://t.freetv.fun/live/liao-zhu-wei-shi-24.m3u8
[BD]辽宁卫视,https://t.freetv.fun/live/liao-zhu-wei-shi-26.m3u8
[BD]辽宁卫视,https://t.freetv.fun/live/liao-zhu-wei-shi-28.m3u8
[BD]辽宁都市,https://t.freetv.fun/live/liao-zhu-du-shi.m3u8
[HD]邢台生活,https://t.freetv.fun/live/xing-tai-sheng-huo.m3u8
[HD]邢台综合,https://t.freetv.fun/live/xing-tai-zong-he.m3u8
[VGA]徐州新闻综合,https://t.freetv.fun/live/xu-zhou-xin-wen-zong-he-1.m3u8
[BD]亳州新闻综合,rtmp://zbbf2.ahbztv.com/live/416
[BD]采昌影劇,https://t.freetv.fun/live/cai-chang-ying-ju.php
[BD]采昌影劇,https://t.freetv.fun/live/cai-chang-ying-ju-1.m3u8
[BD]采昌影劇,https://t.freetv.fun/live/cai-chang-ying-ju-2.m3u8
[BD]重庆卫视,https://t.freetv.fun/live/zhong-qing-wei-shi-1.m3u8
[BD]重庆卫视,https://t.freetv.fun/live/zhong-qing-wei-shi-4.m3u8
[BD]重庆卫视,https://t.freetv.fun/live/zhong-qing-wei-shi-11.m3u8
[BD]重庆卫视,https://t.freetv.fun/live/zhong-qing-wei-shi-17.m3u8
[SD]重庆卫视,https://t.freetv.fun/live/zhong-qing-wei-shi.m3u8
[VGA]重庆卫视,https://t.freetv.fun/live/zhong-qing-wei-shi-10.m3u8
[SD]重庆卫视,https://t.freetv.fun/live/zhong-qing-wei-shi-25.m3u8
[BD]重庆卫视,https://t.freetv.fun/live/zhong-qing-wei-shi-21.m3u8
[BD]重庆卫视,https://t.freetv.fun/live/zhong-qing-wei-shi-2.m3u8
[SD]重庆卫视,https://t.freetv.fun/live/zhong-qing-wei-shi-3.m3u8
[BD]重庆卫视,https://t.freetv.fun/live/zhong-qing-wei-shi-6.m3u8
[BD]重庆卫视,https://t.freetv.fun/live/zhong-qing-wei-shi-7.m3u8
[BD]重庆卫视,https://t.freetv.fun/live/zhong-qing-wei-shi-8.m3u8
[BD]重庆卫视,https://t.freetv.fun/live/zhong-qing-wei-shi-9.m3u8
[BD]重庆卫视,https://t.freetv.fun/live/zhong-qing-wei-shi-14.m3u8
[BD]重庆卫视,https://t.freetv.fun/live/zhong-qing-wei-shi-15.m3u8
[SD]重庆卫视,https://t.freetv.fun/live/zhong-qing-wei-shi-16.m3u8
[SD]重庆卫视,https://t.freetv.fun/live/zhong-qing-wei-shi-18.m3u8
[BD]重庆卫视,https://t.freetv.fun/live/zhong-qing-wei-shi-19.m3u8
[SD]重庆卫视,https://t.freetv.fun/live/zhong-qing-wei-shi-20.m3u8
[SD]重庆卫视,https://t.freetv.fun/live/zhong-qing-wei-shi-22.m3u8
[BD]重庆卫视,https://t.freetv.fun/live/zhong-qing-wei-shi-23.m3u8
[VGA]重庆卫视,https://t.freetv.fun/live/zhong-qing-wei-shi-24.m3u8
[BD]金川新闻综合,rtmp://139.203.180.9/live/zhxw
[SD]金鹰卡通,https://t.freetv.fun/live/jin-ying-qia-tong.m3u8
[SD]金鹰卡通,https://t.freetv.fun/live/jin-ying-qia-tong-1.m3u8
[VGA]金鹰卡通,https://t.freetv.fun/live/jin-ying-qia-tong-2.m3u8
[SD]金鹰卡通,https://t.freetv.fun/live/jin-ying-qia-tong-4.m3u8
[SD]金鹰卡通,https://t.freetv.fun/live/jin-ying-qia-tong-5.m3u8
[BD]金鹰卡通,https://t.freetv.fun/live/jin-ying-qia-tong-3.m3u8
[SD]金鹰卡通,https://t.freetv.fun/live/jin-ying-qia-tong-6.m3u8
[SD]金鹰卡通,https://t.freetv.fun/live/jin-ying-qia-tong-8.m3u8
[VGA]金鹰纪实,https://t.freetv.fun/live/jin-ying-ji-shi-1.m3u8
[BD]金鹰纪实,https://t.freetv.fun/live/jin-ying-ji-shi-2.m3u8
[BD]金鹰纪实,https://t.freetv.fun/live/jin-ying-ji-shi-3.m3u8
[BD]金鹰纪实,https://t.freetv.fun/live/jin-ying-ji-shi-4.m3u8
[BD]金鹰纪实,https://t.freetv.fun/live/jin-ying-ji-shi-5.m3u8
[BD]金鹰纪实,https://t.freetv.fun/live/jin-ying-ji-shi-6.m3u8
[BD]金鹰纪实,https://t.freetv.fun/live/jin-ying-ji-shi-7.m3u8
[BD]镇江新闻,rtmp://zjtv-wshls.homecdn.com/live/2aa16
[SD]江夏新闻综合,https://t.freetv.fun/live/jiang-xia-xin-wen-zong-he-1.m3u8
[VGA]江夏新闻综合,https://t.freetv.fun/live/jiang-xia-xin-wen-zong-he-1.m3u8
[BD]江津新闻综合,https://t.freetv.fun/live/jiang-jin-xin-wen-zong-he-1-1.m3u8
[BD]镇江新闻综合,https://t.freetv.fun/live/zhen-jiang-xin-wen-zong-he.m3u8
[BD]镇江新闻综合,https://t.freetv.fun/live/zhen-jiang-xin-wen-zong-he-2.m3u8
[VGA]镇江新闻综合,https://t.freetv.fun/live/zhen-jiang-xin-wen-zong-he-3.m3u8
[BD]江津新闻综合,https://t.freetv.fun/live/jiang-jin-xin-wen-zong-he-1-1.m3u8
[VGA]江津新闻综合,https://t.freetv.fun/live/jiang-jin-xin-wen-zong-he-2.m3u8
[BD]镇江新闻综合,https://t.freetv.fun/live/zhen-jiang-xin-wen-zong-he-4.m3u8
[BD]镇江新闻综合,https://t.freetv.fun/live/zhen-jiang-xin-wen-zong-he-5.m3u8
[BD]镇江新闻综合,https://t.freetv.fun/live/zhen-jiang-xin-wen-zong-he-7.m3u8
[SD]长春双阳综合,https://t.freetv.fun/live/chang-chun-shuang-yang-zong-he.m3u8
[HD]陕西新闻资讯,https://t.freetv.fun/live/shan-xi-xin-wen-zi-xun-1.m3u8
[BD]陕西卫视,https://t.freetv.fun/live/shan-xi-wei-shi.m3u8
[BD]陕西卫视,https://t.freetv.fun/live/shan-xi-wei-shi-6.m3u8
[HD]陕西卫视,https://t.freetv.fun/live/shan-xi-wei-shi-8.m3u8
[BD]陕西卫视,https://t.freetv.fun/live/shan-xi-wei-shi-1-1.m3u8
[BD]陕西卫视,https://t.freetv.fun/live/shan-xi-wei-shi-2.m3u8
[HD]陕西卫视,https://t.freetv.fun/live/shan-xi-wei-shi-9-1.m3u8
[BD]陕西卫视,https://t.freetv.fun/live/shan-xi-wei-shi-17.m3u8
[BD]陕西卫视,https://t.freetv.fun/live/shan-xi-wei-shi-3-1.m3u8
[BD]陕西卫视,https://t.freetv.fun/live/shan-xi-wei-shi-4.m3u8
[BD]陕西卫视,https://t.freetv.fun/live/shan-xi-wei-shi-11-1.m3u8
[BD]陕西卫视,https://t.freetv.fun/live/shan-xi-wei-shi-12-1.m3u8
[BD]陕西卫视,https://t.freetv.fun/live/shan-xi-wei-shi-13-1.m3u8
[BD]陕西卫视,https://t.freetv.fun/live/shan-xi-wei-shi-14-1.m3u8
[BD]陕西卫视,https://t.freetv.fun/live/shan-xi-wei-shi-15.m3u8
[BD]陕西卫视,https://t.freetv.fun/live/shan-xi-wei-shi-16.m3u8
[BD]陕西卫视,https://t.freetv.fun/live/shan-xi-wei-shi-18.m3u8
[BD]陕西卫视,https://t.freetv.fun/live/shan-xi-wei-shi-21.m3u8
[SD]陕西都市青春,https://t.freetv.fun/live/shan-xi-du-shi-qing-chun.m3u8
[HD]陕西都市青春,https://t.freetv.fun/live/shan-xi-du-shi-qing-chun-2.m3u8
[HD]陕西体育休闲,https://t.freetv.fun/live/shan-xi-ti-yu-xiu-xian.m3u8
[HD]陕西体育休闲,https://t.freetv.fun/live/shan-xi-ti-yu-xiu-xian-1.m3u8
[HD]云南影视,rtmp://hwzbout.yntv.net/62hdvf/utrat7
[BD]云南卫视,https://t.freetv.fun/live/yun-nan-wei-shi-2.m3u8
[BD]云南卫视,https://t.freetv.fun/live/yun-nan-wei-shi-9.m3u8
[BD]云南卫视,https://t.freetv.fun/live/yun-nan-wei-shi-4.m3u8
[SD]云南卫视,https://t.freetv.fun/live/yun-nan-wei-shi-11.m3u8
[BD]云南卫视,https://t.freetv.fun/live/yun-nan-wei-shi-21.m3u8
[BD]云南卫视,https://t.freetv.fun/live/yun-nan-wei-shi-13.m3u8
[BD]云南卫视,https://t.freetv.fun/live/yun-nan-wei-shi.m3u8
[BD]云南卫视,https://t.freetv.fun/live/yun-nan-wei-shi-5.m3u8
[BD]云南卫视,https://t.freetv.fun/live/yun-nan-wei-shi-7.m3u8
[BD]云南卫视,https://t.freetv.fun/live/yun-nan-wei-shi-8.m3u8
[SD]云南卫视,https://t.freetv.fun/live/yun-nan-wei-shi-12.m3u8
[SD]云南卫视,https://t.freetv.fun/live/yun-nan-wei-shi-14.m3u8
[BD]云南卫视,https://t.freetv.fun/live/yun-nan-wei-shi-15.m3u8
[BD]云南卫视,https://t.freetv.fun/live/yun-nan-wei-shi-16.m3u8
[BD]云南卫视,https://t.freetv.fun/live/yun-nan-wei-shi-17.m3u8
[SD]云南卫视,https://t.freetv.fun/live/yun-nan-wei-shi-18.m3u8
[BD]云南卫视,https://t.freetv.fun/live/yun-nan-wei-shi-19.m3u8
[BD]云南卫视,https://t.freetv.fun/live/yun-nan-wei-shi-23.m3u8
[SD]云南卫视,https://t.freetv.fun/live/yun-nan-wei-shi-24.m3u8
[SD]云南卫视,https://t.freetv.fun/live/yun-nan-wei-shi-26.m3u8
[SD]云南卫视,https://t.freetv.fun/live/yun-nan-wei-shi-27.m3u8
[BD]云南卫视,https://t.freetv.fun/live/yun-nan-wei-shi-28.m3u8
[SD]云南卫视-,https://t.freetv.fun/live/yun-nan-wei-shi-1.m3u8
[HD]云南都市,https://t.freetv.fun/live/yun-nan-du-shi.m3u8
[VGA]云南都市,https://t.freetv.fun/live/yun-nan-du-shi-1.m3u8
[BD]电影,https://t.freetv.fun/live/dian-ying-2.flv
[VGA]电影,https://t.freetv.fun/live/dian-ying-4.flv
[SD]电影,https://t.freetv.fun/live/dian-ying-6.flv
[BD]靖天戲劇,https://t.freetv.fun/live/jing-tian-xi-ju-1.php
[BD]靖天戲劇,https://t.freetv.fun/live/jing-tian-xi-ju-2.m3u8
[BD]靖天映畫,https://t.freetv.fun/live/jing-tian-ying-hua-1.php
[BD]靖天映畫,https://t.freetv.fun/live/jing-tian-ying-hua-2.m3u8
[BD]靖天映畫,https://t.freetv.fun/live/jing-tian-ying-hua-3.m3u8
[BD]靖天電影,https://t.freetv.fun/live/jing-tian-dian-ying.php
[BD]靖天電影,https://t.freetv.fun/live/jing-tian-dian-ying-1.m3u8
[BD]靖天電影,https://t.freetv.fun/live/jing-tian-dian-ying-2.m3u8
[HD]非凡新闻,rtmp://f13h.mine.nu/sat/tv581
[BD]韶关综合,https://t.freetv.fun/live/shao-guan-zong-he.m3u8
[VGA]韶关综合,https://t.freetv.fun/live/shao-guan-zong-he-1.m3u8
[SD]凤凰卫视 *$,https://t.freetv.fun/live/feng-huang-wei-shi.m3u8
[BD]凤凰卫视中文,https://t.freetv.fun/live/feng-huang-wei-shi-zhong-wen.m3u8
[BD]凤凰卫视中文,https://t.freetv.fun/live/feng-huang-wei-shi-zhong-wen-1.m3u8
[SD]凤凰中文 *$,https://t.freetv.fun/live/feng-huang-zhong-wen.m3u8
[BD]凤凰卫视资讯,https://t.freetv.fun/live/feng-huang-wei-shi-zi-xun.m3u8
[BD]凤凰卫视资讯,https://t.freetv.fun/live/feng-huang-wei-shi-zi-xun-1.m3u8
[BD]凤凰电影,https://t.freetv.fun/live/feng-huang-dian-ying.m3u8
[SD]凤凰电影 *$,https://t.freetv.fun/live/feng-huang-dian-ying-1.m3u8
[HD]盐城新闻综合,https://t.freetv.fun/live/yan-cheng-xin-wen-zong-he-1.m3u8
[BD]丽水新闻综合,https://t.freetv.fun/live/li-shui-xin-wen-zong-he.m3u8
[HD]溧水新闻综合,https://t.freetv.fun/live/li-shui-xin-wen-zong-he-3.m3u8
[BD]黑龙江卫视,https://t.freetv.fun/live/hei-long-jiang-wei-shi-2.m3u8
[BD]黑龙江卫视,https://t.freetv.fun/live/hei-long-jiang-wei-shi-9.m3u8
[BD]黑龙江卫视,https://t.freetv.fun/live/hei-long-jiang-wei-shi-4.m3u8
[BD]黑龙江卫视,https://t.freetv.fun/live/hei-long-jiang-wei-shi-6.m3u8
[BD]黑龙江卫视,https://t.freetv.fun/live/hei-long-jiang-wei-shi-20.m3u8
[BD]黑龙江卫视,https://t.freetv.fun/live/hei-long-jiang-wei-shi.m3u8
[BD]黑龙江卫视,https://t.freetv.fun/live/hei-long-jiang-wei-shi-5.m3u8
[BD]黑龙江卫视,https://t.freetv.fun/live/hei-long-jiang-wei-shi-16.m3u8
[BD]黑龙江卫视,https://t.freetv.fun/live/hei-long-jiang-wei-shi-17.m3u8
[BD]黑龙江卫视,https://t.freetv.fun/live/hei-long-jiang-wei-shi-18.m3u8
[BD]黑龙江卫视,https://t.freetv.fun/live/hei-long-jiang-wei-shi-1.m3u8
[BD]黑龙江卫视,https://t.freetv.fun/live/hei-long-jiang-wei-shi-8.m3u8
[BD]黑龙江卫视,https://t.freetv.fun/live/hei-long-jiang-wei-shi-10.m3u8
[BD]黑龙江卫视,https://t.freetv.fun/live/hei-long-jiang-wei-shi-13.m3u8
[BD]黑龙江卫视,https://t.freetv.fun/live/hei-long-jiang-wei-shi-14.m3u8
[BD]黑龙江卫视,https://t.freetv.fun/live/hei-long-jiang-wei-shi-15.m3u8
[SD]黑龙江卫视,https://t.freetv.fun/live/hei-long-jiang-wei-shi-19.m3u8
[BD]龍華偶像,https://t.freetv.fun/live/long-hua-ou-xiang-1.php
[BD]龍華偶像,https://t.freetv.fun/live/long-hua-ou-xiang-2.m3u8
[HD]龍華卡通,https://t.freetv.fun/live/long-hua-qia-tong.php
[HD]龍華卡通,https://t.freetv.fun/live/long-hua-qia-tong-1.m3u8
[BD]龍華戲劇,https://t.freetv.fun/live/long-hua-xi-ju.php
[BD]龍華戲劇,https://t.freetv.fun/live/long-hua-xi-ju-1.m3u8
[BD]龍華日韓,https://t.freetv.fun/live/long-hua-ri-han.php
[BD]龍華日韓,https://t.freetv.fun/live/long-hua-ri-han-1.m3u8
[BD]龍華洋片,https://t.freetv.fun/live/long-hua-yang-pian.php
[BD]龍華洋片,https://t.freetv.fun/live/long-hua-yang-pian-1.m3u8
[BD]龍華經典,https://t.freetv.fun/live/long-hua-jing-dian-1.php
[BD]龍華經典,https://t.freetv.fun/live/long-hua-jing-dian-2.m3u8
[BD]龍華電影,https://t.freetv.fun/live/long-hua-dian-ying-1.php
[BD]龍華電影,https://t.freetv.fun/live/long-hua-dian-ying-2.m3u8
ABN_China_(720p),https://mediaserver.abnvideos.com/streams/abnchina.m3u8
Ando_TV_(1080p),http://play.kankanlive.com/live/1711956137852982.m3u8
Angel_TV_Chinese_(720p),https://janya-digimix.akamaized.net/vglive-sk-999451/chinese/ngrp:angelchinese_all/playlist.m3u8
Anshun_Comprehensive_News_Channel,https://hplayer1.juyun.tv/camera/154379194.m3u8
CCTV+_1_(600p)_[Not_24/7],https://cd-live-stream.news.cctvplus.com/live/smil:CHANNEL1.smil/playlist.m3u8
CCTV+_2_(600p)_[Not_24/7],https://cd-live-stream.news.cctvplus.com/live/smil:CHANNEL2.smil/playlist.m3u8
Chifeng_Comprehensive_News_Chanel,http://play1-qk.nmtv.cn/live/1735546697341033.m3u8
Harbin_Comprehensive_News_Channel,https://stream.hrbtv.net/xwzh/playlist.m3u8?_upt=ef41dd531755913594
QTV-1,http://video10.qtv.com.cn/drm/qtv1at/manifest.m3u8
Tonghua_TV_(1080p),http://lsfb.avap.jilintv.cn/zqvk7vpj/channel/43ea5771aa44421591f9dfd2b71f1b9b/index.m3u8
滁州市广播电视台_新闻综合频道_(1080p),http://live.cztv.cc:85/live/xwpd.m3u8
萍乡新闻综合_(576p)_[Not_24/7],http://www.pxitv.com:8099/hls-live/livepkgr/_definst_/pxitvevent/pxtv1stream.m3u8
酒泉新闻综合_(576p),http://117.156.28.119/270000001111/1110000001/index.m3u8
长沙新闻,http://35848.hlsplay.aodianyun.com/guangdianyun_35848/tv_channel_346.m3u8
鹤壁新闻综合_(480p)_[Not_24/7],http://pili-live-hls.hebitv.com/hebi/hebi.m3u8
Bread_TV面包台_(720p),https://video.bread-tv.com:8091/hls-live24/online/index.m3u8
CCTV-8K_(1080p),http://192.151.150.154/live/cctv8k.m3u8
CCTV-Culture_of_Quality_(1080p),http://38.75.136.137:98/gslb/dsdqpub/ysjp.m3u8?auth=testpub
Hunan_TV_(2160p),http://hlsal-ldvt.qing.mgtv.com/nn_live/nn_x64/dWlwPTEyNy4wLjAuMSZ1aWQ9cWluZy1jbXMmbm5fdGltZXpvbmU9OCZjZG5leF9pZD1hbF9obHNfbGR2dCZ1dWlkPTliODY4NmU5ZTM2YzYwMmMmZT02OTE0NjA0JnY9MSZpZD1ITldTWkdTVCZzPTcwN2RiYTc2YzJjNmJmMTQ4MmUyZGYzOWU2NWM3YWFi/HNWSZGST.m3u8
Nei_Monggol_TV_(1080i)_[Not_24/7],http://play1-qk.nmtv.cn/live/1769652018126032.m3u8
Shenzhen_Satellite_TV_(2160p),https://livepull-tcms.sztv.com.cn/live/sz4Kpgm.m3u8
VOA美国之音_(1080p),https://voa-ingest.akamaized.net/hls/live/2033878/tvmc08/playlist.m3u8
Xinjiang_TV_1,https://klmysjtzb.rcsxzx.com/hls/klmy2.m3u8
Xinjiang_TV_2,http://110.153.180.106:55555/out_3/index.m3u8
Xinjiang_TV_3,http://110.153.180.106:55555/out_2/index.m3u8
Xinjiang_TV_8,http://120.70.60.179:9901/tsfile/live/1002_1.m3u8?authid=0&key=txiptv&playlive=1
Xizang_TV_Tibetan_(720p)_[Not_24/7],http://php.jdshipin.com:8880/xztv.php?id=zy
Zhejiang_TV_International,https://ali-m-l.cztv.com/channels/lantian/channel10/1080p.m3u8
兵团卫视_(540p)_[Not_24/7],http://112.25.48.68/live/program/live/btws/1300000/mnf.m3u8
天津卫视_(1080p),http://39.134.115.163:8080/PLTV/88888910/224/3221225698/index.m3u8
家庭影院_(1080p),http://39.134.19.153/dbiptv.sn.chinamobile.com/PLTV/88888888/224/3221226462/index.m3u8
山东生活_(1080p),http://livealone302.iqilu.com/iqilu/shpd.m3u8
山东综艺_(406p),http://livealone302.iqilu.com/iqilu/zypd.m3u8
山东齐鲁_(1080p),http://livealone302.iqilu.com/iqilu/qlpd.m3u8
山西卫视_(2160p),http://118.81.195.79:9003/hls/19/index.m3u8
广东卫视_(2160p),http://118.81.195.79:9003/hls/26/index.m3u8
康巴卫视_(720p)_[Not_24/7],http://scgctvshow.sctv.com/hdlive/kangba/1.m3u8
敦煌电视台_(1080p),http://117.156.28.119/270000001111/1110000028/index.m3u8
江苏卫视_(1080p),http://39.134.24.166/dbiptv.sn.chinamobile.com/PLTV/88888890/224/3221226200/index.m3u8
江西卫视_(1080p),http://39.134.115.163:8080/PLTV/88888910/224/3221225705/index.m3u8
河南卫视_(2160p),http://118.81.195.79:9003/hls/30/index.m3u8
浙江卫视_(1080p),http://39.134.115.163:8080/PLTV/88888910/224/3221225703/index.m3u8
海南卫视_(576p),http://118.81.195.79:9003/hls/28/index.m3u8
湖北卫视_(1080p),http://118.81.195.79:9003/hls/32/index.m3u8
纪实人文_(1080p),http://39.135.138.59:18890/PLTV/88888910/224/3221225655/index.m3u8
西安丝路_(404p)_[Not_24/7],http://stream2.xiancity.cn/xatv5/playlist.m3u8
重庆卫视_(1080p),http://118.81.195.79:9003/hls/22/index.m3u8
青海卫视_(1080p),http://live.geermurmt.com/qhws/sd/live.m3u8
高台电视台_(1080p),http://117.156.28.119/270000001111/1110000146/index.m3u8
BRTV_Kaku_Childrens_Channel,http://223.111.191.105/downflv.brtvcloud.com/kkkkasd/winfr.m3u8
山东少儿_(406p),http://livealone302.iqilu.com/iqilu/sepd.m3u8
BRTV_北京卫视_(1080p),http://go.bkpcp.top/mg/bjws
CCTV-4K_(1080p),http://198.204.240.250:82/live/cctv4k.m3u8
Guangzhou_TV,https://tencentplaybusiness.gztv.com/live/zonghes.m3u8
Hebei_TV_(2160p),https://event.pull.hebtv.com/live/live101.m3u8
Jiangxi_City_Channel,https://play-live-hls.jxtvcn.com.cn/live-city/tv_jxtv2.m3u8
Jiangxi_Public_&_Agriculture_Channel,https://play-live-hls.jxtvcn.com.cn/live-city/tv_jxtv5.m3u8
Liangshan_TV_[Not_24/7],http://118.122.2.29:9999/hls/47/index.m3u8
Nanchang_News_&_Generalist_Channel,https://play-live-hls.jxtvcn.com.cn/live-city/tv_nanchang.m3u8
QTV-4,http://video10.qtv.com.cn/drm/qtv4at/manifest.m3u8
QTV-5,http://video10.qtv.com.cn/drm/qtv5at/manifest.m3u8
Shaanxi_Satelital_TV,http://stream.snrtv.com/sxbc-star-cdxWY0.m3u8
Siping_TV,http://stream2.jlntv.cn/sptv/sd/live.m3u8?_upt=f27750421743154598
STV_City,http://61.173.144.157:9901/tsfile/live/1001_1.m3u8?authid=0&key=txiptv&playlive=1
TV_BRICS_Chinese_(1080p),https://chibrics.mediacdn.ru/cdn/brics/chinese/playlist.m3u8
东方卫视_(2160p),http://118.81.195.79:9003/hls/23/index.m3u8
云南卫视_(1080p),https://hwapi.yunshicloud.com/8xughf/e0bx15.m3u8
吉林卫视_(2160p),http://118.81.195.79:9003/hls/34/index.m3u8
和政电视台,http://117.156.28.119/270000001111/1110000149/index.m3u8
山东卫视_(720p),http://125.210.152.18:9090/live/SDWSHD_H265.m3u8
广西卫视_(576p),http://118.81.195.79:9003/hls/27/index.m3u8
房山电视台_(576p),https://live.funhillrm.com/2/playlist.m3u8
江苏公共_(576p),http://183.207.248.71/gitv/live1/G_JSGG/G_JSGG
江苏城市_(576p),http://183.207.248.71/gitv/live1/G_JSCS/G_JSCS
滁州市广播电视台_公共频道_(400p),http://live.cztv.cc:85/live/ggpd.m3u8
甘肃卫视_(576p),http://118.81.195.79:9003/hls/25/index.m3u8
白城新闻综合,https://stream2.jlntv.cn/baicheng1/sd/live.m3u8
贵州卫视_(576p),http://183.207.248.71/gitv/live1/G_GUIZHOU/G_GUIZHOU
辽宁卫视_(1080p),http://39.134.39.37/PLTV/88888888/224/3221226209/index.m3u8
黑龙江卫视_(2160p),http://118.81.195.79:9003/hls/31/index.m3u8
Jiangxi_Economy_&_Life_Channel,https://play-live-hls.jxtvcn.com.cn/live-city/tv_jxtv3.m3u8
徐州经济生活_(1080p),http://223.110.245.167/ott.js.chinamobile.com/PLTV/3/224/3221225947/index.m3u8
西安商务资讯_(180p)_[Not_24/7],http://stream2.xiancity.cn/xatv3/playlist.m3u8
宁夏卫视_(576p),http://39.134.115.163:8080/PLTV/88888910/224/3221225726/index.m3u8
江苏综艺_(576p)_[Not_24/7],http://183.207.248.71/gitv/live1/G_JSZY/G_JSZY
CCTV-Storm_Theater_(1080p),http://38.75.136.137:98/gslb/dsdqpub/fyjc.m3u8?auth=testpub
CCTV-The_First_Theater_(1080p),http://38.75.136.137:98/gslb/dsdqpub/dyjc.m3u8?auth=testpub
CND_Film_Middle_School_Channel,http://live-play.zxstv.com.cn/zhongxuesheng/zhongxuesheng.m3u8
Harbin_Movie_Channel,https://stream.hrbtv.net/yspd/playlist.m3u8
Home_Plus,https://homeplushls.wns.live/hls/stream.m3u8
Jiangxi_Movie_Channel,https://play-live-hls.jxtvcn.com.cn/live-city/tv_jxtv4.m3u8
Jilin_Movie_Channel,https://lsfb.avap.jilintv.cn/zqvk7vpj/channel/906341e6f19b4c4bacdc89941eb85d12/index.m3u8
QTV-3,http://video10.qtv.com.cn/drm/qtv3at/manifest.m3u8
动作电影_(1080p),http://39.134.19.68/dbiptv.sn.chinamobile.com/PLTV/88888888/224/3221226465/index.m3u8
江苏影视_(576p),http://223.110.243.134/PLTV/4/224/3221225937/index.m3u8
CCTV-World_Geography_(1080p),http://38.75.136.137:98/gslb/dsdqpub/sjdl.m3u8?auth=testpub
江苏教育_(576p),http://223.110.245.151/ott.js.chinamobile.com/PLTV/3/224/3221225923/index.m3u8
Nei_Monggol_TV_2_Mongolian_Culture_Channel,http://1.24.190.98:10080/hls/40/index.m3u8
CCTV-Weapon_&_Technology_(1080p),http://38.75.136.137:98/gslb/dsdqpub/gfjs.m3u8?auth=testpub
发现之旅_(576p),http://125.210.152.18:9090/live/FXZL_750.m3u8
CCTV-Storm_Music_(1080p),http://38.75.136.137:98/gslb/dsdqpub/fyyy.m3u8?auth=testpub
CCTV-Health_(1080p),http://38.75.136.137:98/gslb/dsdqpub/wsjk.m3u8?auth=testpub
CCTV-Women's_Fashion_(1080p),http://38.75.136.137:98/gslb/dsdqpub/nxss.m3u8?auth=testpub
Jilin_City_Channel,https://lsfb.avap.jilintv.cn/zqvk7vpj/channel/7e8474e6daea44ccaa5aa2300191439e/index.m3u8
Jilin_Lifestyle_Channel,https://lsfb.avap.jilintv.cn/zqvk7vpj/channel/0a76740c72b74fabae611845aa21e06a/index.m3u8
QTV-2,http://video10.qtv.com.cn/drm/qtv2at/manifest.m3u8
长沙女性,http://35848.hlsplay.aodianyun.com/guangdianyun_35848/tv_channel_349.m3u8
CCTV-Billiards_(1080p),http://38.75.136.137:98/gslb/dsdqpub/ystq.m3u8?auth=testpub
CCTV-Golf_&_Tennis_(1080p),http://38.75.136.137:98/gslb/dsdqpub/gefwq.m3u8?auth=testpub
CCTV-Storm_Football_(1080p),http://38.75.136.137:98/gslb/dsdqpub/fyzq.m3u8?auth=testpub
山东体育_(1080p),http://livealone302.iqilu.com/iqilu/typd.m3u8
江苏体育_(576p),http://183.207.248.71/gitv/live1/G_JSTY/G_JSTY
CCTV-Nostalgia_Theater_(1080p),http://38.75.136.137:98/gslb/dsdqpub/hjjc.m3u8?auth=testpub
Jiangxi_Children's_Channel,https://play-live-hls.jxtvcn.com.cn/live-city/tv_jxtv6.m3u8
优漫卡通_(576p),http://183.207.249.15/PLTV/4/224/3221225933/index.m3u8
金鹰卡通_(576p),http://223.110.245.145/ott.js.chinamobile.com/PLTV/3/224/3221226303/index.m3u8
Jilin_Rural_Channel,https://lsfb.avap.jilintv.cn/zqvk7vpj/channel/3ffc4824dce54b92be185555923ce382/index.m3u8
QTV-6,http://video10.qtv.com.cn/drm/qtv6at/manifest.m3u8
Shanghai_Education_Television_Station,http://223.166.234.114:7777/tsfile/live/1033_1.m3u8
STV_News_and_General,http://61.173.144.157:9901/tsfile/live/1000_1.m3u8?authid=0&key=txiptv&playlive=1
中国气象_(576p)_[Not_24/7],http://hls.weathertv.cn/tslslive/qCFIfHB/hls/live_sd.m3u8
四川妇女儿童_(720p)_[Not_24/7],http://scgctvshow.sctv.com/hdlive/sctv7/index.m3u8
山东农科_(406p),http://livealone302.iqilu.com/iqilu/nkpd.m3u8
滁州科教_(450p),http://183.167.193.45:1935/live/cztvkj/playlist.m3u8
长沙政法,http://35848.hlsplay.aodianyun.com/guangdianyun_35848/tv_channel_348.m3u8
风尚购物_(1080p),http://183.207.248.71/cntv/live1/fengshanggw/fengshanggw
CCTV文化,http://120.196.235.42:9901//tsfile/live/1099_1.m3u8?key=txiptv&playlive=1&authid=0
CCTV女性时尚,http://202.96.141.110:56903//tsfile/live/1037_1.m3u8?key=txiptv&playlive=1&authid=0
CCTV台球,http://202.96.141.110:56903//tsfile/live/1033_1.m3u8?key=txiptv&playlive=1&authid=0
CCTV台球,http://115.150.63.77:9902//tsfile/live/1027_1.m3u8?key=txiptv&playlive=1&authid=0
兵团卫视,http://112.123.243.37:50085//tsfile/live/0112_1.m3u8?key=txiptv&playlive=0&authid=0
兵团卫视,http://120.196.235.42:9901//tsfile/live/1087_1.m3u8?key=txiptv&playlive=1&authid=0
兵团卫视,http://202.96.141.110:56903//tsfile/live/0115_1.m3u8?key=txiptv&playlive=1&authid=0
凤凰卫视,http://120.196.235.42:9901//tsfile/live/1036_1.m3u8?key=txiptv&playlive=1&authid=0
凤凰卫视,http://202.96.141.110:56903//tsfile/live/0108_1.m3u8?key=txiptv&playlive=1&authid=0
南方卫视,http://202.96.141.110:56903//tsfile/live/1000_1.m3u8?key=txiptv&playlive=1&authid=0
厦门卫视,http://110.83.236.70:59901//tsfile/live/0129_1.m3u8?key=txiptv&playlive=1&authid=0
厦门卫视,http://42.225.146.109:11199//tsfile/live/0129_1.m3u8?key=txiptv&playlive=1&authid=0
厦门卫视,http://202.96.141.110:56903//tsfile/live/0129_1.m3u8?key=txiptv&playlive=1&authid=0
厦门卫视,http://112.123.243.37:50085//tsfile/live/0136_1.m3u8?key=txiptv&playlive=0&authid=0
厦门卫视,http://115.48.60.167:59901//tsfile/live/0129_1.m3u8?key=txiptv&playlive=1&authid=0
厦门卫视,http://115.48.60.168:59901//tsfile/live/0129_1.m3u8?key=txiptv&playlive=1&authid=0
少儿卫视,http://120.196.235.42:9901//tsfile/live/1038_1.m3u8?key=txiptv&playlive=1&authid=0
山东教育卫视,http://202.96.141.110:56903//tsfile/live/1017_1.m3u8?key=txiptv&playlive=1&authid=0
旅游卫视,http://112.123.243.37:50085//tsfile/live/0138_1.m3u8?key=txiptv&playlive=0&authid=0
旅游卫视,http://123.129.70.178:9901//tsfile/live/0114_1.m3u8?key=txiptv&playlive=1&authid=0
河南卫视清,http://202.96.141.110:56903//tsfile/live/0139_1.m3u8?key=txiptv&playlive=1&authid=0
海峡卫视,http://218.104.239.114:9901//tsfile/live/0150_1.m3u8?key=txiptv&playlive=1&authid=0
海峡卫视,http://110.83.236.70:59901//tsfile/live/0150_1.m3u8?key=txiptv&playlive=1&authid=0
综合卫视,http://120.196.235.42:9901//tsfile/live/1085_1.m3u8?key=txiptv&playlive=1&authid=0
CGTN,http://110.83.236.70:59901//tsfile/live/1002_1.m3u8?key=txiptv&playlive=1&authid=0
CHC电影,http://115.150.63.77:9902//tsfile/live/1031_1.m3u8?key=txiptv&playlive=1&authid=0
IPTV3,http://115.48.60.167:59901//tsfile/live/0112_1.m3u8?key=txiptv&playlive=1&authid=0
IPTV3,http://115.48.60.168:59901//tsfile/live/0112_1.m3u8?key=txiptv&playlive=1&authid=0
IPTV5,http://115.48.60.168:59901//tsfile/live/0110_1.m3u8?key=txiptv&playlive=1&authid=0
IPTV5,http://115.48.60.167:59901//tsfile/live/0110_1.m3u8?key=txiptv&playlive=1&authid=0
IPTV6,http://115.48.60.167:59901//tsfile/live/0140_1.m3u8?key=txiptv&playlive=1&authid=0
IPTV6,http://115.48.60.168:59901//tsfile/live/0140_1.m3u8?key=txiptv&playlive=1&authid=0
IPTV8,http://115.48.60.168:59901//tsfile/live/0141_1.m3u8?key=txiptv&playlive=1&authid=0
IPTV少儿动画,http://202.96.141.110:56903//tsfile/live/1044_1.m3u8?key=txiptv&playlive=1&authid=0
IPTV热播剧场,http://113.65.162.224:9901//tsfile/live/1008_1.m3u8?key=txiptv&playlive=1&authid=0
IPTV热播剧场,http://113.65.162.220:9901//tsfile/live/1008_1.m3u8?key=txiptv&playlive=1&authid=0
IPTV热播剧场,http://113.65.162.149:9901//tsfile/live/1008_1.m3u8?key=txiptv&playlive=1&authid=0
IPTV热播剧场,http://113.65.162.30:9901//tsfile/live/1008_1.m3u8?key=txiptv&playlive=1&authid=0
IPTV热播剧场,http://113.65.162.58:9901//tsfile/live/1008_1.m3u8?key=txiptv&playlive=1&authid=0
IPTV热播剧场,http://219.137.203.102:9901//tsfile/live/1008_1.m3u8?key=txiptv&playlive=1&authid=0
IPTV热播剧场,http://219.137.203.226:9901//tsfile/live/1008_1.m3u8?key=txiptv&playlive=1&authid=0
IPTV热播剧场,http://202.96.141.110:56903//tsfile/live/1024_1.m3u8?key=txiptv&playlive=1&authid=0
IPTV经典电影,http://123.129.70.178:9901//tsfile/live/1004_1.m3u8?key=txiptv&playlive=1&authid=0
IPTV经典电影,http://202.96.141.110:56903//tsfile/live/1016_1.m3u8?key=txiptv&playlive=1&authid=0
IPTV谍战剧场,http://202.96.141.110:56903//tsfile/live/1013_1.m3u8?key=txiptv&playlive=1&authid=0
JXTV2,http://115.150.63.77:9902//tsfile/live/1032_1.m3u8?key=txiptv&playlive=1&authid=0
JXTV3,http://115.150.63.77:9902//tsfile/live/1033_1.m3u8?key=txiptv&playlive=1&authid=0
JXTV4,http://115.150.63.77:9902//tsfile/live/1039_1.m3u8?key=txiptv&playlive=1&authid=0
JXTV5,http://115.150.63.77:9902//tsfile/live/1034_1.m3u8?key=txiptv&playlive=1&authid=0
上海纪实,http://120.196.235.42:9901//tsfile/live/1067_1.m3u8?key=txiptv&playlive=1&authid=0
世界地理,http://120.196.235.42:9901//tsfile/live/1095_1.m3u8?key=txiptv&playlive=1&authid=0
中国交通,http://106.115.26.12:19901//tsfile/live/1037_1.m3u8?key=txiptv&playlive=1&authid=0
中国交通,http://106.115.25.174:19901//tsfile/live/1037_1.m3u8?key=txiptv&playlive=1&authid=0
中国交通,http://106.115.25.177:19901//tsfile/live/1037_1.m3u8?key=txiptv&playlive=1&authid=0
中国交通,http://106.115.25.80:19901//tsfile/live/1037_1.m3u8?key=txiptv&playlive=1&authid=0
中国教育,http://115.150.63.77:9902//tsfile/live/1042_1.m3u8?key=txiptv&playlive=1&authid=0
云浮综合,http://120.196.235.42:9901//tsfile/live/1015_1.m3u8?key=txiptv&playlive=1&authid=0
五华,http://120.196.235.42:9901//tsfile/live/1000_1.m3u8?key=txiptv&playlive=1&authid=0
优漫卡通,http://1.198.67.160:9901//tsfile/live/1019_1.m3u8?key=txiptv&playlive=1&authid=0
全纪实,http://115.150.63.77:9902//tsfile/live/0001_44.m3u8?key=txiptv&playlive=1&authid=0
公共,http://1.198.67.160:9901//tsfile/live/1025_1.m3u8?key=txiptv&playlive=1&authid=0
兵器科技,http://115.150.63.77:9902//tsfile/live/1029_1.m3u8?key=txiptv&playlive=1&authid=0
内蒙古,http://120.196.235.42:9901//tsfile/live/1079_1.m3u8?key=txiptv&playlive=1&authid=0
凤凰中文,http://218.104.239.114:9901//tsfile/live/1013_1.m3u8?key=txiptv&playlive=1&authid=0
凤凰资讯,http://218.104.239.114:9901//tsfile/live/1012_1.m3u8?key=txiptv&playlive=1&authid=0
动作电影,http://202.96.141.110:56903//tsfile/live/1055_1.m3u8?key=txiptv&playlive=1&authid=0
北京冬奥纪实,http://115.150.63.77:9902//tsfile/live/0001_40.m3u8?key=txiptv&playlive=1&authid=0
北京卡通,http://221.13.232.184:9901//tsfile/live/1013_1.m3u8?key=txiptv&playlive=1&authid=0
北京卡通,http://221.13.232.87:9901//tsfile/live/1013_1.m3u8?key=txiptv&playlive=1&authid=0
北京卡通,http://115.48.60.167:59901//tsfile/live/1020_1.m3u8?key=txiptv&playlive=1&authid=0
北京卡通,http://115.48.60.168:59901//tsfile/live/1020_1.m3u8?key=txiptv&playlive=1&authid=0
南方一,http://120.196.235.42:9901//tsfile/live/1016_1.m3u8?key=txiptv&playlive=1&authid=0
南方二,http://120.196.235.42:9901//tsfile/live/1017_1.m3u8?key=txiptv&playlive=1&authid=0
南方五,http://120.196.235.42:9901//tsfile/live/1019_1.m3u8?key=txiptv&playlive=1&authid=0
南方四,http://120.196.235.42:9901//tsfile/live/1018_1.m3u8?key=txiptv&playlive=1&authid=0
南方购物,http://120.196.235.42:9901//tsfile/live/1106_1.m3u8?key=txiptv&playlive=1&authid=0
卡酷动画,http://106.115.25.148:19901//tsfile/live/1030_1.m3u8?key=txiptv&playlive=1&authid=0
卡酷动画,http://106.115.26.179:19901//tsfile/live/1030_1.m3u8?key=txiptv&playlive=1&authid=0
卡酷动画,http://106.115.25.177:19901//tsfile/live/1030_1.m3u8?key=txiptv&playlive=1&authid=0
卡酷动画,http://106.115.26.82:19901//tsfile/live/1030_1.m3u8?key=txiptv&playlive=1&authid=0
卡酷动画,http://42.225.146.109:11199//tsfile/live/1002_1.m3u8?key=txiptv&playlive=1&authid=0
卡酷动画,http://106.115.25.216:9901//tsfile/live/1030_1.m3u8?key=txiptv&playlive=1&authid=0
卡酷动画,http://202.96.141.110:56903//tsfile/live/1005_1.m3u8?key=txiptv&playlive=1&authid=0
厦门综合,http://218.104.239.114:9901//tsfile/live/1014_1.m3u8?key=txiptv&playlive=1&authid=0
哈哈炫动,http://202.96.141.110:56903//tsfile/live/1015_1.m3u8?key=txiptv&playlive=1&authid=0
嘉佳卡通,http://219.137.203.226:9901//tsfile/live/1005_1.m3u8?key=txiptv&playlive=1&authid=0
嘉佳卡通,http://113.65.162.224:9901//tsfile/live/1005_1.m3u8?key=txiptv&playlive=1&authid=0
嘉佳卡通,http://113.65.162.220:9901//tsfile/live/1005_1.m3u8?key=txiptv&playlive=1&authid=0
嘉佳卡通,http://113.65.162.149:9901//tsfile/live/1005_1.m3u8?key=txiptv&playlive=1&authid=0
嘉佳卡通,http://113.65.162.30:9901//tsfile/live/1005_1.m3u8?key=txiptv&playlive=1&authid=0
嘉佳卡通,http://113.65.162.58:9901//tsfile/live/1005_1.m3u8?key=txiptv&playlive=1&authid=0
嘉佳卡通,http://120.196.235.42:9901//tsfile/live/1041_1.m3u8?key=txiptv&playlive=1&authid=0
嘉佳卡通,http://1.198.67.160:9901//tsfile/live/1023_1.m3u8?key=txiptv&playlive=1&authid=0
嘉佳卡通,http://219.137.203.102:9901//tsfile/live/1005_1.m3u8?key=txiptv&playlive=1&authid=0
嘉佳卡通,http://115.48.60.168:59901//tsfile/live/1021_1.m3u8?key=txiptv&playlive=1&authid=0
嘉佳卡通,http://115.48.60.167:59901//tsfile/live/1021_1.m3u8?key=txiptv&playlive=1&authid=0
嘉佳卡通,http://202.96.141.110:56903//tsfile/live/1008_1.m3u8?key=txiptv&playlive=1&authid=0
国学,http://202.96.141.110:56903//tsfile/live/1046_1.m3u8?key=txiptv&playlive=1&authid=0
安徽经视,http://112.123.243.37:50085//tsfile/live/1003_1.m3u8?key=txiptv&playlive=0&authid=0
安阳新闻综合,http://115.48.60.167:59901//tsfile/live/1014_1.m3u8?key=txiptv&playlive=1&authid=0
安阳新闻综合,http://221.13.232.87:9901//tsfile/live/1014_1.m3u8?key=txiptv&playlive=1&authid=0
安阳新闻综合,http://115.48.60.168:59901//tsfile/live/1014_1.m3u8?key=txiptv&playlive=1&authid=0
安阳新闻综合,http://221.13.232.184:9901//tsfile/live/1014_1.m3u8?key=txiptv&playlive=1&authid=0
安阳科教,http://115.48.60.168:59901//tsfile/live/1017_1.m3u8?key=txiptv&playlive=1&authid=0
安阳科教,http://115.48.60.167:59901//tsfile/live/1017_1.m3u8?key=txiptv&playlive=1&authid=0
家庭影院,http://202.96.141.110:56903//tsfile/live/1048_1.m3u8?key=txiptv&playlive=1&authid=0
家庭购物,http://202.96.141.110:56903//tsfile/live/1051_1.m3u8?key=txiptv&playlive=1&authid=0
少儿动画,http://120.196.235.42:9901//tsfile/live/1042_1.m3u8?key=txiptv&playlive=1&authid=0
山东少儿,http://123.129.70.178:9901//tsfile/live/1009_1.m3u8?key=txiptv&playlive=1&authid=0
山东新闻,http://123.129.70.178:9901//tsfile/live/1005_1.m3u8?key=txiptv&playlive=1&authid=0
山歌台,http://120.196.235.42:9901//tsfile/live/1004_1.m3u8?key=txiptv&playlive=1&authid=0
岭南戏曲,http://202.96.141.110:56903//tsfile/live/1009_1.m3u8?key=txiptv&playlive=1&authid=0
乡村振兴公共,http://218.104.239.114:9901//tsfile/live/1015_1.m3u8?key=txiptv&playlive=1&authid=0
广东公共,http://219.137.203.102:9901//tsfile/live/1002_1.m3u8?key=txiptv&playlive=1&authid=0
广东公共,http://219.137.203.226:9901//tsfile/live/1002_1.m3u8?key=txiptv&playlive=1&authid=0
广东公共,http://113.65.162.149:9901//tsfile/live/1002_1.m3u8?key=txiptv&playlive=1&authid=0
广东公共,http://113.65.162.30:9901//tsfile/live/1002_1.m3u8?key=txiptv&playlive=1&authid=0
广东公共,http://113.65.162.224:9901//tsfile/live/1002_1.m3u8?key=txiptv&playlive=1&authid=0
广东公共,http://113.65.162.220:9901//tsfile/live/1002_1.m3u8?key=txiptv&playlive=1&authid=0
广东公共,http://120.196.235.42:9901//tsfile/live/1013_1.m3u8?key=txiptv&playlive=1&authid=0
广东公共,http://113.65.162.58:9901//tsfile/live/1002_1.m3u8?key=txiptv&playlive=1&authid=0
广东公共,http://202.96.141.110:56903//tsfile/live/1003_1.m3u8?key=txiptv&playlive=1&authid=0
广东南方购物,http://202.96.141.110:56903//tsfile/live/1032_1.m3u8?key=txiptv&playlive=1&authid=0
广东少儿,http://113.65.162.224:9901//tsfile/live/1004_1.m3u8?key=txiptv&playlive=1&authid=0
广东少儿,http://113.65.162.220:9901//tsfile/live/1004_1.m3u8?key=txiptv&playlive=1&authid=0
广东少儿,http://219.137.203.226:9901//tsfile/live/1004_1.m3u8?key=txiptv&playlive=1&authid=0
广东少儿,http://219.137.203.102:9901//tsfile/live/1004_1.m3u8?key=txiptv&playlive=1&authid=0
广东少儿,http://113.65.162.58:9901//tsfile/live/1004_1.m3u8?key=txiptv&playlive=1&authid=0
广东少儿,http://113.65.162.30:9901//tsfile/live/1004_1.m3u8?key=txiptv&playlive=1&authid=0
广东少儿,http://113.65.162.149:9901//tsfile/live/1004_1.m3u8?key=txiptv&playlive=1&authid=0
广东少儿,http://202.96.141.110:56903//tsfile/live/1006_1.m3u8?key=txiptv&playlive=1&authid=0
广东影视,http://202.96.141.110:56903//tsfile/live/1007_1.m3u8?key=txiptv&playlive=1&authid=0
广东移动,http://120.196.235.42:9901//tsfile/live/1105_1.m3u8?key=txiptv&playlive=1&authid=0
广东经济科教,http://202.96.141.110:56903//tsfile/live/1023_1.m3u8?key=txiptv&playlive=1&authid=0
广平电视台,http://106.115.26.179:19901//tsfile/live/1035_1.m3u8?key=txiptv&playlive=1&authid=0
广平电视台,http://106.115.26.82:19901//tsfile/live/1035_1.m3u8?key=txiptv&playlive=1&authid=0
广平电视台,http://106.115.25.216:19901//tsfile/live/1035_1.m3u8?key=txiptv&playlive=1&authid=0
广平电视台,http://106.115.25.80:19901//tsfile/live/1035_1.m3u8?key=txiptv&playlive=1&authid=0
广平电视台,http://106.115.25.174:19901//tsfile/live/1035_1.m3u8?key=txiptv&playlive=1&authid=0
广平电视台,http://106.115.25.177:19901//tsfile/live/1035_1.m3u8?key=txiptv&playlive=1&authid=0
广平电视台,http://106.115.25.148:19901//tsfile/live/1035_1.m3u8?key=txiptv&playlive=1&authid=0
快乐垂钓,http://115.150.63.77:9902//tsfile/live/0001_42.m3u8?key=txiptv&playlive=1&authid=0
怀旧剧场,http://115.150.63.77:9902//tsfile/live/0001_49.m3u8?key=txiptv&playlive=1&authid=0
怀旧剧场,http://120.196.235.42:9901//tsfile/live/1098_1.m3u8?key=txiptv&playlive=1&authid=0
怀旧剧场,http://202.96.141.110:56903//tsfile/live/1020_1.m3u8?key=txiptv&playlive=1&authid=0
惠州1,http://120.196.235.42:9901//tsfile/live/1103_1.m3u8?key=txiptv&playlive=1&authid=0
房产,http://120.196.235.42:9901//tsfile/live/1107_1.m3u8?key=txiptv&playlive=1&authid=0
抚州综合,http://115.150.63.77:9902//tsfile/live/1044_1.m3u8?key=txiptv&playlive=1&authid=0
揭西电视台,http://202.96.141.110:56903//tsfile/live/1064_1.m3u8?key=txiptv&playlive=1&authid=0
揭阳公共,http://202.96.141.110:56903//tsfile/live/1066_1.m3u8?key=txiptv&playlive=1&authid=0
揭阳综合,http://120.196.235.42:9901//tsfile/live/1044_1.m3u8?key=txiptv&playlive=1&authid=0
揭阳综合,http://202.96.141.110:56903//tsfile/live/1050_1.m3u8?key=txiptv&playlive=1&authid=0
收视指南,http://42.225.146.109:11199//tsfile/live/1015_1.m3u8?key=txiptv&playlive=1&authid=0
收视指南,http://120.196.235.42:9901//tsfile/live/1091_1.m3u8?key=txiptv&playlive=1&authid=0
新动漫,http://202.96.141.110:56903//tsfile/live/1029_1.m3u8?key=txiptv&playlive=1&authid=0
明珠台,http://202.96.141.110:56903//tsfile/live/1062_1.m3u8?key=txiptv&playlive=1&authid=0
星河台,http://202.96.141.110:56903//tsfile/live/1012_1.m3u8?key=txiptv&playlive=1&authid=0
本港台,http://120.196.235.42:9901//tsfile/live/1072_1.m3u8?key=txiptv&playlive=1&authid=0
杭州影视,http://101.66.194.33:9901//tsfile/live/1011_1.m3u8?key=txiptv&playlive=0&authid=0
杭州影视,http://101.66.194.129:9901//tsfile/live/1011_1.m3u8?key=txiptv&playlive=0&authid=0
杭州影视,http://101.66.194.249:9901//tsfile/live/1011_1.m3u8?key=txiptv&playlive=0&authid=0
梅县1,http://120.196.235.42:9901//tsfile/live/1007_1.m3u8?key=txiptv&playlive=1&authid=0
梅州1,http://120.196.235.42:9901//tsfile/live/1002_1.m3u8?key=txiptv&playlive=1&authid=0
梅州2,http://120.196.235.42:9901//tsfile/live/1003_1.m3u8?key=txiptv&playlive=1&authid=0
梨园,http://106.115.25.216:9901//tsfile/live/1032_1.m3u8?key=txiptv&playlive=1&authid=0
梨园,http://115.48.60.168:59901//tsfile/live/1015_1.m3u8?key=txiptv&playlive=1&authid=0
梨园,http://115.48.60.167:59901//tsfile/live/1015_1.m3u8?key=txiptv&playlive=1&authid=0
梨园,http://42.225.117.174:11199//tsfile/live/1001_1.m3u8?key=txiptv&playlive=1&authid=0
欢腾购物,http://1.198.67.160:9901//tsfile/live/1006_1.m3u8?key=txiptv&playlive=1&authid=0
民生,http://42.225.146.109:11199//tsfile/live/1024_1.m3u8?key=txiptv&playlive=1&authid=0
求索纪录,http://115.150.63.77:9902//tsfile/live/0001_33.m3u8?key=txiptv&playlive=1&authid=0
汕尾1,http://202.96.141.110:56903//tsfile/live/1039_1.m3u8?key=txiptv&playlive=1&authid=0
江西少儿,http://115.150.63.77:9902//tsfile/live/1062_1.m3u8?key=txiptv&playlive=1&authid=0
江西指南,http://115.150.63.77:9902//tsfile/live/1041_1.m3u8?key=txiptv&playlive=1&authid=0
江西新闻,http://115.150.63.77:9902//tsfile/live/1061_1.m3u8?key=txiptv&playlive=1&authid=0
河北农民,http://106.115.25.148:19901//tsfile/live/1021_1.m3u8?key=txiptv&playlive=1&authid=0
河北少儿科教,http://106.115.25.216:19901//tsfile/live/1019_1.m3u8?key=txiptv&playlive=1&authid=0
河北影视,http://106.115.25.216:9901//tsfile/live/1018_1.m3u8?key=txiptv&playlive=1&authid=0
河北都市,http://106.115.25.80:19901//tsfile/live/1017_1.m3u8?key=txiptv&playlive=1&authid=0
河南公共,http://221.13.232.184:9901//tsfile/live/1012_1.m3u8?key=txiptv&playlive=1&authid=0
河南公共,http://221.13.232.87:9901//tsfile/live/1012_1.m3u8?key=txiptv&playlive=1&authid=0
河南公共,http://115.48.60.168:59901//tsfile/live/1012_1.m3u8?key=txiptv&playlive=1&authid=0
河南公共,http://115.48.60.167:59901//tsfile/live/1012_1.m3u8?key=txiptv&playlive=1&authid=0
河南公共,http://1.198.67.160:9901//tsfile/live/1007_1.m3u8?key=txiptv&playlive=1&authid=0
河南戏曲,http://39.164.168.220:9901//tsfile/live/1048_1.m3u8?key=txiptv&playlive=0&authid=0
河南戏曲,http://39.164.168.246:9901//tsfile/live/1048_1.m3u8?key=txiptv&playlive=0&authid=0
河南新农村,http://115.48.60.168:59901//tsfile/live/1013_1.m3u8?key=txiptv&playlive=1&authid=0
河南新闻,http://221.13.232.184:9901//tsfile/live/1011_1.m3u8?key=txiptv&playlive=1&authid=0
河南新闻,http://221.13.232.87:9901//tsfile/live/1011_1.m3u8?key=txiptv&playlive=1&authid=0
河南新闻,http://115.48.60.168:59901//tsfile/live/1011_1.m3u8?key=txiptv&playlive=1&authid=0
河南新闻,http://115.48.60.167:59901//tsfile/live/1011_1.m3u8?key=txiptv&playlive=1&authid=0
河南新闻,http://39.164.168.220:9901//tsfile/live/1049_1.m3u8?key=txiptv&playlive=0&authid=0
河南民生,http://221.13.232.87:9901//tsfile/live/1008_1.m3u8?key=txiptv&playlive=1&authid=0
河南民生,http://221.13.232.184:9901//tsfile/live/1008_1.m3u8?key=txiptv&playlive=1&authid=0
河南民生,http://115.48.60.167:59901//tsfile/live/1008_1.m3u8?key=txiptv&playlive=1&authid=0
河南民生,http://1.198.67.160:9901//tsfile/live/1002_1.m3u8?key=txiptv&playlive=1&authid=0
河南法制,http://221.13.232.184:9901//tsfile/live/1009_1.m3u8?key=txiptv&playlive=1&authid=0
河南法制,http://221.13.232.87:9901//tsfile/live/1009_1.m3u8?key=txiptv&playlive=1&authid=0
河南法制,http://115.48.60.167:59901//tsfile/live/1009_1.m3u8?key=txiptv&playlive=1&authid=0
河南法制,http://115.48.60.168:59901//tsfile/live/1009_1.m3u8?key=txiptv&playlive=1&authid=0
河南法制,http://1.198.67.160:9901//tsfile/live/1003_1.m3u8?key=txiptv&playlive=1&authid=0
河南法制,http://39.164.168.220:9901//tsfile/live/1046_1.m3u8?key=txiptv&playlive=0&authid=0
河南法制,http://39.164.168.235:9901//tsfile/live/1046_1.m3u8?key=txiptv&playlive=0&authid=0
河南电视剧,http://221.13.232.184:9901//tsfile/live/1010_1.m3u8?key=txiptv&playlive=1&authid=0
河南电视剧,http://221.13.232.87:9901//tsfile/live/1010_1.m3u8?key=txiptv&playlive=1&authid=0
河南电视剧,http://115.48.60.167:59901//tsfile/live/1010_1.m3u8?key=txiptv&playlive=1&authid=0
河南电视剧,http://42.225.146.109:11199//tsfile/live/1017_1.m3u8?key=txiptv&playlive=1&authid=0
河南电视剧,http://115.48.60.168:59901//tsfile/live/1010_1.m3u8?key=txiptv&playlive=1&authid=0
河南电视剧,http://1.198.67.160:9901//tsfile/live/1004_1.m3u8?key=txiptv&playlive=1&authid=0
河南都市,http://221.13.232.184:9901//tsfile/live/1007_1.m3u8?key=txiptv&playlive=1&authid=0
河南都市,http://221.13.232.87:9901//tsfile/live/1007_1.m3u8?key=txiptv&playlive=1&authid=0
河南都市,http://115.48.60.168:59901//tsfile/live/1007_1.m3u8?key=txiptv&playlive=1&authid=0
河南都市,http://115.48.60.167:59901//tsfile/live/1007_1.m3u8?key=txiptv&playlive=1&authid=0
河南都市,http://39.164.168.246:9901//tsfile/live/1045_1.m3u8?key=txiptv&playlive=0&authid=0
河南都市,http://39.164.168.220:9901//tsfile/live/1045_1.m3u8?key=txiptv&playlive=0&authid=0
河南都市,http://39.164.168.221:9901//tsfile/live/1045_1.m3u8?key=txiptv&playlive=0&authid=0
河南都市,http://39.164.168.235:9901//tsfile/live/1045_1.m3u8?key=txiptv&playlive=0&authid=0
河源公共,http://120.196.235.42:9901//tsfile/live/1101_1.m3u8?key=txiptv&playlive=1&authid=0
河源综合,http://120.196.235.42:9901//tsfile/live/1100_1.m3u8?key=txiptv&playlive=1&authid=0
法治,http://42.225.146.109:11199//tsfile/live/1016_1.m3u8?key=txiptv&playlive=1&authid=0
法治,http://120.196.235.42:9901//tsfile/live/1111_1.m3u8?key=txiptv&playlive=1&authid=0
测试,http://120.196.235.42:9901//tsfile/live/1005_1.m3u8?key=txiptv&playlive=1&authid=0
测试一,http://115.150.63.77:9902//tsfile/live/1040_1.m3u8?key=txiptv&playlive=1&authid=0
测试二,http://115.150.63.77:9902//tsfile/live/1035_1.m3u8?key=txiptv&playlive=1&authid=0
浙江新闻,http://101.66.194.129:9901//tsfile/live/1005_1.m3u8?key=txiptv&playlive=0&authid=0
浙江新闻,http://101.66.194.33:9901//tsfile/live/1005_1.m3u8?key=txiptv&playlive=0&authid=0
浙江新闻,http://101.66.194.249:9901//tsfile/live/1005_1.m3u8?key=txiptv&playlive=0&authid=0
深圳都市,http://120.196.235.42:9901//tsfile/live/1001_1.m3u8?key=txiptv&playlive=1&authid=0
深圳龙岗,http://120.196.235.42:9901//tsfile/live/1008_1.m3u8?key=txiptv&playlive=1&authid=0
炫动卡通,http://120.196.235.42:9901//tsfile/live/1040_1.m3u8?key=txiptv&playlive=1&authid=0
炫动卡通,http://1.198.67.160:9901//tsfile/live/1022_1.m3u8?key=txiptv&playlive=1&authid=0
热播剧场,http://42.225.146.109:11199//tsfile/live/1014_1.m3u8?key=txiptv&playlive=1&authid=0
热播剧场,http://115.48.60.167:59901//tsfile/live/0111_1.m3u8?key=txiptv&playlive=1&authid=0
热播剧场,http://120.196.235.42:9901//tsfile/live/1089_1.m3u8?key=txiptv&playlive=1&authid=0
现代教育,http://202.96.141.110:56903//tsfile/live/1034_1.m3u8?key=txiptv&playlive=1&authid=0
生活时尚,http://115.150.63.77:9902//tsfile/live/0001_45.m3u8?key=txiptv&playlive=1&authid=0
电视指南,http://202.96.141.110:56903//tsfile/live/1031_1.m3u8?key=txiptv&playlive=1&authid=0
相声小品,http://120.196.235.42:9901//tsfile/live/1088_1.m3u8?key=txiptv&playlive=1&authid=0
相声小品,http://221.13.232.87:9901//tsfile/live/1016_1.m3u8?key=txiptv&playlive=1&authid=0
相声小品,http://115.48.60.167:59901//tsfile/live/1034_1.m3u8?key=txiptv&playlive=1&authid=0
相声小品,http://221.13.232.184:9901//tsfile/live/1016_1.m3u8?key=txiptv&playlive=1&authid=0
相声小品,http://115.48.60.168:59901//tsfile/live/1034_1.m3u8?key=txiptv&playlive=1&authid=0
石城影视,http://115.150.63.77:9902//tsfile/live/0001_16.m3u8?key=txiptv&playlive=1&authid=0
石城综合,http://115.150.63.77:9902//tsfile/live/0001_15.m3u8?key=txiptv&playlive=1&authid=0
福建东南,http://115.48.60.167:59901//tsfile/live/1018_1.m3u8?key=txiptv&playlive=1&authid=0
福建东南,http://1.198.67.160:9901//tsfile/live/1017_1.m3u8?key=txiptv&playlive=1&authid=0
福建教育,http://218.104.239.114:9901//tsfile/live/1018_1.m3u8?key=txiptv&playlive=1&authid=0
福建新闻,http://110.83.236.70:59901//tsfile/live/1003_1.m3u8?key=txiptv&playlive=1&authid=0
福建新闻,http://218.104.239.114:9901//tsfile/live/1016_1.m3u8?key=txiptv&playlive=1&authid=0
科教,http://1.198.67.160:9901//tsfile/live/1026_1.m3u8?key=txiptv&playlive=1&authid=0
秦皇岛,http://121.19.134.146:808//tsfile/live/1039_1.m3u8?key=txiptv&playlive=1&authid=0
移动戏曲,http://1.198.67.160:9901//tsfile/live/1009_1.m3u8?key=txiptv&playlive=1&authid=0
第一剧场,http://120.196.235.42:9901//tsfile/live/1093_1.m3u8?key=txiptv&playlive=1&authid=0
第一剧场,http://202.96.141.110:56903//tsfile/live/1021_1.m3u8?key=txiptv&playlive=1&authid=0
第一剧场,http://115.150.63.77:9902//tsfile/live/0001_47.m3u8?key=txiptv&playlive=1&authid=0
粤荟萃,http://120.196.235.42:9901//tsfile/live/1108_1.m3u8?key=txiptv&playlive=1&authid=0
精彩影视,http://115.150.63.77:9902//tsfile/live/0001_39.m3u8?key=txiptv&playlive=1&authid=0
经典电影,http://115.48.60.167:59901//tsfile/live/1032_1.m3u8?key=txiptv&playlive=1&authid=0
经典电影,http://120.196.235.42:9901//tsfile/live/1045_1.m3u8?key=txiptv&playlive=1&authid=0
翡翠台,http://120.196.235.42:9901//tsfile/live/1006_1.m3u8?key=txiptv&playlive=1&authid=0
翡翠台,http://202.96.141.110:56903//tsfile/live/1054_1.m3u8?key=txiptv&playlive=1&authid=0
老故事,http://202.96.141.110:56903//tsfile/live/1041_1.m3u8?key=txiptv&playlive=1&authid=0
茶,http://202.96.141.110:56903//tsfile/live/1022_1.m3u8?key=txiptv&playlive=1&authid=0
谍战剧场,http://115.48.60.168:59901//tsfile/live/1033_1.m3u8?key=txiptv&playlive=1&authid=0
谍战剧场,http://115.48.60.167:59901//tsfile/live/1033_1.m3u8?key=txiptv&playlive=1&authid=0
谍战剧场,http://120.196.235.42:9901//tsfile/live/1047_1.m3u8?key=txiptv&playlive=1&authid=0
财富天下,http://202.96.141.110:56903//tsfile/live/1018_1.m3u8?key=txiptv&playlive=1&authid=0
赣州TV1,http://115.150.63.77:9902//tsfile/live/0001_50.m3u8?key=txiptv&playlive=1&authid=0
赣州TV公共,http://115.150.63.77:9902//tsfile/live/0001_51.m3u8?key=txiptv&playlive=1&authid=0
赣州TV教育,http://115.150.63.77:9902//tsfile/live/0001_52.m3u8?key=txiptv&playlive=1&authid=0
足球,http://120.196.235.42:9901//tsfile/live/1109_1.m3u8?key=txiptv&playlive=1&authid=0
足球,http://115.150.63.77:9902//tsfile/live/0001_29.m3u8?key=txiptv&playlive=1&authid=0
邯郸科教,http://106.115.25.174:19901//tsfile/live/1033_1.m3u8?key=txiptv&playlive=1&authid=0
邯郸科教,http://106.115.25.216:19901//tsfile/live/1033_1.m3u8?key=txiptv&playlive=1&authid=0
都市剧场,http://115.150.63.77:9902//tsfile/live/0001_46.m3u8?key=txiptv&playlive=1&authid=0
野外,http://120.196.235.42:9901//tsfile/live/1110_1.m3u8?key=txiptv&playlive=1&authid=0
金鹰卡通,http://106.115.26.12:19901//tsfile/live/1031_1.m3u8?key=txiptv&playlive=1&authid=0
金鹰卡通,http://221.13.232.87:9901//tsfile/live/1017_1.m3u8?key=txiptv&playlive=1&authid=0
金鹰卡通,http://221.13.232.184:9901//tsfile/live/1017_1.m3u8?key=txiptv&playlive=1&authid=0
金鹰卡通,http://101.66.194.129:9901//tsfile/live/1000_1.m3u8?key=txiptv&playlive=0&authid=0
金鹰卡通,http://101.66.194.33:9901//tsfile/live/1000_1.m3u8?key=txiptv&playlive=0&authid=0
金鹰卡通,http://115.48.60.167:59901//tsfile/live/1019_1.m3u8?key=txiptv&playlive=1&authid=0
金鹰卡通,http://42.225.146.109:11199//tsfile/live/1003_1.m3u8?key=txiptv&playlive=1&authid=0
金鹰卡通,http://115.48.60.168:59901//tsfile/live/1019_1.m3u8?key=txiptv&playlive=1&authid=0
金鹰卡通,http://120.196.235.42:9901//tsfile/live/1039_1.m3u8?key=txiptv&playlive=1&authid=0
金鹰卡通,http://101.66.194.249:9901//tsfile/live/1000_1.m3u8?key=txiptv&playlive=0&authid=0
金鹰卡通,http://202.96.141.110:56903//tsfile/live/1014_1.m3u8?key=txiptv&playlive=1&authid=0
金鹰卡通,http://115.150.63.77:9902//tsfile/live/0001_34.m3u8?key=txiptv&playlive=1&authid=0
金鹰卡通,http://42.225.117.174:11199//tsfile/live/1004_1.m3u8?key=txiptv&playlive=1&authid=0
金鹰纪实,http://120.196.235.42:9901//tsfile/live/1064_1.m3u8?key=txiptv&playlive=1&authid=0
金鹰纪实,http://115.48.60.167:59901//tsfile/live/1022_1.m3u8?key=txiptv&playlive=1&authid=0
金鹰纪实,http://115.48.60.168:59901//tsfile/live/1022_1.m3u8?key=txiptv&playlive=1&authid=0
金鹰纪视,http://202.96.141.110:56903//tsfile/live/1010_1.m3u8?key=txiptv&playlive=1&authid=0
章贡TV,http://115.150.63.77:9902//tsfile/live/0001_53.m3u8?key=txiptv&playlive=1&authid=0
风云剧场,http://120.196.235.42:9901//tsfile/live/1097_1.m3u8?key=txiptv&playlive=1&authid=0
风云剧场,http://202.96.141.110:56903//tsfile/live/1065_1.m3u8?key=txiptv&playlive=1&authid=0
风云剧场,http://115.150.63.77:9902//tsfile/live/0001_48.m3u8?key=txiptv&playlive=1&authid=0
风云足球,http://120.196.235.42:9901//tsfile/live/1094_1.m3u8?key=txiptv&playlive=1&authid=0
风云足球,http://202.96.141.110:56903//tsfile/live/1061_1.m3u8?key=txiptv&playlive=1&authid=0
风云足球,http://115.150.63.77:9902//tsfile/live/1028_1.m3u8?key=txiptv&playlive=1&authid=0
风云音乐,http://120.196.235.42:9901//tsfile/live/1096_1.m3u8?key=txiptv&playlive=1&authid=0
风云音乐,http://202.96.141.110:56903//tsfile/live/1019_1.m3u8?key=txiptv&playlive=1&authid=0
高尔夫·网球,http://115.150.63.77:9902//tsfile/live/1026_1.m3u8?key=txiptv&playlive=1&authid=0
魅力时尚,http://120.196.235.42:9901//tsfile/live/1090_1.m3u8?key=txiptv&playlive=1&authid=0
魅力足球,http://115.150.63.77:9902//tsfile/live/1030_1.m3u8?key=txiptv&playlive=1&authid=0
魏县电视台,http://106.115.26.12:19901//tsfile/live/1036_1.m3u8?key=txiptv&playlive=1&authid=0
[BD]brtv卡酷少儿,https://stream1.freetv.fun/0122cd6c96b2907d6c2ec3a92cef57adfcd6f69e117bdd666a24461a047ec59f.ctv
[BD]brtv文艺,https://stream1.freetv.fun/09ec4900d4de9c74b7b6a236f0e6e32f6865ac8f5e4b4dc63bf26a38600fbca7.ctv
[BD]brtv生活,https://stream1.freetv.fun/3ac1b65d69889e0ad355ecb1f76bad98b46bf1cad28ed7333a7e440fca79c523.ctv
[BD]brtv财经,https://stream1.freetv.fun/aaa9b688f4071cd678369ef6c7884093adac66334d136b884fd1a5071aa932d0.ctv
[BD]cctv8k,https://stream1.freetv.fun/f00b65a999808a7628f919dd8b21733a26889424542698837046d0b68e4c75e4.ctv
[BD]documentary plus,https://stream1.freetv.fun/39c6ca9887b134e09b5b500e6b5e8bc96a925f65ef10e490ff3d1558b2f5cd5b.m3u8
[SD]cctv-11戏曲,https://stream1.freetv.fun/eaf4e0e2c629346956a139b88c52acc48cd06558dfa29887855308881615240c.ctv
[VGA]cctv13新闻,https://stream1.freetv.fun/195285b7d2b47320784c2a5362d7abdcb8f5c90640b5652b0d333fd5b6bb46b5.ctv
[VGA]cctv15音乐,https://stream1.freetv.fun/05ad6faa8053ae4fff9c77b1bf8dcfbf9131037e7a07bf5b65e96abb1156433d.ctv
[SD]cctv2财经,https://stream1.freetv.fun/fe7c5e4b8ed873b12ee2971b238b3ce0257d24e3a0f25bf53fbaae718d461c99.ctv
[BD]cctv-4中文国际,https://stream1.freetv.fun/c92aa811a258945338213c876807000d7dac9ebd2b5f305a7417a8586cc683cc.ctv
[SD]cctv4中文国际,https://stream1.freetv.fun/88a38dbd0fafc97c990caaa3bb42fd8a29eff383052da12cad2e7099612ea35a.ctv
[BD]cctv5-体育,https://stream1.freetv.fun/a171c801b82d29b636aeef3cf0f2785c1d2d3e3cb80e51788990999a34ae51d0.ctv
[SD]cctv第一剧场,https://stream1.freetv.fun/631e31539c1b0c0c745f6727dd2e9511ef40616c5732baa462609264fa22c757.m3u8
[BD]cctv风云足球,https://stream1.freetv.fun/f5984a4a5c2d0b153f783bfe5878209ce03902d76521ede65c4c52f54d50284b.m3u8
[BD]cgtn documentary,https://stream1.freetv.fun/bb88fd2e2af000c20e9f8a2c29c19b3c5b35fcc045ee9864b319736e7dcc33c7.m3u8
[BD]rt español,https://stream1.freetv.fun/5f7a8fbeb30bfd89e4296f8f9054ee4865b12dd92db69a1436dfcb784dc1d989.m3u8
[BD]cgtn français,https://stream1.freetv.fun/8b2e227859e9c10db1b8a04d180b0415b38c6f3ece2bb89dd06c062a8c63b62e.m3u8
[HD]cgtn русский,https://stream1.freetv.fun/800af3de6d2cab9fc463ec417c6ab737591154a8eafa27fb43713a33bc7f6dd5.m3u8
[BD]rt العربية,https://stream1.freetv.fun/3c8d66bc943ae964ff9e292aa6a303ed5613a9e9e2e1d0e48fa1ef63c31bafba.m3u8
[BD]chc动作电影,https://stream1.freetv.fun/326dbff08ac3f3daab8e3c5eb5b353bcb2ef1a0073b6a873cd5200bfce80c503.ctv
[BD]chc家庭影院,https://stream1.freetv.fun/7190c4b7871ed14335fec665c7ff14ebab77801737479b3fdafc4c6d908886ed.ctv
[BD]chc影迷电影,https://stream1.freetv.fun/7e5bfba7669a360f9ceee2e2641ca7d527e551e211009ec569fca31d4689919d.ctv
[SD]nfl channel,https://stream1.freetv.fun/b815242bb6eb2bff5879e82b1e538b32a378fced5d6cde60e8c0e7926b6b1bf4.m3u8
[BD]nbtv-1,https://stream1.freetv.fun/79e1ce2e2c4dcf1e45f26cfed5c7c2a8f3b2063bee62b9e3d7694656b1ee4872.m3u8
[BD]nbtv-2,https://stream1.freetv.fun/c7459dc7865a3868192a32c92860cfad58cdb5133424ee316088f831a823e195.m3u8
[VGA]三沙卫视,https://stream1.freetv.fun/2f29bdf337cfd1004d4deb54a8f7ab4476ca8a0d740651bb6e9f8b71fdbdb60e.ctv
[SD]上海新闻综合,https://stream1.freetv.fun/ae1e5ba924f70d20ff760d1eb8f0ab71583a7fe6549edb506193b0c54387d9a0.ctv
[BD]上海都市,https://stream1.freetv.fun/739243957c92ecc3c5cc8e2d33bbc6ef1fd8529992bbf7ab1a9dcef5e17429d4.ctv
[BD]上虞文化影院,https://stream1.freetv.fun/b6810db85578f6b240f95f6bf3277d11bc5766b089b3f0d554921de7b9560fff.m3u8
[BD]上虞新商都,https://stream1.freetv.fun/3304d40ab080cfdc62386a8b26bd04cdbc7330f96858e3e1a69326aa4a94ed2a.m3u8
[BD]上虞新闻综合,https://stream1.freetv.fun/78f55f361d865fb3a113720e11fded9307bb9cb180fe731826736d2f5df8ca0b.m3u8
[SD]五星体育,https://stream1.freetv.fun/f7fd467306b7f42162d8640b27ee41e8f42134349c10a75bb08ed3a9f2690d40.ctv
[BD]佛山公共,https://stream1.freetv.fun/802f0f279243c20d72eb58ca50c2cb550bc5ce39797b215b2cdadca0c9890798.ctv
[HD]萧山新闻综合,https://stream1.freetv.fun/96b676fffbe7631a6096d8a4dbc7e3eeb39090a7542758b85179a676aa17b732.m3u8
[BD]佛山综合,https://stream1.freetv.fun/91d8a277cb8cd5a2071c24c604e80bf6b8b35792a374729420f8522f64c4d888.ctv
[SD]优漫卡通,https://stream1.freetv.fun/4aca817e88875a16e145dce358dc8b24d61b625e67197a4e921e34f85d8ee5ca.ctv
[HD]内江科教,rtmp://njzb.scnj.tv:1938/live/kjpd_kjpd800
[VGA]内江综合,https://stream1.freetv.fun/acdb0c67bd1e814d27ae5f8d31376a50f348b0a028df08c99c1496fea63f3cb5.m3u8
[SD]内蒙古卫视,https://stream1.freetv.fun/1e5dc1f802d7775ea9cde7b7b874b914365797c6718c5e95448aa26648e136e6.m3u8
[SD]兵团卫视,https://stream1.freetv.fun/7e0d9638f60dca70ddc3a2437eb10e874587f11f9d3efd833e71acfbdf2de2d6.m3u8
[VGA]刘德华,https://stream1.freetv.fun/77c55891906e7d7fc960759c42c395c7d290d5f7cb402625278314b691d0c3f6.ctv
[BD]动漫秀场,https://stream1.freetv.fun/92770c17901d40448d85aff2a2a1a7d5df7bc2d11a45e6c1aeb260b8172f99fe.ctv
[HD]南京教科,https://stream1.freetv.fun/728c1aa723417ba38b322b0785a3682945237a79836b71a40ce60c778143f7ce.m3u8
[HD]南京新闻综合,https://stream1.freetv.fun/5b4b16310f8c33dd6977992d1d1fa402cff0c85f10d68bbfc4e0415e95a74492.m3u8
[BD]广州南国都市,https://stream1.freetv.fun/63b19e3d3d115230a2db8b1875129e25a56eb740187ccb2ca52bc8a6afa2b0b9.m3u8
[HD]南宁公共,https://stream1.freetv.fun/c3d663bad258dd1fb7e0424a502e07b8f14eabd61cdf0286705037acd7bec0e8.m3u8
[HD]南宁新闻综合,https://stream1.freetv.fun/407744f7fb47c88ea74cdafe06903296c02e65ec29ef487568b8a2a2ac66c80e.m3u8
[HD]南宁都市生活,https://stream1.freetv.fun/a9af94066f6daf6874d6d2b012c433acb150af42e35653f73e904acfabb2d49e.m3u8
[HD]四平新闻综合,https://stream1.freetv.fun/b16094c2af0b85938a88f40181cfd5f22baee019496bebdd914ad35b52d106d9.m3u8
[BD]新昌新闻综合,https://stream1.freetv.fun/815f92753eec1322b02c49809238cd6b24e01e85f43c90abc9b9262e1fe53eee.m3u8
[BD]台州新闻综合,https://stream1.freetv.fun/c4e5873503b189c2c828b0a60392ad7bcc04f20320b4de9fef041904fc33f693.m3u8
[SD]吉林生活,https://stream1.freetv.fun/8d2caed6e8682f1923304671b9b56ea7c82530fa108741683a115054957c9677.m3u8
[SD]吉林综艺文化,https://stream1.freetv.fun/23646b85ea1432d810d00685f82f61570363f6fcb92c96a74b9aaa261f15b6dd.m3u8
[VGA]吉林卫视,https://stream1.freetv.fun/657b3cc8f2106d0e0b52d0bc7f0e15db544b37b3e86bf5f486f351b9db61fa2e.ctv
[SD]吉林都市,https://stream1.freetv.fun/233d672c3058b07eab24f2329d0c33ac7336e71c57ce4d37bfc2b4b05bd9b24b.m3u8
[HD]哈哈炫动,https://stream1.freetv.fun/85aec22da72dbb69d4271fbde70b929f467b7d1b7c3c21639939b3d7865a00ac.m3u8
[VGA]哈尔滨娱乐,https://stream1.freetv.fun/4ba7c23704180253389bb6b17009e2d88e3d472c1d043dffa329635f38bfb088.m3u8
[VGA]哈尔滨影视,https://stream1.freetv.fun/b681acfb3d9cf5bc9d056d8513a6f1ef9ead223fe349f541e02a39edfabbd88a.m3u8
[VGA]哈尔滨新闻综合,https://stream1.freetv.fun/ca8f57fc39d536dd721699325e3fc7ac9ca96fbe65f453531c01227f830b12cb.m3u8
[VGA]哈尔滨生活,https://stream1.freetv.fun/71746238db63ed6951b3f0a4cbc42467d1a7b32c1925b4854de68ed71d678c98.m3u8
[SD]嘉佳卡通,https://stream1.freetv.fun/bee9044f047d4458c631c35b7af51298a624b14d6f9b74a4ea6985c8e4b36106.ctv
[BD]嘉兴新闻综合,https://stream1.freetv.fun/896ca707b844180e10fd9501bddd73f95d1493423adb2f0ae0acdff060297426.m3u8
[BD]四川科教,https://stream1.freetv.fun/8483b24bf58895eb31069caffd4b7f60cd2f49f6be2825507262480da78bd7c3.m3u8
[VGA]大湾区卫视,https://stream1.freetv.fun/fe79d7a8485997d43fdd6ce15234c8e9f1c4e4b6d8fc1acbdf2a3b99154b473a.ctv
[BD]天津卫视,https://stream1.freetv.fun/a700de96dc13188f1532d89bbb699c4232e8c8c62418eaca13e737017ea8eec7.ctv
[HD]太谷新闻综合,https://stream1.freetv.fun/63a19973d726fe3a5047df542074d4f01d156e4756dfc656240239aee1433dc1.m3u8
[HD]东莞新闻综合,https://stream1.freetv.fun/3a8bc2a33209245152c953716faa97cb6f72fd8090a2485f1e099c1ce1becd5d.m3u8
[SD]安多卫视,https://stream1.freetv.fun/290a71e47606fa713caa0f79a0812e332e24e5ec6d51610020d3031c34fb2857.m3u8
[SD]安徽影视,https://stream1.freetv.fun/8d9fb9f7088f6bc05408016d5ea0fe419bf2389c24fe343598fb1c02b3d5150c.m3u8
[BD]安徽卫视,https://stream1.freetv.fun/aa9b31c1dbeffb511830532e0b8f1413b48dd2c61e59e843d19ba9fc3a073241.m3u8
[BD]瑞安新闻综合,https://stream1.freetv.fun/b02452e75d04bc2f57234b78d767850a97db5c6ce7ba89d56e27c46c5e0ff7b0.m3u8
[BD]雅安新闻综合,https://stream1.freetv.fun/a4022704fda985d72494721ed8a09e1846b04c8389c54ee607a801ebe91e09aa.m3u8
[BD]宜兴新闻,https://stream1.freetv.fun/3c2ebeb4552510de3d4ab0118e21a6e24be3f868258b342aadd7dd1716cea2ca.m3u8
[BD]宁夏卫视,https://stream1.freetv.fun/c3a22585493b5fbb62ab4b873bbf60ce767e779781bf178117fcf0918e2de201.m3u8
[HD]山东卫视,https://stream1.freetv.fun/3b97ca6daa3a8451a385b7db783b1c5622e979ec500532a2ff7145e99e78fab5.m3u8
[BD]山西卫视,https://stream1.freetv.fun/2f538e8c3c3dc60b99799fb3331f5f05b5a9c3c574544b4178a57a7de78f6884.m3u8
[BD]岭南戏曲,https://stream1.freetv.fun/d765215aa01852928728857a458ce41ae3c5c04fa90622dc587c840dbcd33fb6.ctv
[BD]常德新闻综合,https://stream1.freetv.fun/5189b9b67e6c2de64450d349eb816ab18d2bbfd4292b871f38524ad8f7a91c69.ctv
[SD]厦门卫视,https://stream1.freetv.fun/a927444efa3d55d3d42d4d80fc9dd565caeae93fe0328d6e078367c2120df3d4.m3u8
[HD]广元综合,https://stream1.freetv.fun/3f5f9600225ec1b60aede0f04219121493ab5bf1db0fba4160dc2f3ee5eaa5a7.m3u8
[HD]广州影视,https://stream1.freetv.fun/2a43a84d657a150eb0dc8688b60bed45d33503727a8d9cee72bc46dbe524e7fe.ctv
[HD]广州新闻,https://stream1.freetv.fun/687a8ae332b2c6e764fb86e799bf136fec2e194733af563cd7a57d116a84aacc.m3u8
[HD]广州竞赛,https://stream1.freetv.fun/3bae77bc5c50d229f017065385ace3d322b9059fb639f24d52c38d217335f842.m3u8
[HD]广州综合,https://stream1.freetv.fun/91ae862b8b3ce7a58fb837900e84984ae323afa312699797c3eb21ac4ff060df.ctv
[HD]广州综合,https://stream1.freetv.fun/861e7c54463cfe70d29e3b18aeee18dce9a7f349aa5ef81ab8116c0da7feee3a.m3u8
[SD]广东公共,https://stream1.freetv.fun/841ec19179fb6b55156a5fc6d33c499d26d6bdd0d88194a25f183f0d34e5ee0b.m3u8
[BD]广东少儿,https://stream1.freetv.fun/0bb69b831d301b4c7225110444e4529021f8de492d7d1a6b6a809e67e993ca78.m3u8
[BD]广东影视,https://stream1.freetv.fun/befb766cccc3f4aea99c123080b37aaadd09e409aaad63a496f1e970d7ecfcfd.m3u8
[HD]广东新闻,https://stream1.freetv.fun/530edbc03b4004c11ca82592e455d80ee8f79b62aa8b97563d1dfd759d1d2b46.m3u8
[BD]广东民生,https://stream1.freetv.fun/d705bf2698d0b56ef2db9514c5bdf14406bd0c7fbdfd887eb3b649750bb83361.m3u8
[HD]广东移动,https://stream1.freetv.fun/ef054656d7deb2e72d56609d1cb441d2680cde24e52ff750b1ef59e79a268f7c.m3u8
[BD]广东卫视,https://stream1.freetv.fun/6787e35b48df7529fb25c86cd92936335e75d68881015ff99c3e969f57177987.m3u8
[BD]广东体育,https://stream1.freetv.fun/7b470f9fc5c305db0c8622117b7b25ca00eb35ba3e93e865cf0ff9df5c736681.m3u8
[BD]广东体育,https://stream1.freetv.fun/d8de197cafccb00d5ef0b74b6d51099156cdda3dfa9f12a2400ffbbd3c837f9e.ctv
[BD]广西国际,https://stream1.freetv.fun/183f2221f66a05a31ae1c3da27be6554f43b414aba3e4215f15cf9f244e3f24d.m3u8
[BD]广西影视,https://stream1.freetv.fun/5c70f41a4e6ef88d0f3433cb05c572d7b7277881cd509e389913001e27907800.m3u8
[BD]广西新闻,https://stream1.freetv.fun/44a547e17ca72fe25d4c825563853ea2bf27c895c49aeb7932708d5b5709d436.m3u8
[BD]广西移动,https://stream1.freetv.fun/9edb6a51850843435817455b767982c01c0e429d5bd7daaa8a3d296b6abfd0d1.m3u8
[BD]广西综艺旅游,https://stream1.freetv.fun/daf3dbf6d04bf3379c9219793315c3160019d47e28323281ac04e53c4372d579.m3u8
[BD]广西卫视,https://stream1.freetv.fun/3899ee96bfc51a8e53baa9d48c86b9b9a52907112fffcb33e94df2c05cc02d3c.m3u8
[BD]广西都市,https://stream1.freetv.fun/d94b0f1dcfd4e590b149df8da26baf4d70057db60680580c4a4c62f21c66757e.m3u8
[SD]延边卫视,https://stream1.freetv.fun/d2ea3a364fa453b29060ebccb5a06a1941755859c0182ab0f071473c08738fc2.ctv
[BD]揭阳综合高清,https://stream1.freetv.fun/d49d41d9ceb97e07341c1579705a77c11628092576082ca219be9f79cc35c612.ctv
[BD]新疆卫视,https://stream1.freetv.fun/ff50600dd45b1b1656f2f7535c04f361a6e8c33606e19dbc9b0316bd173f9408.ctv
[SD]白城新闻综合,https://stream1.freetv.fun/ee33f1b4185abecda1d21468cdf8962fd581dd3449384b0865e137327d8e0b58.m3u8
[VGA]东南卫视,https://stream1.freetv.fun/3ad6599415990b0f15bec3d681fb934f53a2f82aac7584375237a83573efe5c7.ctv
[SD]东方影视,https://stream1.freetv.fun/9d3c9f7982bce6a6d8c61dee6b3533032537b84c1312b8bf2613be972edfc0df.ctv
[BD]东方卫视,https://stream1.freetv.fun/936a731d0f0738a903c2968c7e4d48c09cc4bf042ad218afe2d91decd1032359.ctv
[HD]东莞新闻综合,https://stream1.freetv.fun/f1d20f3c5cef5eafd9c816bec781027fb28accf44dd0f3421ab35728914aecfa.ctv
[SD]武义新闻综合,https://stream1.freetv.fun/f289c326c301a6e0f4efb745988664e4e703efe1d44a3da05e9c61753d4c7f38.m3u8
[BD]永州新闻综合,https://stream1.freetv.fun/b62e943b4f07cf58cd2209503bb9c6966a73c37ab42cfd24a44d2da64c6ff435.ctv
[BD]汕尾综合高清,https://stream1.freetv.fun/0ebd9275c9b77517333e19cbf0106adb6467393e042ef06dd994bfb64d18964d.ctv
[BD]汕头生活高清,https://stream1.freetv.fun/61fa28af24b2c2e5518954a50e0e9e743682c6ceafab6dfd7a5c12ee780ea748.ctv
[BD]汕头综合高清,https://stream1.freetv.fun/dd32f6d2ef2242ba2c4fcfb92531fa34b0fe4cdcedbacd33bfac1f47d60978ad.ctv
[BD]江苏卫视,https://stream1.freetv.fun/d603dff9bd97cd0af111d22f7e7559d5811119df07427c3896440285361868da.ctv
[BD]江苏卫视高清,https://stream1.freetv.fun/201bc6a223bdc6a156faed559f05f3b9fa676c987f5f44cbdf62123f6977d5e9.m3u8
[HD]江西少儿家庭,https://stream1.freetv.fun/e96d8291fd582b22cd23c2fb27ef3544c0bea6408d44673f0e8f6afb21e068e9.m3u8
[HD]江西新闻,https://stream1.freetv.fun/4fc34b07d5b7aab2a593c62fa12c519b8ea2716559a840f7b1bd96aa58e28999.m3u8
[VGA]江西卫视,https://stream1.freetv.fun/bc4d49bde015fc24aafb924423536d9ec2f09ad3d55313e4a482ba85ae48b175.ctv
[HD]淮北经济生活,https://stream1.freetv.fun/3c6e99064cb6116c2dd03648f895a91b936609e0800bc9ae5c9c7b617338bff5.ctv
[SD]河北卫视,https://stream1.freetv.fun/53800b472ac1869f0e75f5c2b17fdee144590e10b746f523425fd6ee5cc9b490.m3u8
[HD]河北农民,https://stream1.freetv.fun/cdead72ddb063bfecd55aa97d0ada0a700f3cc210fbb7b31150602f74852ee46.m3u8
[VGA]河南卫视,https://stream1.freetv.fun/ea842ab34e6da31e0eae5bd8be6c4b7d67f0b0c214efaca7ff2c5a1718f7fe55.ctv
[VGA]洪金宝,https://stream1.freetv.fun/d15d10139de573b437a23f82b81b51fcf19f22a5c3f933451250c73d975aad38.ctv
[VGA]浙江国际,https://stream1.freetv.fun/18ed89b7737d66d1d1f3e585441e6880124e3feb3fa8bfe7f5cc54094afcf53f.m3u8
[BD]浙江少儿,https://stream1.freetv.fun/50c4a249494de61824ce97ab733b7617ab321cbe8dcb427681e0a93701dbf02a.m3u8
[VGA]浙江少儿,https://stream1.freetv.fun/8ef73cecb826dc005453d6c886afc2b22fda102b3c1b6fdd470ff2c6032eb7cb.m3u8
[VGA]浙江教育,https://stream1.freetv.fun/472e87d11e98f96d8255a57f2c0c86205014740b12936723a7267047b3f56c5d.m3u8
[VGA]浙江新闻,https://stream1.freetv.fun/03d41c16ba390e8c132dda44c07c14d196b43567d8d030a6a69515bb2a1bb4c5.m3u8
[BD]浙江民生,https://stream1.freetv.fun/fb69842d1d95aecc0df982e3e037dbb8899245c179aefc3d1dddcf003a28c143.m3u8
[BD]浙江经济,https://stream1.freetv.fun/4d8b9fe3035f2e18ad4cfd932ed099f54c0bc5196cba62f0bc4c77e3a9bb7a17.m3u8
[BD]浙江卫视,https://stream1.freetv.fun/cfe6c386aeda1787f606df629248faf407b2351852e3ea6994357836a1643f5c.ctv
[BD]浙江钱江,https://stream1.freetv.fun/beb59949dcf45099dd66ed89aa84c89f902ad796f85026c28fb3ad2925d545e2.m3u8
[VGA]海南卫视,https://stream1.freetv.fun/468b29e1bee51764e3cf09ee70bf730e44aaeead942f39c43e9010e9da7b7a4a.ctv
[BD]海峡卫视,https://stream1.freetv.fun/ba0cb96ba000eebc5a91bd4ffcaed72334b786255d15f293d5f09f19c344cc0f.m3u8
[SD]海绵宝宝,https://stream1.freetv.fun/a9423b0805090240a90e6212c46a3ab1f6732f23ed1fb94d85f2f2d9a7691e14.ctv
[BD]深圳国际,https://stream1.freetv.fun/3811fe0e3619576a594bd0fdcc208bc7cb1297bb8d1939190328efb2503e0e69.ctv
[BD]深圳卫视,https://stream1.freetv.fun/25eea586d1ad7531167cdc97b2a07f56298833934427b64a4072822a4c5ca133.ctv
[HD]深圳都市,https://stream1.freetv.fun/10c3af6770770126fcb6f9c6565cc92a1b5c863ad7b3b49308e88ece5ddd19f3.m3u8
[HD]深圳电视剧,https://stream1.freetv.fun/d998541f0ea7980bd3269e70cb06bc71a468f5e6c34afe58cd0673a3dcfd7578.m3u8
[HD]湖北垄上,https://stream1.freetv.fun/de5488dfe42d8f411c4dc7bcdf6118734d41104c0d4de94cec73cef3506947c0.m3u8
[HD]湖北影视,https://stream1.freetv.fun/4afd45f76ddcb7db57420531280c942364c3550566bc17976bff074ec5b5ef8f.m3u8
[HD]湖北教育,https://stream1.freetv.fun/e0c99472cb6326d5520668312aebbe45ff9b35a6195f62daf631c47fa78dad25.m3u8
[HD]湖北综合,https://stream1.freetv.fun/a55cf145b70db7097c49ce1c256bb26c272ddba09ed129200475f44b3826e81d.m3u8
[HD]湖北生活,https://stream1.freetv.fun/a0b82b4e9481f63d3c5f29ca07af58ccc37a883250cb0434bfe584a7288798fb.m3u8
[HD]湖北经视,https://stream1.freetv.fun/a968f766a86c2a7690ca00cd8d3467ef79b4266675256e0e1f5b356aa8177fd2.m3u8
[BD]湖北卫视,https://stream1.freetv.fun/f159656e972aa17ba9ff4e974713a0f92b152108582d298455b0bed215d2427b.m3u8
[BD]湖南国际,https://stream1.freetv.fun/0a73013e3d5583d05515fd78f36af0d3a20499a25d5137ea1f09b85b72ae9ba3.ctv
[BD]湖南娱乐,https://stream1.freetv.fun/39954bf58d95c7ec0a2f53d269776b8172370d9ef29d48438a5199a2abdc2c5b.ctv
[HD]湖南教育,https://stream1.freetv.fun/354283335738ca823e457e68ba3f4cd00437a1ea7d1ab361f38b38fdde7423b6.m3u8
[BD]湖南经视,https://stream1.freetv.fun/40dd8f31430ace26cfeb1151452ff2c819d358dd2b99844f1c4bd80e08930ddf.ctv
[VGA]湖南电视剧,https://stream1.freetv.fun/ebe632d9d3471cff9d57bb252f6f25bae72ee32655ecd9a7f1ed44ad4407d7a5.ctv
[HD]湖州公共,https://stream1.freetv.fun/94f93241eec509bb5096d7980b36fe86b4c4d7de2ee93272030c2c62d34e9553.m3u8
[HD]湖州娱乐,https://stream1.freetv.fun/8c0deff913dc9e1f960f84c0c8ffd1fca0db4a05a1670e16bc6eac393e9c8f7d.m3u8
[HD]泸州新闻综合,https://stream1.freetv.fun/f3f6b55376be654836bd3244e44f02cd775fb01c56a3a38115d21b118186f710.m3u8
[HD]吴江新闻综合,https://stream1.freetv.fun/8ac6b368420d7c8e530ef4598f781d26e0514bcf10c9a60bf92652d25d0c6401.m3u8
[BD]经济科教高清,https://stream1.freetv.fun/1de148cf5218954c6deb78802bc948aa2312f032679a7368cf73b881f8ae3893.ctv
[BD]潮州综合高清,https://stream1.freetv.fun/6f60d2f0c11750b138929b982c3fb04c375a7005d91bafadbebc48cae7903171.ctv
[SD]吉林新闻综合,https://stream1.freetv.fun/f229007f325ee603d39a4a6ef3046dd9140433eebfb43d2dfdbc410f22e6ad0a.m3u8
[HD]海宁生活服务,https://stream1.freetv.fun/e5ac3e4541425aa812f19aca59fcd06a279955e60fd1647616f04a68f80ef87e.m3u8
[BD]现代教育,https://stream1.freetv.fun/cddf0dc5a9e566bcca107479fd42ecfe6ac05fa7340970d9aa72c4b8785d8c76.ctv
[BD]甘肃卫视,https://stream1.freetv.fun/62fc00b17e85a0f05bc7442ba4c507d0d9ed83d0e4c628543a0c8cc0f3c0e79e.m3u8
[BD]生活时尚,https://stream1.freetv.fun/af577cd69d640274bdefa24125bfba424d35044c1235f7a429a7e85a00fc41e4.ctv
[BD]峨眉山综合,https://stream1.freetv.fun/1cf7575c3f1da0d65a80772246f246826b620f4fc0a04498bcab9ef71172c462.m3u8
[BD]第一财经,https://stream1.freetv.fun/adf9cdd54d500790c9e6f5b4c5e33eb7c9feba62e5e5f23539048a36862f2c20.m3u8
[HD]绍兴公共频道,https://stream1.freetv.fun/d7fd5957e80850e238154295e9e8de9d2ff44b78ef37cc3357e8ca4b56d996cf.m3u8
[HD]绍兴文化影视,https://stream1.freetv.fun/e46895f728cf01af107df98927c3bd0664dc452a60f2d117abef3ab9b0b6768f.m3u8
[SD]绍兴新闻,https://stream1.freetv.fun/dc97434564011901fa252e10b60d268deb4d101d63e5ee88c9da6d76c55bdfcf.m3u8
[HD]新闻综合,https://stream1.freetv.fun/b15ca8c8eccf56990df595ab996e237bea8d78d60312ad61da5559e1fd2c76ac.m3u8
[BD]荆门新闻综合,https://stream1.freetv.fun/93151160c381a034f6cf7e560a6fa981282baea3f54a177ee39ec6c5222f5f01.m3u8
[BD]苏州 *b,https://stream1.freetv.fun/08eed61b5977d3a1f5c69146c3587d7bbb96d6dceeb49edc9429ec03a287be9d.m3u8
[HD]苏州文化生活,https://stream1.freetv.fun/308673562ebc517694bd977cdebe8b7f1b974d64895ebbb7a1adf078d2cad3b8.m3u8
[BD]苏州新闻综合,https://stream1.freetv.fun/4f8bc68be9afbec05026641430a19dd462b7b2aa9fff8e01e2057af87c65d4df.m3u8
[HD]苏州生活资讯,https://stream1.freetv.fun/6552a7799d25c631a086b99ae0477bf57f95071f22ea714670af461db1d90f85.m3u8
[HD]苏州社会经济,https://stream1.freetv.fun/559c2bb359f77fce4c299f29e185919aebf91fa3648ead1846cf573abdb762f8.m3u8
[HD]苏州电影娱乐信息,https://stream1.freetv.fun/dfceb12432bed7e11eaa7b797b96429894108f19e0139387f2ec1f9e6e26d716.ctv
[SD]舒兰新闻综合,https://stream1.freetv.fun/73534dcbce50e3e1dcf470e19df8e01e2824e8c80dd6ef67925b2fd9dd575120.m3u8
[BD]西宁新闻综合,https://stream1.freetv.fun/3647f2db4bebe4a7fcb23d44a0f2d5d30461ff51c6be42a485c1c3cdd0a55bf8.m3u8
[BD]西宁生活服务,https://stream1.freetv.fun/78deec890a8ffff1cf4fd952b5508ac3e006a5e9ed9716b93c8d3b8f85692345.m3u8
[SD]西藏卫视,https://stream1.freetv.fun/0520182fdda930a14ef73fa2ed6221ba95c6ae2ddffa8c93f4b08562ea71c777.m3u8
[SD]贵州卫视,https://stream1.freetv.fun/cc54b485fc3912265c9dbb24fe2b6d1ba2b65412d0ff45b904bc4d53ea02bf67.ctv
[VGA]中国农林卫视,https://stream1.freetv.fun/3560edca61a3e10ce94bf15bb670a1e422c82696550d5c16de4c7ebab0de304f.ctv
[BD]辽宁卫视,https://stream1.freetv.fun/b2bebbb6d53b62ec21c3dca43f81123f14218a573e3986c8d65755142700cba7.ctv
[VGA]辽宁体育,https://stream1.freetv.fun/6406eb74dfd4fbc64e0ecc404cdfbc0f56834ac5db801b9a8c8fe93f5eb8b135.ctv
[HD]邢台综合,https://stream1.freetv.fun/22a727200d94fded7d5071e1fa312eea44c9131f2597e7bf0e6fafbef44071b9.m3u8
[HD]重庆卫视,https://stream1.freetv.fun/2af0c7392453c9de383e05a4ae3af9a959fb2ed1172733a27f7b5286bd6be067.m3u8
[BD]金川新闻综合,https://stream1.freetv.fun/54dc74bdde0493db704b2611841d45fc1172c229681ee5291c87020a8bfd2442.m3u8
[BD]金鹰卡通,https://stream1.freetv.fun/ed9479fae0bb879ac3e59c7480d35e1c0400c77f234e1c7b01ea2a84c2ec1246.ctv
[BD]金鹰纪实,https://stream1.freetv.fun/6d7cb6559270db6c8738fb96d2f01af56c73d472d820be17b3b7b297da16e555.ctv
[BD]镇江新闻综合,https://stream1.freetv.fun/2e9bb68199517ec5f7e982aae997e9bc37db090142b1ac75a8c10c6afe8ee5d8.m3u8
[HD]长春综合,https://stream1.freetv.fun/c52544bde510c9708eff60c52662cc95a6aabcd7588173792ced3ff019ae1897.m3u8
[BD]长沙政法,https://stream1.freetv.fun/d9ec5f4a49b8cc97a1f4255b10f54117d29d09ee0c80ed13920edf9397c94653.ctv
[BD]长沙新闻,https://stream1.freetv.fun/aaaaba47a81cac70c9f82e33436cad885742f36e5274d1ae2f10e9c63d81bb8b.ctv
[SD]新闻综合,https://stream1.freetv.fun/c7ebbb43f6b9db1a1cbf6610e12815c90a0473c819cdec66e17d5c177384c349.ctv
[BD]陕西卫视,https://stream1.freetv.fun/eb1d7157459fe4c37bbfad23252b85ab628f4e3d14d81aea7b4a014d2658ae41.m3u8
[VGA]陕西体育,https://stream1.freetv.fun/ae12adc316fd81e711db9970b388af776d3db69c710d8b0a458d799ee17f3951.ctv
[BD]云南卫视,https://stream1.freetv.fun/368e59cc43274d4c5380dfd940d1f40ee03a4b9cb5b1648b01c42b47f2516d8b.m3u8
[HD]云南都市,https://stream1.freetv.fun/c7f89783268c13760aff864a0e464360ea9335ac3ef8a5ef52a354d7fd305ef2.m3u8
[SD]电影,https://stream1.freetv.fun/e4d02d393bccc5c2b80d58eb4978c3b32181296b5fc4c92fe04bf88528736633.ctv
[BD]黑龙江卫视,https://stream1.freetv.fun/9d7a745d71fa16ea6b1a0edce79f7b842e59487519e7a76bcef5b0c7a87a3f24.ctv
CCTV世界地理,https://shcm-stream-cf1.stream.264788.xyz/cms001/ch00000090990000001620/index.m3u8?streamid=8a034b40397504e25b3775c772237996&streamkey=01vY5fRxC8VyKg4oq30vfikHXTCAKySLP29l6OG91kQlzDttHgzNLkUw5kivm3PfNsVHJv5FgdsPBYFYI2IWpt7tfRCuFHqLT2pvX67ubMds8jl2DHtvOh0&token=1775754349-4f33f4f84a4abeba-0-91687dc8c9325092efa1d00f330d2710
CCTV央视台球,https://epg.pw/stream/25677ac2e8c1f7c3dd6359c43eb5f0f54efb3f5c11f9dda18d01b3e0308ed017.m3u8
CCTV央视台球,https://epg.pw/stream/ca9c1cd4b97fb824cedd7fedfd0c7a950afdd7f00751cfbb7c2d89831d7746a5.m3u8
CCTV第一剧场,https://epg.pw/stream/6d7bf281e3d739806a73f5373acaa6e01988ec9739f5ac1355ce54b47a928472.m3u8
CGTN,https://0472.org/hls/cgtn.m3u8
CGTN,http://english-livetx.cgtn.com/hls/yypdyyctzb_hd.m3u8
CGTN俄语,http://russian-livews.cgtn.com/hls/LSvexABhNipibK5KRuUkvHZ7220802LSTeze9o8tdFXMHsb1VosgoT220802cd.m3u8
CGTN俄语,https://0472.org/hls/cgtne.m3u8
CGTN法语,https://0472.org/hls/cgtnf.m3u8
CGTN法语,http://espanol-liveali.cgtn.com/hls/LSveOGBaBw41Ea7ukkVAUdKQ220802LSTexu6xAuFH8VZNBLE1ZNEa220802cd.m3u8
CGTN西语,https://0472.org/hls/cgtnx.m3u8
CGTN阿语,https://0472.org/hls/cgtna.m3u8
CCTV4K,http://vip1.xinketongxun.fun:8082/tsfile/live/1026_1.m3u8
中国交通,http://drive.mxmy.net:8888/udp/239.3.1.188:8001
熊猫直播,https://gcwbndali.v.myalicdn.com/gcwbnd/ipanda1000_2/index.m3u8
支持作者,https://vd2.bdstatic.com/mda-sctj0f6r4u1bpebc/1080p/cae_h264/1774706523506678171/mda-sctj0f6r4u1bpebc.mp4
海峡卫视,http://38.64.72.148:80/hls/modn/list/4009/chunklist0.m3u8
上海卫视,http://112.27.235.94:8000/hls/28/index.m3u8
延边卫视,https://srs.iyb983.cn/video/CYS/index.m3u8
延边卫视,https://srs.iyb983.cn:443/video/CYS/index.m3u8
延边卫视,http://l.cztvcloud.com/channels/lantian/SXxinchang2/720p.m3u8#
安多卫视,https://liveout.xntv.tv/a65jur/96iln2.m3u8
上海卫视,http://112.27.235.94:8000/hls/28/index.m3u8
山东教育,https://test1.live.sdetv.com.cn/live/dianshizhibo/playlist.m3u8
人间卫视,https://5ddce30eb4b55.streamlock.net/bltvhd/bltv1/chunklist_w511254805.m3u8
人间卫视,http://61.216.67.119:1935/bltvhd/bltv1/chunklist_w1266569526.m3u
东方卫视4K,https://bp-resource-dfl.bestv.cn/148/3/video.m3u8
苏州4K,https://tylive.kan0512.com/norecord/csztv4k_4k.m3u8
CHC电影,http://183.237.95.108:9901/tsfile/live/1008_1.m3u8?key=txiptv&playlive=0&authid=0
东阳影视生活,http://l.cztvcloud.com/channels/lantian/SXdongyang1/720p.m3u8
人在囧途,https://vip.ffzy-play.com/20221018/1953_2d6ba500/index.m3u8
人在囧途之泰囧,https://vip.ffzy-play.com/20221018/1951_47e1adc8/index.m3u8
人在囧途之港囧,https://vip.ffzy-play7.com/20230112/11082_fde1a94d/index.m3u8
倩女幽魂人间道,http://jsmov2.a.yximgs.com/bs3/video-hls/5250634317044855747_hlsb.m3u8
倩女幽魂妖魔道,http://jsmov2.a.yximgs.com/bs3/video-hls/5232901391302199073_hlsb.m3u8
倩女幽魂道道道,http://jsmov2.a.yximgs.com/bs3/video-hls/5216294367991385255_hlsb.m3u8
冰冰影剧,http://www.goodiptv.club/douyu/74374
刀刀影院,http://www.goodiptv.club/douyu/747764
华语影视,http://www.goodiptv.club/douyu/3928
南宁影视娱乐,http://hls.nntv.cn/nnlive/YSYL_244.m3u8
古装武侠,http://www.goodiptv.club/douyu/2793084
哈尔滨影视,http://stream.hrbtv.net/yspd/sd/live.m3u8?zheild
寒战,https://vip.ffzy-play6.com/20221019/157_bf0740ee/index.m3u8
我不是药神,https://vip.ffzy-play1.com/20221018/478_c3afed66/index.m3u8
拆弹专家1,https://vip.ffzy-online.com/20221015/719_80ff87c2/index.m3u8
拆弹专家2,https://vip.ffzy-online.com/20221015/722_e32c42bc/index.m3u8
橙记港剧,http://www.goodiptv.club/douyu/4549169
浙江教科影视,https://ali-m-l.cztv.com/channels/lantian/channel004/1080p.m3u8
浙江教科影视,http://ali-m-l.cztv.com/channels/lantian/channel04/1080p.m3u8
浙江教科影视,http://ali-vl.cztv.com/channels/lantian/channel004/360p.m3u8
浙江教科影视,http://ali-xwl.cztv.com/live/channel04720Plxw.m3u8
热门港剧,http://www.goodiptv.club/douyu/5522351
电影八点档,http://live.metshop.top/huya/880261?cdn=alicdn
电影刘德华,http://live.metshop.top/huya/11342424?cdn=alicdn
电影功夫片,http://live.metshop.top/huya/11352941?cdn=alicdn
电影周星星,http://live.metshop.top/huya/11336587?cdn=alicdn
电影嫣然影厅,http://live.metshop.top/huya/11601977?cdn=alicdn
电影战争片,http://live.metshop.top/huya/21059574?cdn=alicdn
电影搞笑喜剧,http://live.metshop.top/huya/11342423?cdn=alicdn
电影梁家辉,http://live.metshop.top/huya/11342429?cdn=alicdn
电影蜘蛛侠,http://live.metshop.top/huya/21059599?cdn=alicdn
电影谍战,http://live.metshop.top/huya/21059585?cdn=alicdn
电影谍战片,http://live.metshop.top/huya/21059587?cdn=alicdn
电影贺岁,http://live.metshop.top/huya/11601971?cdn=alicdn
电影高分动作,http://live.metshop.top/huya/11352884?cdn=alicdn
美亚电影,http://zjrtv.vip/live/?tbs=mydy
让子弹飞,https://vip.ffzy-play7.com/20230116/11563_b9f44814/index.m3u8
贝爷求生,http://www.goodiptv.club/douyu/9661369
邵氏影院,http://www.goodiptv.club/douyu/4246519
韩国电影1,https://stream.ads.ottera.tv/playlist.m3u8?network_id=595
韩国电影2,https://stream.ads.ottera.tv/playlist.m3u8?network_id=743
龙门飞甲,http://jsmov2.a.yximgs.com/bs3/video-hls/5203346449046555193_hlsb.m3u8
南国都市,https://tencentplay.gztv.com/live/nanguodushi.m3u8?txSecret=550af55c0ea34ce492748481415b6dfa&txTime=1903e7b17de
四川科教,http://182.150.115.21:8030/pcgacg/pcgacg_0.m3u8
浙江少儿,http://ali-m-l.cztv.com/channels/lantian/channel008/1080p.m3u8
浙江少儿,https://ali-m-l.cztv.com/channels/lantian/channel008/1080p.m3u8?
浙江少儿,https://ali-m-l.cztv.com/channels/lantian/channel008/1080p.m3u8
浙江少儿,http://ali-vl.cztv.com/channels/lantian/channel008/360p.m3u8
七龙珠,https://live.metshop.top/huya/11601966
中华小当家,https://live.metshop.top/huya/11342413
海绵宝宝,https://live.metshop.top/douyu/3949681
福州少儿,http://live.zohi.tv/video/s10001-fztv-4/index.m3u8
韩国EBS少儿,http://ebsonairios.ebs.co.kr/ebsutablet500k/tablet500k/playlist.m3u8
黑龙江少儿,https://ls.qingting.fm/live/4972/64k.m3u8
快乐垂钓,http://drive.mxmy.net:8888/udp/239.3.1.164:8001
七台河新闻综合,http://live.qthnews.org.cn:1935/live/live1/800k/tzwj_video.m3u8
七台河民生社教,http://live.qthnews.org.cn:1935/live/live2/800k/tzwj_video.m3u8
万荣综合,http://60.222.246.220:19433/hls1.m3u8
三明新闻综合,https://ls.qingting.fm/live/5022100/64k.m3u8
三明新闻综合,http://ls.qingting.fm/live/4885.m3u8
上海第一财经,https://satellitepull.cnr.cn/live/wx32dycjgb/playlist.m3u8
上虞文化影院,http://l.cztvcloud.com/channels/lantian/SXshangyu2/720p.m3u8
上虞新商都,http://l.cztvcloud.com/channels/lantian/SXshangyu3/720p.m3u8
上虞新闻综合,http://l.cztvcloud.com/channels/lantian/SXshangyu1/720p.m3u8?zzhed
东丰综合,http://stream3.jlntv.cn:80/aac_dfgb/playlist.m3u8
东莞新闻综合,https://stream.sun0769.com/dgrtv1/mp4tv1_800/index.m3u8
东莞生活资讯,https://stream.sun0769.com/dgrtv1/mp4tv2_800/index.m3u8
中国蓝新闻,http://ali-m-l.cztv.com/channels/lantian/channel009/1080p.m3u8
乐至综合,http://175.155.106.72:89/live1/live1.m3u8?zsicd;http://rmlive.lzxrmtzx.com/live1/live1.m3u8?zsicd
乐至综合,http://175.155.106.72:89/live1/live1.m3u8?zsicd
九台综合,http://stream10.jlntv.cn/jiutaitv/sd/live.m3u8
云南娱乐,https://hwapi.yntv.net/62hdvf/q9vs1b.m3u8
云南都市,https://hwapi.yntv.net/62hdvf/rjwt14.m3u8
云和新闻综合,http://l.cztvcloud.com/channels/lantian/SXyunhe1/720p.m3u8
云和新闻综合,http://l.cztvcloud.com/channels/lantian/SXyunhe1/720p.m3u8?zzhed
云霄综合,https://live.zzyxxw.com:2443/live/xwzh.m3u8
云霄综合,http://live.zzyxxw.com:85/live/xwzh.m3u8
云霄综合,http://live.zzyxxw.com:85/live/xwzh.m3u8?fujian,
云霄综合,http://live.zzyxxw.com:85/live/xwzh.m3u8?fujian
井研综合,http://tvfile.jyrmt.cn/nmip-media/channellive/channel104452/playlist.m3u8
仁寿综合,https://play.scrstv.com.cn/DT/live.m3u8?auth_key=60001724663204-0-0-c1cc4ded9841ac34f63cdbd3aec647ef
任丘综合,https://jwcdnqx.hebyun.com.cn/live/rqtv1/1500k/tzwj_video.m3u8
伊犁哈萨克,http://110.153.180.106:55555/out_3/index.m3u8
伊犁哈萨克,http://110.153.180.106:55555/out_3/index.m3u8?zxinjd
伊犁经济法制,http://110.153.180.106:55555/out_4/index.m3u8
伊犁经济法制,http://110.153.180.106:55555/out_4/index.m3u8?zxinjd
伊犁维吾尔,http://110.153.180.106:55555/out_2/index.m3u8
伊犁维吾尔,http://110.153.180.106:55555/out_2/index.m3u8?zxinjd
余姚姚江文化,https://l.cztvcloud.com/channels/lantian/SXyuyao3/720p.m3u8
余姚姚江文化,http://l.cztvcloud.com/channels/lantian/SXyuyao3/720p.m3u8?zzhed
余姚新闻综合,http://l.cztvcloud.com/channels/lantian/SXyuyao1/720p.m3u8?cWlkPSZzPTg3OWMwYmMyZDMzYTFhZGY3NDQxMjgyYTg1MmUzNTY0JmVzPTE3MDY2Nzc4NzMmdXVpZD0yMjdiY2MzNGNiNGY0MThlYjRiY2IxYzcwNmZjODNkMS02NzQ3NDY2NyZ2PTImYXM9MCZjZG5leF9pZD10eF9waG9uZV9saXZl
余姚新闻综合,http://l.cztvcloud.com/channels/lantian/SXyuyao1/720p.m3u8
余姚综合,https://l.cztvcloud.com/channels/lantian/SXyuyao1/720p.m3u8
余姚综合,http://l.cztvcloud.com/channels/lantian/SXyuyao1/720p.m3u8?
余姚综合,http://l.cztvcloud.com/channels/lantian/SXyuyao1/720p.m3u8?zzhed
余杭未来E,http://l.cztvcloud.com/channels/lantian/SXyuhang3/720p.m3u8
余杭未来E,http://l.cztvcloud.com/channels/lantian/SXyuhang3/720p.m3u8?zzhed
余杭综合,http://l.cztvcloud.com/channels/lantian/SXyuhang1/720p.m3u8
余杭综合,http://l.cztvcloud.com/channels/lantian/SXyuhang1/720p.m3u8?zzhed
六安公共,http://ls.qingting.fm/live/1794199.m3u8
六安新闻综合,http://ls.qingting.fm/live/267.m3u8
兰溪新闻综合,http://l.cztvcloud.com/channels/lantian/SXlanxi1/720p.m3u8
兴隆综合,https://jwcdnqx.hebyun.com.cn/live/xlzh/1500k/tzwj_video.m3u8
兵团五师双河新闻综合,http://liveout.btzx.com.cn/62ds9e/4nxdih.m3u8?fbl=
兵团八师石河子新闻综合,http://124.88.144.73:1935/live/xwzh/playlist.m3u8?zxinjd
剑阁综合,https://m3u8.channel.dzsm.com/nmip-media/channellive/channel105549/playlist.m3u8
北京新闻,https://satellitepull.cnr.cn/live/wxbjxwgb/playlist.m3u8
北京新闻,https://ls.qingting.fm/live/339/64k.m3u8
南京教科,http://nklive.nbs.cn/hls/75b3c462-b831-4de7-a34b-5d3221db2069/index.m3u8
南京新闻综合,http://nklive.nbs.cn/hls/d511bc9d-a694-4453-b3a2-4fc842cc97a1/index.m3u8
南国都市,http://tencentplay.gztv.com/live/nanguodushi.m3u8?txSecret=140110ae3d6c936a77f94c4f4d85b0d3&txTime=18d57929bd4
南宁都市生活,http://615bbf179ba53515dccad7b1da5d1ad9.livehwc3.cn/hls.nntv.cn/nnlive/WLSH_24.m3u8?sub_m3u8=true&edge_slice=true&user_session_id=2598844eaee8a4265e706fc14b3fc11d
双辽综合,http://stream3.jlntv.cn:80/aac_slgb/playlist.m3u8
古县综合,https://l2fpdktp.live.sxmty.com/live/hls/e4c3b363cc4549788e2d983f403e07db/d99ce1eb686e41b9afc888110bd95aa7.m3u8?zshanxd
句容党建,http://jrlive.jrntv.com/live/_definst_/dangjians/playlist.m3u8?%E5%85%B3%E6%B3%A8%E5%BE%AE%E4%BF%A1%E5%85%AC%E4%BC%97%E5%8F%B7[%E6%99%B4%E5%9B%AD]
句容影院,http://jrlive.jrntv.com/live/_definst_/yingshis/chunklist_w1994429382.m3u8?zjiangsd
句容生活,http://jrlive.jrntv.com/live/_definst_/shenghuos/playlist.m3u8?%E5%85%B3%E6%B3%A8%E5%BE%AE%E4%BF%A1%E5%85%AC%E4%BC%97%E5%8F%B7[%E6%99%B4%E5%9B%AD]
可克达拉综合,http://file.loulannews.cn/nmip-media/channellive/channel103824/playlist.m3u8
合肥新闻,http://112.27.235.94:8000/hls/18/index.m3u8
吉林乡村,https://satellitepull.cnr.cn/live/wxjlxcgb/playlist.m3u8
名山综合,https://m3u8channel-bx.yunxya.com/nmip-media/channellive/channel104666/playlist.m3u8
哈尔滨娱乐,https://stream.hrbtv.net/ylpd/sd/live.m3u8
哈尔滨娱乐,http://stream.hrbtv.net/ylpd/sd/live.m3u8?zheild
哈尔滨新闻综合,http://stream.hrbtv.net/xwzh/sd/live.m3u8?zheild
哈尔滨生活,http://stream.hrbtv.net/shpd/sd/live.m3u8?zheild
哈尔滨资讯,http://stream.hrbtv.net/zxpd/sd/live.m3u8
哈尔滨都市咨询,http://stream.hrbtv.net/zxpd/sd/live.m3u8?zheild
嘉兴新闻综合,http://live.zohi.tv/video/s10001-fztv-1/index.m3u8
嘉兴新闻综合,http://tvfile.jyrmt.cn:80/nmip-media/channellive/channel104452/playlist.m3u8
嘉峪关综合,http://play.kankanlive.com/live/1720583434627241.m3u8
固镇新闻,http://www.guzhenm.com:7001/hls/hd-live.m3u8?%E5%85%B3%E6%B3%A8%E5%BE%AE%E4%BF%A1%E5%85%AC%E4%BC%97%E5%8F%B7[%E6%99%B4%E5%9B%AD]
大宁综合,http://live.daningtv.com/aac_dngb/playlist.m3u8
太谷新闻综合,https://p2.vzan.com/slowlive/596867413819827251/live.m3u8?zbid=1725814272&amp;tpid=1516989100&amp;type=0
太谷新闻综合,https://p2.vzan.com/slowlive/596867413819827251/live.m3u8?zbid=1725814272&tpid=1516989100&type=0
夹江新闻综合,http://tvfile.jjrm.org.cn/nmip-media/channellive/channel106282/playlist.m3u8?zsicd
奎屯哈萨克语,http://218.84.12.186:8002/hls/main/playlist.m3u8?zxinjd
安顺新闻,https://ls.qingting.fm/live/5022203/64k.m3u8
定襄综合,http://lbyzztfe.live.sxmty.com/live/hls/645ff4c60e0a49f0a203abbd73dd8be9/0720e665f10f48e98c9639f4f492fb4a-1.m3u8?zshanxd
山东生活,http://ls.qingting.fm/live/60260.m3u8
嵊州新闻综合,http://l.cztvcloud.com/channels/lantian/SXshengzhou1/720p.m3u8?zzhed#http://l.cztvcloud.com/channels/lantian/SXshengzhou1/720p.m3u8
嵊泗综合,http://l.cztvcloud.com/channels/lantian/SXshengsi1/720p.m3u8
嵊泗综合,http://l.cztvcloud.com/channels/lantian/SXshengzhou1/720p.m3u8?zzhed
常熟民生,http://3gvod.zjgonline.com.cn:1935/live/_definst_/shehuishenghuo_app/chunklist.m3u8
平泉综合,https://jwcdnqx.hebyun.com.cn/live/pqzh/1500k/tzwj_video.m3u8
平湖新闻综合,http://l.cztvcloud.com/channels/lantian/SXpinghu1/720p.m3u8?zzhed
平湖民生休闲,http://l.cztvcloud.com/channels/lantian/SXpinghu2/720p.m3u8
平湖民生休闲,http://l.cztvcloud.com/channels/lantian/SXpinghu2/720p.m3u8?zzhed
平遥新闻综合,https://tntgjhjb.live.sxmty.com/live/hls/3a4585ac11ec4e1bb07b419101b370c3/baf63e2b313440c2a25d7859f9b73b05-1.m3u8?zshanxd
广元公共,https://m3u8.channel.dzsm.com/nmip-media/channellive/channel101257/playlist.m3u8
广元综合,https://m3u8.channel.dzsm.com/nmip-media/channellive/channel100999/playlist.m3u8
广安公共,http://live1.gatv.com.cn:85/live/GGPD_ggpdzm.m3u8
广安公共,http://live1.gatv.com.cn:85/live/GGPD.m3u8
广安公共,http://live1.gatv.com.cn:85/live/GGPD_ggpdzm.m3u8?zsicd
广州新闻,http://tencentplay.gztv.com/live/xinwen.m3u8?txSecret=d2c2db0b598c02ec1b5623728434d367&txTime=18d57929bd3
广德生活,https://live.gdtv.ah.cn/live/newsTV.m3u8
广西国际,https://hlscdn.liangtv.cn/live/0234c48e0bc24fe1b41b9999a253e581/1075ee38e04f490690f6a36a16e09c79.m3u8
庆元新闻综合,http://l.cztvcloud.com/channels/lantian/SXqingyuan1/720p.m3u8?fbl=
庆元综合,http://l.cztvcloud.com/channels/lantian/SXqingyuan1/720p.m3u8
庆元综合,http://l.cztvcloud.com/channels/lantian/SXqingyuan1/720p.m3u8?zzhed?
延边2,http://stream5.jlntv.cn/wq/playlist.m3u8
开化国家公园,http://l.cztvcloud.com/channels/lantian/SXkaihua2/720p.m3u8
开化国家公园,http://l.cztvcloud.com/channels/lantian/SXkaihua2/720p.m3u8?zzhed#http://l.cztvcloud.com/channels/lantian/SXkaihua2/720p.m3u8zzhed#http://l.cztvcloud.com/channels/lantian/SXkaihua2/720p.m3u8
开化国家公园,http://l.cztvcloud.com/channels/lantian/SXkaihua2/720p.m3u8?zzhed
开化国家公园,http://l.cztvcloud.com/channels/lantian/SXkaihua2/720p.m3u8zzhed
开化新闻综合,http://l.cztvcloud.com/channels/lantian/SXkaihua1/720p.m3u8?zzhed
张掖新闻综合,https://play.kankanlive.com/live/1720583434627241.m3u8
德惠综合,http://stream11.jlntv.cn/dehuitv/sd/live.m3u8
怀仁综合,https://1yp7hc5p.live.sxmty.com/live/hls/bff8529922344209985b6e49baa9555a/efa2543628fc4a7ea93d3d6c975f77dc-1.m3u8
敦化一套,http://stream8.jlntv.cn/dhtv/playlist.m3u8
数码时代,http://ali-m-l.cztv.com/channels/lantian/channel12/720p.m3u8?zzhed
文成新闻综合,http://l.cztvcloud.com/channels/lantian/SXwencheng1/720p.m3u8
文成综合,http://l.cztvcloud.com/channels/lantian/SXwencheng1/720p.m3u8?zzhed
文成综合,http://l.cztvcloud.com/channels/lantian/SXwencheng1/720p.m3u8?zzhed?
新昌新闻综合,https://l.cztvcloud.com/channels/lantian/SXxinchang1/720p.m3u8
新昌生活,http://l.cztvcloud.com/channels/lantian/SXxinchang2/720p.m3u8
新沂新闻,http://live.xysrmt.cn/xwzh/sd/live.m3u8?zjiangsd"
新沂生活,http://live.xysrmt.cn/shpd/sd/live.m3u8?zjiangsd
新野综合,http://tvpull.dxhmt.cn:9081/tv/11329-1.m3u8
新野综合,http://tvpull.dxhmt.cn:9081/tv/11329-1.m3u8?zhend?
新野综合,http://tvpull.dxhmt.cn:9081/tv/11329-1.m3u8?zhend
新闻综合,https://m3u8channel.yunxya.com/nmip-media/channellive/channel100028/playlist.m3u8
无锡娱乐,https://stream.thmz.com/wxtv2/playlist.m3u8
无锡娱乐,http://stream.thmz.com/wxtv2/sd/live.m3u8?_upt=978cd8731706199708
无锡娱乐,http://stream.thmz.com/wxtv2/sd/live.m3u8?_upt=acffe97a1704940314
无锡娱乐,http://stream.thmz.com/wxtv2/playlist.m3u8?_upt=5ff4061f1706166872
无锡新闻综合,http://stream.thmz.com/wxtv1/sd/live.m3u8
无锡新闻综合,http://stream.thmz.com/wxtv1/playlist.m3u8
无锡新闻综合,http://stream.thmz.com/wxtv1/playlist.m3u8?_upt=156143371706166361
无锡新闻综合,http://stream.thmz.com/wxtv1/sd/live.m3u8?_upt=4ba3ab191698644028
无锡新闻综合,http://stream.thmz.com/wxtv1/sd/live.m3u8?zjiangsd#http://stream.thmz.com/wxtv1/playlist.m3u8?_upt=156143371706166361#http://stream.thmz.com/wxtv1/sd/live.m3u8?_upt=4ba3ab191698644028#http://stream.thmz.com/wxtv1/playlist.m3u8
无锡生活,https://stream.thmz.com/wxtv4/playlist.m3u8
无锡生活,http://stream.thmz.com/wxtv4/playlist.m3u8?_upt=8c51357c1707362770
无锡生活,http://stream.thmz.com/wxtv4/sd/live.m3u8?_upt=978cd8731706199708
无锡经济,https://stream.thmz.com/wxtv5/playlist.m3u8
无锡经济,http://stream.thmz.com/wxtv5/playlist.m3u8
无锡经济,http://stream.thmz.com/wxtv5/playlist.m3u8?_upt=10155d141706166867
无锡经济,http://stream.thmz.com/wxtv5/sd/live.m3u8?zjiangsd
无锡经济,http://stream.thmz.com/wxtv5/sd/live.m3u8?_upt=cfacd5221704890772
无锡都市资讯,http://stream.thmz.com/wxtv3/playlist.m3u8
无锡都市资讯,http://stream.thmz.com/wxtv3/sd/live.m3u8?zjiangsd#http://stream.thmz.com/wxtv3/sd/live.m3u8?_upt=978cd8731706199708#http://stream.thmz.com/wxtv3/playlist.m3u8#http://stream.thmz.com/wxtv3/playlist.m3u8?_upt=1758133b1706166861
无锡都市资讯,http://stream.thmz.com/wxtv3/playlist.m3u8?_upt=1758133b1706166861
无锡都市资讯,http://stream.thmz.com/wxtv3/sd/live.m3u8?_upt=978cd8731706199708
旺苍新闻综合,http://channel.wcrmt.cn:80/nmip-media/channellive/channel105268/playlist.m3u8
旺苍新闻综合,http://live.spccmc.com:90/live/spxwzh.m3u8?%E5%85%B3%E6%B3%A8%E5%BE%AE%E4%BF%A1%E5%85%AC%E4%BC%97%E5%8F%B7[%E6%99%B4%E5%9B%AD]
昌黎综合,https://jwcdnqx.hebyun.com.cn/live/clzhpd/1500k/tzwj_video.m3u8
普陀新闻综合,http://l.cztvcloud.com/channels/lantian/SXputuo1/720p.m3u8
普陀电视台,https://l.cztvcloud.com/channels/lantian/SXputuo1/720p.m3u8
朝天综合,https://m3u8.channel.dzsm.com/nmip-media/channellive/channel104601/playlist.m3u8
来宾综合,http://zb.gxlbamc.com:1935/live/lbzh.stream/playlist.m3u8
松潘新闻综合,http://live.spccmc.com:90/live/spxwzh.m3u8
松潘新闻综合,http://live.spccmc.com:90/live/spxwzh.m3u8?zsicd
松阳综合,http://l.cztvcloud.com/channels/lantian/SXsongyang1/720p.m3u8
松阳综合,http://l.cztvcloud.com/channels/lantian/SXsongyang1/720p.m3u8?zzhed?
柳河综合,http://stream3.jlntv.cn:80/aac_lhgb/sd/live.m3u8
桦甸综合,http://stream9.jlntv.cn:80/aac_huadiangb/playlist.m3u8
梅河口综合,http://stream3.jlntv.cn:80/aac_mhkgb/playlist.m3u8
梨园,https://dxtx.hntv.tv/live/lypd.m3u8?txSecret=10c771842a0be59e8b575d765173ec96&txTime=7B923E0A&wsSecret=41543190cdf375f1c73207222bb96542&wsTime=1769313549
武义新闻综合,http://l.cztvcloud.com/channels/lantian/SXwuyi1/720p.m3u8
武义新闻综合,http://l.cztvcloud.com/channels/lantian/SXwuyi1/720p.m3u8?zzhed
武乡新闻综合,http://uzoiczhh.live.sxmty.com/live/hls/0d41f1480c4042d49927858f01fde707/53130407737b417b9a6259b57246bae3.m3u8?zshanxd
武汉一台新闻综合,https://ls.qingting.fm/live/20198/64k.m3u8
武进新闻,https://live.wjyanghu.com/live/CH1.m3u8
武进生活,http://live.wjyanghu.com/live/CH2.m3u8
永嘉新闻综合,http://l.cztvcloud.com/channels/lantian/SXyongjia1/720p.m3u8
永城综合,http://tvpull.dxhmt.cn:9081/tv/11481-1.m3u8
永昌综合,https://play.kankanlive.com/live/1652755738635915.m3u8
江夏新闻综合,http://59.175.226.142:280/gb28181/xwzh.m3u8?zhubd
汪清综合,http://stream5.jlntv.cn/wq/sd/live.m3u8
汶川新闻综合,http://live.iwcmt.cn:90/live/zhxw.m3u8
汶川新闻综合,http://live.iwcmt.cn:90/live/zhxw.m3u8?zsicd
汶川新闻综合,http://file.ysxtv.cn/cms/videos/nmip-media/channellive/channel4/playlist.m3u8?zsicd#rtmp://tv.mcrm.org.cn:1935/channellive/tv01
汾西综合,https://qmmqvzoz.live.sxmty.com/live/hls/f24f8a390c084386a564074c9260100c/be3fdf07606145739ab2c4b80fe0136a.m3u8?zshanxd
沐川综合,http://file.ysxtv.cn/cms/videos/nmip-media/channellive/channel4/playlist.m3u8?zsicd
河北农民,https://jwcdnqx.hebyun.com.cn/live/clzhpd/1500k/tzwj_video.m3u8?zhebd
河北农民,https://ls.qingting.fm/live/1650/64k.m3u8
河北农民,http://ls.qingting.fm/live/1650.m3u8
河北都市,https://radio.pull.hebtv.com/live/hebnczx.m3u8
河源公共,http://tmpstream.hyrtv.cn/hygg/sd/live.m3u8
河源综合,http://tmpstream.hyrtv.cn/xwzh/sd/live.m3u8
泗洪新闻综合,http://live1.habctv.com/ggpdsl/sd/live.m3u8?zjiangsd#http://live1.habctv.com/ggpdsl/sd/live.m3u8
泸县新闻综合,http://lxfile.lxxcb.cn:80/nmip-media/channellive/channel103799/playlist.m3u8
泸县新闻综合,http://lxfile.lxxcb.cn/nmip-media/channellive/channel103799/playlist.m3u8
泸县新闻综合,https://m3u8channel.ganzitv.com/nmip-media/channellive/channel1/playlist.m3u8
泸县新闻综合,http://lxfile.lxxcb.cn/nmip-media/channellive/channel103799/playlist.m3u8?zsicd
洛阳文旅,http://devlivepull.migucloud.com/live/Q081CD54_C0.flv
洛阳科教,http://devlivepull.migucloud.com/live/A2HVH5BQ_C0.flv
洞头综合,http://l.cztvcloud.com/channels/lantian/SXdongtou1/720p.m3u8
洞头综合,http://l.cztvcloud.com/channels/lantian/SXdongtou1/720p.m3u8?zzhed?
津南一套,http://play.jinnantv.top/live/JNTV1.m3u8?ztianjd
浙江休闲台,http://ali-m-l.cztv.com/channels/lantian/channel006/720p.m3u8
浙江公共新闻,https://ali-m-l.cztv.com/channels/lantian/channel007/1080p.m3u8
浙江公共新闻,http://ali-m-l.cztv.com/channels/lantian/channel07/1080p.m3u8
浙江国际,https://ali-m-l.cztv.com/channels/lantian/channel010/1080p.m3u8
浙江国际,http://ali-m-l.cztv.com/channels/lantian/channel010/1080p.m3u8
浙江国际,http://ali-m-l.cztv.com/channels/lantian/channel010/720p.m3u8
浙江国际,http://ali-vl.cztv.com/channels/lantian/channel010/360p.m3u8
浙江国际,https://ali-m-l.cztv.com/channels/lantian/channel010/1080p.m3u8?
浙江教科,http://ali-m-l.cztv.com/channels/lantian/channel004/1080p.m3u8
浙江教育,http://ali-m-l.cztv.com/channels/lantian/channel04/720p.m3u8
浙江数码时代,http://ali-m-l.cztv.com/channels/lantian/channel12/720p.m3u8
浙江数码时代,https://ali-m-l.cztv.com/channels/lantian/channel012/1080p.m3u8\r\n
浙江新闻,http://ali-m-l.cztv.com/channels/lantian/channel007/720p.m3u8
浙江新闻,http://ali-m-l.cztv.com/channels/lantian/channel07/720p.m3u8
浙江新闻,http://ali-vl.cztv.com/channels/lantian/channel007/360p.m3u8
浙江新闻,https://ali-m-l.cztv.com/channels/lantian/channel007/1080p.m3u8?
浙江民生,http://ali-m-l.cztv.com/channels/lantian/channel06/720p.m3u8
浙江民生,http://ali-m-l.cztv.com/channels/lantian/channel006/1080p.m3u8
浙江民生,http://ali-m-l.cztv.com/channels/lantian/channel06/1080p.m3u8
浙江民生,https://ali-m-l.cztv.com/channels/lantian/channel006/1080p.m3u8?
浙江民生休闲,https://ali-m-l.cztv.com/channels/lantian/channel006/1080p.m3u8
浙江民生休闲,http://ali-vl.cztv.com/channels/lantian/channel006/360p.m3u8
浙江生活,http://ls.qingting.fm/live/1099.m3u8
浙江留学,http://ali-vl.cztv.com/channels/lantian/channel009/360p.m3u8
浙江经济,http://ali-m-l.cztv.com/channels/lantian/channel03/720p.m3u8
浙江经济,http://ali-m-l.cztv.com/channels/lantian/channel003/1080p.m3u8
浙江经济,https://ali-m-l.cztv.com/channels/lantian/channel003/1080p.m3u8?
浙江经济生活,http://l.cztvcloud.com/channels/lantian/SXxiaoshan2/720p.m3u8
浙江经济生活,http://ali-m-l.cztv.com/channels/lantian/channel03/1080p.m3u8#https://ali-m-l.cztv.com/channels/lantian/channel003/1080p.m3u8#http://ali-m-l.cztv.com/channels/lantian/channel003/1080p.m3u8
浙江经济生活,http://ali-m-l.cztv.com/channels/lantian/channel03/1080p.m3u8
浙江经济生活,http://ali-vl.cztv.com/channels/lantian/channel003/360p.m3u8
浙江经视,http://ali-m-l.cztv.com/channels/lantian/channel003/720p.m3u8
浙江经视,https://ali-m-l.cztv.com/channels/lantian/channel003/1080p.m3u8
浙江遂昌,http://l.cztvcloud.com/channels/lantian/SXsuichang1/720p.m3u8
浙江钱江,http://l.cztvcloud.com/channels/lantian/SXyuyao2/720p.m3u8
浙江钱江都市,https://ali-m-l.cztv.com/channels/lantian/channel002/1080p.m3u8
浙江钱江都市,http://ali-xwl.cztv.com/live/channel02720Plxw.m3u8
浙江钱江都市,http://ali-xwl.cztv.com/live/channel021080Plxw.m3u8
浙江钱江频道,http://ali-m-l.cztv.com/channels/lantian/channel02/1080p.m3u8
海南新闻,http://ls.qingting.fm/live/1861.m3u8
海宁新闻综合,https://p2hs.vzan.com/slowlive/317913155078575177/live.m3u8
涟水电视台综合,https://lianshui-tv-hls.cm.jstv.com:443/lianshui-tv/lsxw.m3u8
涟水电视台综合,http://live1.habctv.com/ggpdsl/sd/live.m3u8
涟水电视台综合,http://lianshui-tv-hls.cm.jstv.com/lianshui-tv/lsxw.m3u8?zjiangsd
涟水电视台综合,http://live1.habctv.com/ggpdsl/sd/live.m3u8?zjiangsd
淮安影院娱乐,http://live1.habctv.com/ysylsl/sd/live.m3u8
淮安影院娱乐,http://live1.habctv.com/ysylsl/sd/live.m3u8?zjiangsd
清河经济综艺,https://jwcdnqx.hebyun.com.cn/live/qinghe1/1500k/tzwj_video.m3u8
渭源新闻,http://play.kankanlive.com/live/1720408280309109.m3u8
湖州公共民生,http://hzcm-live.media.hugd.com/1e6b554b9ab74513958c0e1ffe664d22/9acaa7634309494cb29a85eb12136607.m3u8?auth_key=2272900830-9a2389b8bf4e49d580d4ad807423d326-0-ea78a5c7a678c436263582d368f5009e
湖州文化娱乐,http://hzcm-live.media.hugd.com/613c47f0ab0d4eaa98b21378d0db6ded/0051d31c9dd543a7825eea4e49675b2a.m3u8?auth_key=2277598059-0a5ebfa1c0dc4671b42a60810fc37039-0-fa625b7d1feab612062453c12e3c8887
湖州新闻综合,http://hzcm-live.media.hugd.com/3f5fa7d64c7c46a38c6bd8ad35e836cc/65128273761b4731ae53729ea6dcf932.m3u8?auth_key=2277598215-9d21c15111244bea8d298c361d31a72e-0-d031198f58d44b0e91ba2e3f3b188865
滦平新闻,http://jwplay.hebyun.com.cn/live/LPTV001/1500k/tzwj_video.m3u8
滨海新闻综合,http://traffic.jbh.tjbh.com/live/bhtv10/playlist.m3u8
灌阳新闻综合,https://ls.qingting.fm/live/5043/64k.m3u8
烟台公共,http://live.yantaitv.cn/live/e50f104a4ffe4a41b2217cbda534146f/d86092e69df94668b33390278b061700-1.m3u8
烟台新闻综合,http://live.yantaitv.cn/live/3e81a8879da44c5dadf3bd9c10468e1c/9b776d420ee4438199b7657c8eb88f07-1.m3u8
烟台经济科技,http://live.yantaitv.cn/live/27f84144e95a4652ae9e5c211b2a6b55/405f3e33ba384aa0a16014d0becd1261-1.m3u8
玛纳斯综合,http://218.84.127.245:1026/hls/main1/playlist.m3u8?zxinjd,
璧山综合,http://222.179.42.129:8181/hls1.m3u8
甘南县综合,https://stream.hrbtv.net/zxpd/sd/live.m3u8
甘孜综合,http://tv.drs.ganzitv.com:8100/channellive/gztv.flv
甘肃经济,https://satellitepull.cnr.cn/live/wxgshhzs/playlist.m3u8
甘肃都市,https://satellitepull.cnr.cn/live/wxgsdstb/playlist.m3u8
番禺综合,http://video.epaper.pybtv.cn:8080/live/rtmp_live_demo.flv
白银综合,http://play.kankanlive.com/live/1720408089419110.m3u8
白银综合,https://play.kankanlive.com/live/1720408089419110.m3u8
磐石综合,http://stream3.jlntv.cn:80/aac_psgb/sd/live.m3u8
祁门综合,http://zbbf2.ahbztv.com/live/416.m3u8?zanhd
福州生活,http://live.zohi.tv:80/video/s10001-fztv-3/index.m3u8
福建新闻,http://satellitepull.cnr.cn/live/wx32fjxwgb/playlist.m3u8
福建经济,http://satellitepull.cnr.cn/live/wx32fjdnjjgb/playlist.m3u8
秦安综合,https://play.kankanlive.com/live/1659926941626981.m3u8
第一财经,http://satellitepull.cnr.cn/live/wx32dycjgb/playlist.m3u8
第一财经,http://ls.qingting.fm/live/276.m3u8
绍兴公共,http://live.shaoxing.com.cn/video/s10001-sxtv2/index.m3u8
绍兴电视台公共,http://live.shaoxing.com.cn/video/s10001-sxtv2/index.m3u8?%E5%85%B3%E6%B3%A8%E5%BE%AE%E4%BF%A1%E5%85%AC%E4%BC%97%E5%8F%B7[%E6%99%B4%E5%9B%AD]
缙云新闻综合,http://l.cztvcloud.com/channels/lantian/SXjinyun1/720p.m3u8
缙云综合,http://l.cztvcloud.com/channels/lantian/SXjinyun1/720p.m3u8?zzhed
缙云综合,http://l.cztvcloud.com/channels/lantian/SXjinyun1/720p.m3u8?zzhed?
舒兰新闻综合,http://stream8.jlntv.cn/shulan/sd/live.m3u8?_upt=332db6421699196585
苍南新闻综合,https://l.cztvcloud.com/channels/lantian/SXcangnan1/720p.m3u8
苏州文化生活,https://live-auth.51kandianshi.com/szgd/csztv3.m3u8
苏州新闻综合,https://live-auth.51kandianshi.com/szgd/csztv1.m3u8
苏州生活资讯,https://live-auth.51kandianshi.com/szgd/csztv5.m3u8
苏州社会经济,https://live-auth.51kandianshi.com/szgd/csztv2.m3u8
荆门新闻综合,http://stream.jmtv.com.cn/xwzh/sd/live.m3u8
荆门新闻综合,https://stream.jmtv.com.cn/xwzh/playlist.m3u8?_upt=3e28e7271664278691
荥经综合,https://m3u8channel-yj.yunxya.com/nmip-media/channellive/channel101140/playlist.m3u8
荥经综合,http://file.ysxtv.cn/cms/videos/nmip-media/channellive/channel4/playlist.m3u8
荥经综合,https://file.ysxtv.cn/nmip-media/channellive/channel101492/playlist.m3u8
荥阳综合,http://tvpull.dxhmt.cn:9081/tv/10182-1.m3u8
荥阳综合,http://tvpull.dxhmt.cn:9081/tv/10182-1.m3u8?zhend
荥阳综合,http://tvpull.dxhmt.cn:9081/tv/10182-1.m3u8?wsSecret=df15530a0abec41b14bca00fc96270d1&wsTime=1654956569
营山电视台,http://file.ysxtv.cn/cms/videos/nmip-media/channellive/channel4/playlist.m3u8?zsicd#http://file.ysxtv.cn/cms/videos/nmip-media/channellive/channel4/playlist.m3u8
萧山新闻综合,https://l.cztvcloud.com/channels/lantian/SXxiaoshan1/720p.m3u8
萧山生活,https://l.cztvcloud.com/channels/lantian/SXxiaoshan2/720p.m3u8
萧山生活,http://l.cztvcloud.com/channels/lantian/SXxiaoshan2/720p.m3u8?zzhed
萧山生活,http://l.cztvcloud.com/channels/lantian/SXxiaoshan2/720p.m3u8?zzhed?
萧山综合,http://l.cztvcloud.com/channels/lantian/SXxiaoshan1/720p.m3u8
衡水公共,http://ls.qingting.fm/live/2810.m3u8
衡阳新闻综合,https://liveplay-srs.voc.com.cn/hls/tv/183_554704.m3u8
衢江新闻综合,http://l.cztvcloud.com/channels/lantian/SXqujiang1/720p.m3u8?zzhed
西宁新闻综合,https://liveout.xntv.tv/a65jur/96iln2.m3u8?zqinghd
西安新闻,http://112.46.105.20:8009/hls/28/index.m3u8
西安都市,http://112.46.105.20:8009/hls/29/index.m3u8
西峰综合,https://play.kankanlive.com/live/1683944827526991.m3u8
诸暨新闻综合,https://l.cztvcloud.com/channels/lantian/SXzhuji3/720p.m3u8
诸暨新闻综合,http://l.cztvcloud.com/channels/lantian/SXzhuji3/720p.m3u8?zzhed
象山新闻综合,http://l.cztvcloud.com/channels/lantian/SXxiangshan1/720p.m3u8
象山综合,http://play-sh13.quklive.com/live/1702360350551252.m3u8?auth_key=2037107484-800189c57a5a44d3b823b60cf84f6756-0-a6f6828a62d5c167cff5e68735fa0d39
象山综合,http://l.cztvcloud.com/channels/lantian/SXxiangshan1/720p.m3u8?zzhed
辉南新闻综合,http://stream5.jlntv.cn/hn/sd/live.m3u8
辽宁都市,https://ls.qingting.fm/live/1099/64k.m3u8
通化县综合,http://stream3.jlntv.cn:80/aac_thxgb/playlist.m3u8
遂昌综合,http://l.cztvcloud.com/channels/lantian/SXsuichang1/720p.m3u8?zzhed
邢台生活,https://jwcdnqx.hebyun.com.cn/live/xtcsshpd/1500k/tzwj_video.m3u8
邢台综合,https://jwplay.hebyun.com.cn:443/live/xtsrmtzs/1500k/tzwj_video.m3u8
邢台综合,http://jwplay.hebyun.com.cn/live/xtsrmtzs/1500k/tzwj_video.m3u8
邯郸公共频道,https://jwcdnqx.hebyun.com.cn/live/hdgg/1500k/tzwj_video.m3u8
邯郸新闻,https://jwcdnqx.hebyun.com.cn/live/hdxwzh/1500k/tzwj_video.m3u8
邯郸科技教育,https://jwcdnqx.hebyun.com.cn/live/hdkj/1500k/tzwj_video.m3u8
都市剧场,https://satellitepull.cnr.cn/live/wxcqxwgb/playlist.m3u8
金川新闻综合,http://live.jinchuanrmt.com:90/live/zhxw.m3u8?zsicd
铜梁综合,http://183.64.174.171:40123/ch1.m3u8?zzhongqd
铜陵新闻综合,https://ls.qingting.fm/live/21303/64k.m3u8
镇江二套社会民生,http://zjtv-wshls.homecdn.com/live/2aa16.m3u8
镇江新闻综合,http://cm-wshls.homecdn.com/live/2aa50.m3u8
长子综合,https://www.wxhcgbds.com:8081/channelTv/WXTV_1.m3u8?zshanxd
长影频道,http://tpc.x3322.net:9901/tsfile/live/1010_1.m3u8
长沙新闻综合,http://ls.qingting.fm/live/4877.m3u8
长白山电视台,http://stream8.jlntv.cn/cbstv/sd/live.m3u8?zjild
长白朝语,http://hplayer1.juyun.tv:80/camera/11344136.m3u8
陕西公共,http://ls.qingting.fm/live/1222.m3u8
陕西新闻咨询,http://112.46.105.20:8009/hls/18/index.m3u8
陕西秦腔,http://112.46.105.20:8009/hls/22/index.m3u8
陕西都市青春,http://112.46.105.20:8009/hls/19/index.m3u8
陕西银龄,http://112.46.105.20:8009/hls/20/index.m3u8
雅安新闻综合,https://play.yunxya.com/channellive/xinwen.m3u8
青川综合,http://qcfile.qcrmt.com/nmip-media/channellive/channel100933/playlist.m3u8
青田电视台,http://l.cztvcloud.com/channels/lantian/SXqingtian1/720p.m3u8
靖宇综合,http://stream9.jlntv.cn:80/aac_jygb/playlist.m3u8
靖江新闻综合,http://ls.qingting.fm/live/23797.m3u8
黄山公共生活,http://hslive.hsnewsnet.com/lsdream/iY92ady/1000/live.m3u8?zanhd
黄山新闻综合,http://hslive.hsnewsnet.com/lsdream/hve9Wjs/1000/live.m3u8
黄山新闻综合,http://hslive.hsnewsnet.com/lsdream/hve9Wjs/1000/live.m3u8?zanhd
黑龙江文体,https://idclive.hljtv.com:4430/live/hljwy_hd.m3u8
黑龙江新闻,https://ls.qingting.fm/live/4974/64k.m3u8
黑龙江都市,https://idclive.hljtv.com:4430/live/dushi_hd.m3u8
龙井综合,http://stream9.jlntv.cn:80/aac_longjinggb/playlist.m3u8
龙泉新闻综合,http://l.cztvcloud.com/channels/lantian/SXlongquan1/720p.m3u8
龙游新闻综合,https://l.cztvcloud.com/channels/lantian/SXlongyou1/720p.m3u8
龙游新闻综合,http://l.cztvcloud.com/channels/lantian/SXlongyou1/720p.m3u8?zzhed
龙游生活娱乐,https://l.cztvcloud.com/channels/lantian/SXlongyou2/720p.m3u8
龙游生活娱乐,http://l.cztvcloud.com/channels/lantian/SXlongyou2/720p.m3u8?zzhed
CGTN纪录,https://english-livetx.cgtn.com/hls/yypdjlctzb_hd.m3u8
CGTN纪录,https://0472.org/hls/cgtnd.m3u8
航拍中国第二季,http://newcntv.qcloudcdn.com/asp/hls/4000/0303000a/3/default/2bdfdad540b342f592f9817cb7f3b79a/4000.m3u8
东丰,http://stream5.jlntv.cn/df/sd/live.m3u8?zjild
中国村庄,http://newcntv.qcloudcdn.com/asp/hls/4000/0303000a/3/default/93fc12dbf14241c18c23da104fbade23/4000.m3u8
之江纪录,https://ali-m-l.cztv.com/channels/lantian/channel12/720p.m3u8
之江纪录,https://ali-m-l.cztv.com/channels/lantian/channel012/1080p.m3u8
九台,http://stream10.jlntv.cn/jiutaitv/sd/live.m3u8?zjild
人与自然,http://newcntv.qcloudcdn.com/asp/hls/1200/0303000a/3/default/1425e1d505654cb48ba82b807b221193/1200.m3u8
兵团五师双河影,https://liveout.btzx.com.cn/62ds9e/6o77s4.m3u8?zxinjd
双辽,http://stream5.jlntv.cn/sl/sd/live.m3u8?zjild
地理中国,http://newcntv.qcloudcdn.com/asp/hls/1200/0303000a/3/default/c6baf6f74bb944aeacee1065ea72c798/1200.m3u8
奎屯汉语,http://218.84.12.186:8001/hls/main/playlist.m3u8?zxinjd
敦化一套,http://stream8.jlntv.cn/dhtv/playlist.m3u8?zjild
柳河,http://stream5.jlntv.cn/lh/sd/live.m3u8?zjild
桦甸,http://stream10.jlntv.cn/huadian/sd/live.m3u8?zjild
江津新闻,http://222.179.155.21:1935/ch1.m3u8?zzhongqd
汪清,http://stream5.jlntv.cn/wq/sd/live.m3u8?zjild
玛纳斯,http://218.84.127.245:1026/hls/main1/playlist.m3u8?zxinjd
珲春新闻,http://stream8.jlntv.cn/hctv/sd/live.m3u8?zjild
白山公共,http://stream8.jlntv.cn/baishan2/playlist.m3u8?zjild
磐石,http://stream5.jlntv.cn/ps/sd/live.m3u8?zjild
自然传奇,http://newcntv.qcloudcdn.com/asp/hls/1200/0303000a/3/default/81a1ad3a661748bfb8560c92d38204ca/1200.m3u8
舒兰新闻,http://stream8.jlntv.cn/shulan/sd/live.m3u8?zjild
辉南新闻,http://stream5.jlntv.cn/hn/sd/live.m3u8?zjild
通化县,http://stream5.jlntv.cn/thx/sd/live.m3u8?zjild
靖宇,http://stream8.jlntv.cn/jytv/sd/live.m3u8?zjild
飞碟之谜01,https://hls.cntv.lxdns.com/asp/hls/2000/0303000a/3/default/f0a47e155d32450daa1d36a04fd7d262/2000.m3u8
飞碟之谜02,https://newcntv.qcloudcdn.com/asp/hls/2000/0303000a/3/default/d2454bbb542d4613a9db478dab2addfd/2000.m3u8
龙井,http://stream8.jlntv.cn/ljtv/sd/live.m3u8?zjild
精品体育,https://epg.pw/stream/866a097a0907c9832440f8df38272dd555abf05200dfbafcc137e214c9b30ca7.m3u8
精品体育,https://epg.pw/stream/f7556eccd4ae06b0c2991fdc7a4f8388496559f728cc82459a8e50346040e226.m3u8
精品体育,https://epg.pw/stream/94ed0232b61ce8d89883160a4cdfbfc8f3225cae70ef8e17d93eec249a3c8ad6.m3u8
纬来体育,https://epg.pw/stream/4f18dfe0593db5c686eb64ae8edaf2a9202d4d46bdc9bbde2cee27708e12ea01.m3u8
纬来体育,https://epg.pw/stream/8855a9936e37e608a0ec8a014cce1673dee9c5d68d560da376cc92e5edef2b25.m3u8
纬来体育,https://epg.pw/stream/ab6df63b64d0cc44a1f4f029ed847a26fa54a7aebd455578fb05a63f02c22f4b.m3u8
安徽综艺体育,http://112.27.235.94:8000/hls/25/index.m3u8
漫画解说,https://www.goodiptv.club/douyu/5907076
AMC音乐,https://AMChls.wns.live/hls/stream.m3u8
音乐欣赏,http://61.221.215.25:8800/hls/49/index.m3u8
音乐现场,https://satellitepull.cnr.cn/live/wx32nmgyygb/playlist.m3u8
1987年春晚,https://txmov2.a.kwimgs.com/bs3/video-hls/5195746663405928031_hlsb.m3u8
1988年春晚,https://txmov2.a.kwimgs.com/bs3/video-hls/5216575810935394655_hlsb.m3u8
1989年春晚,https://txmov2.a.kwimgs.com/bs3/video-hls/5194620763762726260_hlsb.m3u8
1993年春晚,https://alimov2.a.kwimgs.com/upic/2023/01/13/22/BMjAyMzAxMTMyMjEwMDNfNDAzMDAxOTlfOTM1MTIzMzYwODJfMF8z_b_B647d10e431b4cc5e48e6c77347d69021.mp4
1994年春晚,https://alimov2.a.kwimgs.com/upic/2023/01/13/22/BMjAyMzAxMTMyMjEwMDNfNDAzMDAxOTlfOTM1MTIzMzYxMjNfMF8z_b_B3dde97f36273f04403d4dc5eec611a35.mp4
1995年春晚,https://alimov2.a.kwimgs.com/upic/2023/01/13/20/BMjAyMzAxMTMyMDA5MjJfNDAzMDAxOTlfOTM0OTkwNDQwNzVfMF8z_b_B811c0dec6b9a3d3074a18522c185010a.mp4
1996年春晚,https://alimov2.a.kwimgs.com/upic/2023/01/13/22/BMjAyMzAxMTMyMjEwMDNfNDAzMDAxOTlfOTM1MTIzMzYxNTJfMF8z_b_Bd841eae10ab1c9955ef55fbedfae6c45.mp4
2000年春晚,https://alimov2.a.kwimgs.com/upic/2023/01/13/21/BMjAyMzAxMTMyMTE4MzRfNDAzMDAxOTlfOTM1MDY4ODIxMTNfMF8z_b_Bdddf4e7ef0ff6cfd477857bb40e78419.mp4
2001年春晚,https://alimov2.a.kwimgs.com/upic/2023/01/13/20/BMjAyMzAxMTMyMDA5MjJfNDAzMDAxOTlfOTM0OTkwNDQyMDFfMF8z_b_B70592cb7c4054e9cabb675e849bbf4bd.mp4
2002年春晚,https://alimov2.a.kwimgs.com/upic/2023/01/13/21/BMjAyMzAxMTMyMTE4MzRfNDAzMDAxOTlfOTM1MDY4ODIxNDdfMF8z_b_Ba6271d10b7e6cfae83759033a091f257.mp4
2003年春晚,https://alimov2.a.kwimgs.com/upic/2023/01/14/23/BMjAyMzAxMTQyMzQxNDdfNDAzMDAxOTlfOTM2MTU0MTk1NDFfMF8z_b_B182749d2cd2ea9323639254af385f24b.mp4
2004年春晚,https://alimov2.a.kwimgs.com/upic/2023/01/13/21/BMjAyMzAxMTMyMTE4MzRfNDAzMDAxOTlfOTM1MDY4ODIxOTVfMF8z_b_B86c4430b82ff5a7f4e8132f6ee558536.mp4
2005年春晚,https://alimov2.a.kwimgs.com/upic/2023/01/13/20/BMjAyMzAxMTMyMDA5MjJfNDAzMDAxOTlfOTM0OTkwNDQyMzhfMF8z_b_B35ad7cc86aec8fc9e5ddfb31fc7bed63.mp4
2006年春晚,https://alimov2.a.kwimgs.com/upic/2023/01/13/20/BMjAyMzAxMTMyMDA5MjJfNDAzMDAxOTlfOTM0OTkwNDQyNzlfMF8z_b_Bbc3703fc331dc994c50859c19aad28ff.mp4
2007年春晚,https://alimov2.a.kwimgs.com/upic/2023/01/13/20/BMjAyMzAxMTMyMDA5MjJfNDAzMDAxOTlfOTM0OTkwNDQzMjNfMF8z_b_B00b069c7899976459ceeaa99353dfefe.mp4
2009年春晚,https://alimov2.a.kwimgs.com/upic/2023/01/13/20/BMjAyMzAxMTMyMDA5MjJfNDAzMDAxOTlfOTM0OTkwNDQzOTBfMF8z_b_B29a36a85e0277f6c2a1f033ef7c10708.mp4
2010年春晚,https://alimov2.a.kwimgs.com/upic/2023/01/13/20/BMjAyMzAxMTMyMDA5MjJfNDAzMDAxOTlfOTM0OTkwNDQ0MjlfMF8z_b_B8818807a00eed329a69fb494f405bd43.mp4
2013年春晚,https://alimov2.a.kwimgs.com/upic/2023/01/13/20/BMjAyMzAxMTMyMDA5MjJfNDAzMDAxOTlfOTM0OTkwNDQ1NjNfMF8z_b_B4fea55408dca4471a68a963ae096be59.mp4
2014年春晚,https://alimov2.a.kwimgs.com/upic/2023/01/06/16/BMjAyMzAxMDYxNjMxMTNfNDAzMDAxOTlfOTI4OTY2ODAzNjlfMF8z_b_Bdee65c77f9e7b2120a185c919dad81d2.mp4
2018年春晚,https://alimov2.a.kwimgs.com/upic/2023/01/06/16/BMjAyMzAxMDYxNjMxMTRfNDAzMDAxOTlfOTI4OTY2ODE2MTBfMF8z_b_B11a778e34390a21de42d407e94f45b91.mp4
2024年春晚,https://p2.bdstatic.com/rtmp.liveshow.lss-user.baidubce.com/live/stream_bduid_6488563992_8982723413/merged_1707497046297_88536_25144_41936.m3u8
2025年春晚,https://svip.high24-playback.com/20250129/17159_7bca93c4/2000k/hls/mixed.m3u8
中央电视塔东,https://gcalic.v.myalicdn.com/gc/ztd_1/index.m3u8
中央电视塔南,https://gcalic.v.myalicdn.com/gc/ztn_1/index.m3u8
丽江古城万古楼遥望玉龙雪山,https://gcalic.v.myalicdn.com/gc/ljgcwglytylxs_1/index.m3u8
丽江古城大水车,https://gcalic.v.myalicdn.com/gc/ljgcdsc_1/index.m3u8
丽江古城大研花巷观景,https://gcalic.v.myalicdn.com/gc/ljgcdyhxgjt_1/index.m3u8
乌镇全景,https://gcalic.v.myalicdn.com/gc/zjwzblt_1/index.m3u8
乌镇蓝印花布,https://gcalic.v.myalicdn.com/gc/zjwzlyhb_1/index.m3u8
乌镇西市河,https://gcalic.v.myalicdn.com/gc/zjwzbblh_1/index.m3u8
乌镇龙形田,https://gcalic.v.myalicdn.com/gc/zjwzlxt_1/index.m3u8
乐山大佛全景,https://gcalic.v.myalicdn.com/gc/lsdfgfl_1/index.m3u8
云南丽江冰川,https://gcalic.v.myalicdn.com/gc/hkylxs05_1/index.m3u8
云南丽江印象实景,https://gcalic.v.myalicdn.com/gc/hkylxs01_1/index.m3u8
云南丽江玉龙雪山,https://gcalic.v.myalicdn.com/gc/ylxs11_1/index.m3u8
云南丽江玉龙雪山草甸,https://gcalic.v.myalicdn.com/gc/hkylxs06_1/index.m3u8
云南丽江蓝月谷,https://gcalic.v.myalicdn.com/gc/ylxs12_1/index.m3u8
云南大理崇圣寺三塔中景,https://gcalic.v.myalicdn.com/gc/dlst03_1/index.m3u8
云南大理崇圣寺三塔远景,https://gcalic.v.myalicdn.com/gc/dlst01_1/index.m3u8
云南白沙远眺玉龙雪山,https://gcalic.v.myalicdn.com/gc/hkylxs03_1/index.m3u8
五彩池,https://gcalic.v.myalicdn.com/gc/hlwcc_1/index.m3u8
八里沟风景区天界山玻璃栈道,https://gcalic.v.myalicdn.com/gc/blg03_1/index.m3u8
八里沟风景区桃花湾瀑布,https://gcalic.v.myalicdn.com/gc/blg05_1/index.m3u8
六盘山红军长征景区,https://gcalic.v.myalicdn.com/gc/lpsgmjng01_1/index.m3u8
南京玄武湖公园,https://gcalic.v.myalicdn.com/gc/xwh01_1/index.m3u8
厦门鼓浪屿,https://gcalic.v.myalicdn.com/gc/gly01_1/index.m3u8
四川四姑娘山隆珠措,https://gcalic.v.myalicdn.com/gc/sgns02_1/index.m3u8
四川峨眉山云海日出,https://gcalic.v.myalicdn.com/gc/emsarm_1/index.m3u8
四川峨眉山普贤菩萨铜像,https://gcalic.v.myalicdn.com/gc/emspxps_1/index.m3u8
四川峨眉山远眺万佛顶,https://gcalic.v.myalicdn.com/gc/emswfs_1/index.m3u8
四川峨眉山远眺贡嘎雪山,https://gcalic.v.myalicdn.com/gc/emsyh_1/index.m3u8
天涯石,https://gcalic.v.myalicdn.com/gc/tyhjtys_1/index.m3u8
安徽池州九华山风景区九华山,https://gcalic.v.myalicdn.com/gc/jhs05_1/index.m3u8
安徽黟县芦村远眺,https://gcalic.v.myalicdn.com/gc/yxlcyt_1/index.m3u8
安徽黟县西递牌坊,https://gcalic.v.myalicdn.com/gc/yxxdpf_1/index.m3u8
广西桂林漓江景区,https://gcalic.v.myalicdn.com/gc/gllj01_1/index.m3u8
广西玉林大容山莲花山顶,https://gcalic.v.myalicdn.com/gc/drs01_1/index.m3u8
张掖七彩丹霞,https://gcalic.v.myalicdn.com/gc/zyqcdx01_1/index.m3u8
恒山悬空寺全景,https://gcalic.v.myalicdn.com/gc/hsxksqj_1/index.m3u8
新疆天山,http://gctxyc.liveplay.myqcloud.com/gc/xjtcdhsz_1/index.m3u8
普陀山,https://gcalic.v.myalicdn.com/gc/pts01_1/index.m3u8
月牙泉,https://gcalic.v.myalicdn.com/gc/dhyyqsm_1/index.m3u8
望乡台,https://gcalic.v.myalicdn.com/gc/hlwxt_1/index.m3u8
江苏南京牛首山,https://gcalic.v.myalicdn.com/gc/nss01_1/index.m3u8
江苏徐州云龙湖风景区云龙山观景台西,https://gcalic.v.myalicdn.com/gc/ylh04_1/index.m3u8
泰山主峰,https://gcalic.v.myalicdn.com/gc/taishan01_1/index.m3u8
泰山十八盘,https://gcalic.v.myalicdn.com/gc/taishan05_1/index.m3u8
泰山南天门,https://gcalic.v.myalicdn.com/gc/hkts07_1/index.m3u8
泰山大观峰,https://gcalic.v.myalicdn.com/gc/taishan03_1/index.m3u8
泰山太平岭,https://gcalic.v.myalicdn.com/gc/hkts09_1/index.m3u8
泰山望人松,https://gcalic.v.myalicdn.com/gc/taishan02_1/index.m3u8
泰山玉皇顶,https://gcalic.v.myalicdn.com/gc/taishan06_1/index.m3u8
泰山白云亭悬崖,https://gcalic.v.myalicdn.com/gc/hkts02_1/index.m3u8
泰山碧霞祠,https://gcalic.v.myalicdn.com/gc/hkts03_1/index.m3u8
浙江舟山东极岛,https://gcalic.v.myalicdn.com/gc/djd01_1/index.m3u8
湖南张家界天门山西线玻璃栈道,https://gcalic.v.myalicdn.com/gc/tms05_1/index.m3u8
湖南张家界宝峰湖,https://gcalic.v.myalicdn.com/gc/zjjbfh_1/index.m3u8
湖南张家界御笔峰,https://gcalic.v.myalicdn.com/gc/zjjybf_1/index.m3u8
湖南张家界水绕四门,https://gcalic.v.myalicdn.com/gc/zjjsrsm_1/index.m3u8
狮子山鸟瞰丽江古城,https://gcalic.v.myalicdn.com/gc/ljgcszsnkgc_1/index.m3u8
直播中国,https://gcalic.v.myalicdn.com/gc/wgw05_1/index.m3u8?contentid=2820180516001
直播中国精编直播,https://gcalic.v.myalicdn.com/gc/wgw05_1/index.m3u8
福建武夷山玉女峰,https://gcalic.v.myalicdn.com/gc/wysynf_1/index.m3u8
福建漳州醉美沙滩翡翠湾,https://gcalic.v.myalicdn.com/gc/fcw03_1/index.m3u8
贵州省兴义市万峰林,https://gcalic.v.myalicdn.com/gc/xywfl_1/index.m3u8
都江堰鱼嘴,https://gcalic.v.myalicdn.com/gc/djyqyl1_1/index.m3u8
陕西洋县国宝朱鹮02,https://gcalic.v.myalicdn.com/gc/zh02_1/index.m3u8
雪乡大石碑,https://gcalic.v.myalicdn.com/gc/mdjxxdsb_1/index.m3u8
雪乡梦幻家园,https://gcalic.v.myalicdn.com/gc/mdjxxmhjyxj_1/index.m3u8
青岛崂山八水河,https://gcalic.v.myalicdn.com/gc/qdls02_1/index.m3u8
青岛崂山双福,https://gcalic.v.myalicdn.com/gc/qdls03_1/index.m3u8
鸣沙山,https://gcalic.v.myalicdn.com/gc/dhyyqst_1/index.m3u8
黄山,https://gcalic.v.myalicdn.com/gc/ahhs01_1/index.m3u8
黄山始信新道,https://gcalic.v.myalicdn.com/gc/hsyg_1/index.m3u8
黄山排云亭,https://gcalic.v.myalicdn.com/gc/hspyt_1/index.m3u8
黄山飞来石,https://gcalic.v.myalicdn.com/gc/hsptgy_1/index.m3u8
黄果树六角亭瀑布,https://gcalic.v.myalicdn.com/gc/hgsspzxdpb_1/index.m3u8
黄花城水长城01,https://gcalic.v.myalicdn.com/gc/wgw01_1/index.m3u8
黄花城水长城02,http://gctxyc.liveplay.myqcloud.com/gc/wgw02_1/index.m3u8
黄花城水长城03,https://gcalic.v.myalicdn.com/gc/wgw03_1/index.m3u8
黄龙,https://gcalic.v.myalicdn.com/gc/hlzycc_1/index.m3u8
2026-07-13 12:27:24,https://vd2.bdstatic.com/mda-sctj0f6r4u1bpebc/1080p/cae_h264/1774706523506678171/mda-sctj0f6r4u1bpebc.mp4
www.izbds.com,https://vd2.bdstatic.com/mda-sctj0f6r4u1bpebc/1080p/cae_h264/1774706523506678171/mda-sctj0f6r4u1bpebc.mp4
Cloudflare Tunnel error | m3u.002397.xyz | Cloudflare





 





                Please enable cookies.
            



Error
1033

Ray ID: a1a64c9dbbd84b11 •
2026-07-13 06:40:58 UTC

                        Cloudflare Tunnel error
                    




                            What happened?
                        
You've requested a page on a website (m3u.002397.xyz) that is on the Cloudflare network. The host (m3u.002397.xyz) is configured as a Cloudflare Tunnel,and Cloudflare is currently unable to resolve it.
Cloudflare Tunnel error | m3u.002397.xyz | Cloudflare





 





                Please enable cookies.
            



Error
1033

Ray ID: a1a64ca199def273 •
2026-07-13 06:40:59 UTC

                        Cloudflare Tunnel error
                    




                            What happened?
                        
You've requested a page on a website (m3u.002397.xyz) that is on the Cloudflare network. The host (m3u.002397.xyz) is configured as a Cloudflare Tunnel,and Cloudflare is currently unable to resolve it.
Cloudflare Tunnel error | m3u.002397.xyz | Cloudflare





 





                Please enable cookies.
            



Error
1033

Ray ID: a1a64ca2894706e1 •
2026-07-13 06:40:59 UTC

                        Cloudflare Tunnel error
                    




                            What happened?
                        
You've requested a page on a website (m3u.002397.xyz) that is on the Cloudflare network. The host (m3u.002397.xyz) is configured as a Cloudflare Tunnel,and Cloudflare is currently unable to resolve it.
Cloudflare Tunnel error | m3u.002397.xyz | Cloudflare





 





                Please enable cookies.
            



Error
1033

Ray ID: a1a64ca3bfcc70c5 •
2026-07-13 06:40:59 UTC

                        Cloudflare Tunnel error
                    




                            What happened?
                        
You've requested a page on a website (m3u.002397.xyz) that is on the Cloudflare network. The host (m3u.002397.xyz) is configured as a Cloudflare Tunnel,and Cloudflare is currently unable to resolve it.
Cloudflare Tunnel error | m3u.002397.xyz | Cloudflare





 





                Please enable cookies.
            



Error
1033

Ray ID: a1a64ca3f9ac3496 •
2026-07-13 06:40:59 UTC

                        Cloudflare Tunnel error
                    




                            What happened?
                        
You've requested a page on a website (m3u.002397.xyz) that is on the Cloudflare network. The host (m3u.002397.xyz) is configured as a Cloudflare Tunnel,and Cloudflare is currently unable to resolve it.
Cloudflare Tunnel error | m3u.002397.xyz | Cloudflare





 





                Please enable cookies.
            



Error
1033

Ray ID: a1a64ca44880d6c0 •
2026-07-13 06:40:59 UTC

                        Cloudflare Tunnel error
                    




                            What happened?
                        
You've requested a page on a website (m3u.002397.xyz) that is on the Cloudflare network. The host (m3u.002397.xyz) is configured as a Cloudflare Tunnel,and Cloudflare is currently unable to resolve it.
Cloudflare Tunnel error | m3u.002397.xyz | Cloudflare





 





                Please enable cookies.
            



Error
1033

Ray ID: a1a64ca84e1a2d76 •
2026-07-13 06:41:00 UTC

                        Cloudflare Tunnel error
                    




                            What happened?
                        
You've requested a page on a website (m3u.002397.xyz) that is on the Cloudflare network. The host (m3u.002397.xyz) is configured as a Cloudflare Tunnel,and Cloudflare is currently unable to resolve it.
Cloudflare Tunnel error | m3u.002397.xyz | Cloudflare





 





                Please enable cookies.
            



Error
1033

Ray ID: a1a64ca91dfbdc40 •
2026-07-13 06:41:00 UTC

                        Cloudflare Tunnel error
                    




                            What happened?
                        
You've requested a page on a website (m3u.002397.xyz) that is on the Cloudflare network. The host (m3u.002397.xyz) is configured as a Cloudflare Tunnel,and Cloudflare is currently unable to resolve it.
Cloudflare Tunnel error | m3u.002397.xyz | Cloudflare





 





                Please enable cookies.
            



Error
1033

Ray ID: a1a64caa4e96e600 •
2026-07-13 06:41:00 UTC

                        Cloudflare Tunnel error
                    




                            What happened?
                        
You've requested a page on a website (m3u.002397.xyz) that is on the Cloudflare network. The host (m3u.002397.xyz) is configured as a Cloudflare Tunnel,and Cloudflare is currently unable to resolve it.
Cloudflare Tunnel error | m3u.002397.xyz | Cloudflare





 





                Please enable cookies.
            



Error
1033

Ray ID: a1a64caa9b0dc964 •
2026-07-13 06:41:00 UTC

                        Cloudflare Tunnel error
                    




                            What happened?
                        
You've requested a page on a website (m3u.002397.xyz) that is on the Cloudflare network. The host (m3u.002397.xyz) is configured as a Cloudflare Tunnel,and Cloudflare is currently unable to resolve it.
Cloudflare Tunnel error | m3u.002397.xyz | Cloudflare





 





                Please enable cookies.
            



Error
1033

Ray ID: a1a64caada66d8b4 •
2026-07-13 06:41:00 UTC

                        Cloudflare Tunnel error
                    




                            What happened?
                        
You've requested a page on a website (m3u.002397.xyz) that is on the Cloudflare network. The host (m3u.002397.xyz) is configured as a Cloudflare Tunnel,and Cloudflare is currently unable to resolve it.
